raw_source_row_number,raw_source_sheet_name,parsed_school,parsed_level,parsed_nationality,parsed_applicant_citizenship,actual_target,predicted_probability_awarded,confidence_score,selected_threshold,approve_threshold,reject_threshold,fairness_risk_flag,fairness_risk_reason,recommended_action,action_reason,case_explanation
2365,Export,"Khaled Bin Al Walid, Beirut",Undergraduate,Lebanon,Lebanon Indonesia,1,0.8634394407272339,0.8634394407272339,0.105,0.8,0.05,False,,approve,High-confidence approve recommendation under the calibrated probability policy.,Model-native approximation using global importance fallback: parsed_father_gross_income (0.042); parsed_father_income_document (0.039); parsed_father_annual_income_from_work_status (0.030)
608,Export,"Amjad School, Choueifat",Undergraduate,Lebanon,Lebanon,1,0.8269014954566956,0.8269014954566956,0.105,0.8,0.05,False,,approve,High-confidence approve recommendation under the calibrated probability policy.,Model-native approximation using global importance fallback: parsed_father_gross_income (0.042); parsed_father_income_document (0.039); parsed_father_annual_income_from_work_status (0.030)
2038,Export,"The National Evangelical Institute for Girls and Boys, Saida",Undergraduate,Lebanon,Lebanon,1,0.9475045204162598,0.9475045204162598,0.105,0.8,0.05,False,,approve,High-confidence approve recommendation under the calibrated probability policy.,Model-native approximation using global importance fallback: parsed_father_gross_income (0.042); parsed_father_income_document (0.039); parsed_father_annual_income_from_work_status (0.030)
1287,Export,"National Private School,Oman",Undergraduate,Lebanon,Lebanon,1,0.7523903250694275,0.7523903250694275,0.105,0.8,0.05,False,,review,Manual review required because model confidence is not high enough for auto-routing.,Model-native approximation using global importance fallback: parsed_father_gross_income (0.042); parsed_father_income_document (0.039); parsed_father_annual_income_from_work_status (0.030)
1202,Export,"College des Saints Coeurs Sioufi, Achrafieh",Undergraduate,Lebanon,Lebanon,1,0.8254042863845825,0.8254042863845825,0.105,0.8,0.05,False,,approve,High-confidence approve recommendation under the calibrated probability policy.,Model-native approximation using global importance fallback: parsed_father_gross_income (0.042); parsed_father_income_document (0.039); parsed_father_annual_income_from_work_status (0.030)
2302,Export,"Antonine International School (AIS), Ajaltoun",Undergraduate,United States,United States Lebanon,0,0.7602509260177612,0.7602509260177612,0.105,0.8,0.05,False,,review,Manual review required because model confidence is not high enough for auto-routing.,Model-native approximation using global importance fallback: parsed_father_gross_income (0.042); parsed_father_income_document (0.039); parsed_father_annual_income_from_work_status (0.030)
1647,Export,"Le Lycee National, Choueifat",Undergraduate,Lebanon,Lebanon,0,0.743354082107544,0.743354082107544,0.105,0.8,0.05,False,,review,Manual review required because model confidence is not high enough for auto-routing.,Model-native approximation using global importance fallback: parsed_father_gross_income (0.042); parsed_father_income_document (0.039); parsed_father_annual_income_from_work_status (0.030)
1643,Export,"College Protestant Francais (CPF), Koraytem Beirut",Undergraduate,Lebanon,Lebanon,0,0.03215606510639191,0.9678439348936081,0.105,0.8,0.05,False,,review,Manual review required because the case is too close to the policy threshold.,Model-native approximation using global importance fallback: parsed_father_gross_income (0.042); parsed_father_income_document (0.039); parsed_father_annual_income_from_work_status (0.030)
1322,Export,"Saint Mary's Orthodox College (SMOC), Beirut",Undergraduate,Lebanon,Lebanon,1,0.9029136896133423,0.9029136896133423,0.105,0.8,0.05,False,,approve,High-confidence approve recommendation under the calibrated probability policy.,Model-native approximation using global importance fallback: parsed_father_gross_income (0.042); parsed_father_income_document (0.039); parsed_father_annual_income_from_work_status (0.030)
893,Export,"College Protestant Francais (CPF), Koraytem Beirut",Undergraduate,Canada,Canada Egypt,1,0.9402456283569336,0.9402456283569336,0.105,0.8,0.05,False,,approve,High-confidence approve recommendation under the calibrated probability policy.,Model-native approximation using global importance fallback: parsed_father_gross_income (0.042); parsed_father_income_document (0.039); parsed_father_annual_income_from_work_status (0.030)
2293,Export,,Professional,Lebanon,Lebanon,0,0.3587842285633087,0.6412157714366913,0.105,0.8,0.05,False,,review,Manual review required because model confidence is not high enough for auto-routing.,Model-native approximation using global importance fallback: parsed_father_gross_income (0.042); parsed_father_income_document (0.039); parsed_father_annual_income_from_work_status (0.030)
2790,Export,"Imam Jawad Secondary School, Ali El Nahri",Undergraduate,Lebanon,Lebanon,0,0.0653328225016594,0.9346671774983406,0.105,0.8,0.05,False,,review,Manual review required because the case is too close to the policy threshold.,Model-native approximation using global importance fallback: parsed_father_gross_income (0.042); parsed_father_income_document (0.039); parsed_father_annual_income_from_work_status (0.030)
1664,Export,"Official Secondary School, Choueifat",Undergraduate,Lebanon,Lebanon,1,0.9024470448493958,0.9024470448493958,0.105,0.8,0.05,False,,approve,High-confidence approve recommendation under the calibrated probability policy.,Model-native approximation using global importance fallback: parsed_father_gross_income (0.042); parsed_father_income_document (0.039); parsed_father_annual_income_from_work_status (0.030)
1716,Export,"Amjad School, Choueifat",Undergraduate,Lebanon,Lebanon,1,0.9222258925437927,0.9222258925437927,0.105,0.8,0.05,False,,approve,High-confidence approve recommendation under the calibrated probability policy.,Model-native approximation using global importance fallback: parsed_father_gross_income (0.042); parsed_father_income_document (0.039); parsed_father_annual_income_from_work_status (0.030)
2601,Export,"Eastwood College, Kfarshima",Undergraduate,Lebanon,Lebanon,1,0.9242861866950989,0.9242861866950989,0.105,0.8,0.05,False,,approve,High-confidence approve recommendation under the calibrated probability policy.,Model-native approximation using global importance fallback: parsed_father_gross_income (0.042); parsed_father_income_document (0.039); parsed_father_annual_income_from_work_status (0.030)
73,Export,"Eastwood College, Kfarshima",Undergraduate,Australia,Australia Lebanon,0,0.1376255452632904,0.8623744547367096,0.105,0.8,0.05,False,,review,Manual review required because the case is too close to the policy threshold.,Model-native approximation using global importance fallback: parsed_father_gross_income (0.042); parsed_father_income_document (0.039); parsed_father_annual_income_from_work_status (0.030)
138,Export,"Manar Modern School, Ras Al Maten",Undergraduate,Lebanon,Lebanon United States,1,0.8755789995193481,0.8755789995193481,0.105,0.8,0.05,False,,approve,High-confidence approve recommendation under the calibrated probability policy.,Model-native approximation using global importance fallback: parsed_father_gross_income (0.042); parsed_father_income_document (0.039); parsed_father_annual_income_from_work_status (0.030)
1013,Export,"College Notre Dame de Louaize (NDL), Zouk Mosbeh",Undergraduate,Lebanon,Lebanon,0,0.31448203325271606,0.6855179667472839,0.105,0.8,0.05,False,,review,Manual review required because model confidence is not high enough for auto-routing.,Model-native approximation using global importance fallback: parsed_father_gross_income (0.042); parsed_father_income_document (0.039); parsed_father_annual_income_from_work_status (0.030)
394,Export,,Graduate,Lebanon,Lebanon,1,0.9211018085479736,0.9211018085479736,0.105,0.8,0.05,True,parsed_level=Graduate,review,Manual review required because subgroup fairness safeguards were triggered.,Model-native approximation using global importance fallback: parsed_father_gross_income (0.042); parsed_father_income_document (0.039); parsed_father_annual_income_from_work_status (0.030)
2883,Export,"Lycee Franco Libanais, Nahr Ibrahim",Undergraduate,Lebanon,Lebanon,1,0.87752765417099,0.87752765417099,0.105,0.8,0.05,False,,approve,High-confidence approve recommendation under the calibrated probability policy.,Model-native approximation using global importance fallback: parsed_father_gross_income (0.042); parsed_father_income_document (0.039); parsed_father_annual_income_from_work_status (0.030)
1584,Export,"College Des Freres Mont la Salle (MLS), Ain Saade",Undergraduate,Lebanon,Lebanon,1,0.9088648557662964,0.9088648557662964,0.105,0.8,0.05,False,,approve,High-confidence approve recommendation under the calibrated probability policy.,Model-native approximation using global importance fallback: parsed_father_gross_income (0.042); parsed_father_income_document (0.039); parsed_father_annual_income_from_work_status (0.030)
1811,Export,"Al Iman School, Raml Al Zarif Beirut",Undergraduate,Lebanon,Lebanon,1,0.9232289791107178,0.9232289791107178,0.105,0.8,0.05,False,,approve,High-confidence approve recommendation under the calibrated probability policy.,Model-native approximation using global importance fallback: parsed_father_gross_income (0.042); parsed_father_income_document (0.039); parsed_father_annual_income_from_work_status (0.030)
1148,Export,Abdu Aziz International School,Undergraduate,Lebanon,Lebanon,0,0.07866660505533218,0.9213333949446678,0.105,0.8,0.05,False,,review,Manual review required because the case is too close to the policy threshold.,Model-native approximation using global importance fallback: parsed_father_gross_income (0.042); parsed_father_income_document (0.039); parsed_father_annual_income_from_work_status (0.030)
2582,Export,,Professional,Lebanon,Lebanon,0,0.0173473060131073,0.9826526939868927,0.105,0.8,0.05,False,,review,Manual review required because the case is too close to the policy threshold.,Model-native approximation using global importance fallback: parsed_father_gross_income (0.042); parsed_father_income_document (0.039); parsed_father_annual_income_from_work_status (0.030)
2654,Export,The International School of Choueifat - Koura,Undergraduate,Lebanon,Lebanon,0,0.01611110381782055,0.9838888961821795,0.105,0.8,0.05,False,,review,Manual review required because the case is too close to the policy threshold.,Model-native approximation using global importance fallback: parsed_father_gross_income (0.042); parsed_father_income_document (0.039); parsed_father_annual_income_from_work_status (0.030)
2805,Export,"West Hill College, Kabershmoun",Undergraduate,Lebanon,Lebanon,1,0.9339110851287842,0.9339110851287842,0.105,0.8,0.05,False,,approve,High-confidence approve recommendation under the calibrated probability policy.,Model-native approximation using global importance fallback: parsed_father_gross_income (0.042); parsed_father_income_document (0.039); parsed_father_annual_income_from_work_status (0.030)
1534,Export,,Undergraduate,Lebanon,Lebanon,0,0.831591010093689,0.831591010093689,0.105,0.8,0.05,False,,approve,High-confidence approve recommendation under the calibrated probability policy.,Model-native approximation using global importance fallback: parsed_father_gross_income (0.042); parsed_father_income_document (0.039); parsed_father_annual_income_from_work_status (0.030)
1243,Export,"Official Secondary School, Jeb Jennine",Undergraduate,Lebanon,Lebanon,1,0.9690547585487366,0.9690547585487366,0.105,0.8,0.05,False,,approve,High-confidence approve recommendation under the calibrated probability policy.,Model-native approximation using global importance fallback: parsed_father_gross_income (0.042); parsed_father_income_document (0.039); parsed_father_annual_income_from_work_status (0.030)
2134,Export,"Off.Sec.Sch,Shuwaifat",Undergraduate,Lebanon,Lebanon,1,0.9524236917495728,0.9524236917495728,0.105,0.8,0.05,False,,approve,High-confidence approve recommendation under the calibrated probability policy.,Model-native approximation using global importance fallback: parsed_father_gross_income (0.042); parsed_father_income_document (0.039); parsed_father_annual_income_from_work_status (0.030)
3121,Export,"Le Lycee National, Choueifat",Undergraduate,Lebanon,Lebanon,1,0.9159997701644897,0.9159997701644897,0.105,0.8,0.05,False,,approve,High-confidence approve recommendation under the calibrated probability policy.,Model-native approximation using global importance fallback: parsed_father_gross_income (0.042); parsed_father_income_document (0.039); parsed_father_annual_income_from_work_status (0.030)
1175,Export,,Graduate,Lebanon,France,0,0.19651392102241516,0.8034860789775848,0.105,0.8,0.05,True,parsed_level=Graduate,review,Manual review required because subgroup fairness safeguards were triggered.,Model-native approximation using global importance fallback: parsed_father_gross_income (0.042); parsed_father_income_document (0.039); parsed_father_annual_income_from_work_status (0.030)
2002,Export,"Houssameddine Hariri High School, Saida",Undergraduate,Lebanon,Lebanon,1,0.9364341497421265,0.9364341497421265,0.105,0.8,0.05,False,,approve,High-confidence approve recommendation under the calibrated probability policy.,Model-native approximation using global importance fallback: parsed_father_gross_income (0.042); parsed_father_income_document (0.039); parsed_father_annual_income_from_work_status (0.030)
350,Export,"Collège Notre Dame du Perpétuel Secours, Furn El Chebbak",Undergraduate,Iraq,Iraq,1,0.827749490737915,0.827749490737915,0.105,0.8,0.05,False,,approve,High-confidence approve recommendation under the calibrated probability policy.,Model-native approximation using global importance fallback: parsed_father_gross_income (0.042); parsed_father_income_document (0.039); parsed_father_annual_income_from_work_status (0.030)
2075,Export,The International School of Choueifat - Erbil,Undergraduate,Lebanon,Lebanon,0,0.0842222273349762,0.9157777726650238,0.105,0.8,0.05,False,,review,Manual review required because the case is too close to the policy threshold.,Model-native approximation using global importance fallback: parsed_father_gross_income (0.042); parsed_father_income_document (0.039); parsed_father_annual_income_from_work_status (0.030)
1751,Export,"College Protestant Francais (CPF), Koraytem Beirut",Undergraduate,Lebanon,Lebanon United States,1,0.4382040798664093,0.5617959201335907,0.105,0.8,0.05,False,,review,Manual review required because model confidence is not high enough for auto-routing.,Model-native approximation using global importance fallback: parsed_father_gross_income (0.042); parsed_father_income_document (0.039); parsed_father_annual_income_from_work_status (0.030)
1401,Export,"Amjad School, Choueifat",Undergraduate,Lebanon,Lebanon,1,0.9092640280723572,0.9092640280723572,0.105,0.8,0.05,False,,approve,High-confidence approve recommendation under the calibrated probability policy.,Model-native approximation using global importance fallback: parsed_father_gross_income (0.042); parsed_father_income_document (0.039); parsed_father_annual_income_from_work_status (0.030)
1545,Export,"Al Ishrak Secondary School, Aley",Undergraduate,Lebanon,Lebanon,1,0.9668130874633789,0.9668130874633789,0.105,0.8,0.05,False,,approve,High-confidence approve recommendation under the calibrated probability policy.,Model-native approximation using global importance fallback: parsed_father_gross_income (0.042); parsed_father_income_document (0.039); parsed_father_annual_income_from_work_status (0.030)
1683,Export,"Melankon and Haig Arslanian College, Antelias",Undergraduate,Lebanon,Lebanon,1,0.9243355989456177,0.9243355989456177,0.105,0.8,0.05,False,,approve,High-confidence approve recommendation under the calibrated probability policy.,Model-native approximation using global importance fallback: parsed_father_gross_income (0.042); parsed_father_income_document (0.039); parsed_father_annual_income_from_work_status (0.030)
1397,Export,"Rafic Hariri High School (RHHS), Saida",Undergraduate,Lebanon,Lebanon,1,0.907020092010498,0.907020092010498,0.105,0.8,0.05,False,,approve,High-confidence approve recommendation under the calibrated probability policy.,Model-native approximation using global importance fallback: parsed_father_gross_income (0.042); parsed_father_income_document (0.039); parsed_father_annual_income_from_work_status (0.030)
1390,Export,"Manar Modern School, Ras Al Maten",Undergraduate,Lebanon,Lebanon,0,0.5963374376296997,0.5963374376296997,0.105,0.8,0.05,False,,review,Manual review required because model confidence is not high enough for auto-routing.,Model-native approximation using global importance fallback: parsed_father_gross_income (0.042); parsed_father_income_document (0.039); parsed_father_annual_income_from_work_status (0.030)
2190,Export,,Undergraduate,Lebanon,Lebanon Brazil,0,0.7502698302268982,0.7502698302268982,0.105,0.8,0.05,False,,review,Manual review required because model confidence is not high enough for auto-routing.,Model-native approximation using global importance fallback: parsed_father_gross_income (0.042); parsed_father_income_document (0.039); parsed_father_annual_income_from_work_status (0.030)
2835,Export,"Le Lycee National, Choueifat",Undergraduate,Lebanon,Lebanon,1,0.947481632232666,0.947481632232666,0.105,0.8,0.05,False,,approve,High-confidence approve recommendation under the calibrated probability policy.,Model-native approximation using global importance fallback: parsed_father_gross_income (0.042); parsed_father_income_document (0.039); parsed_father_annual_income_from_work_status (0.030)
2952,Export,"Mission Laique Francaise Lycee Franco Libanais, Habbouch",Undergraduate,Lebanon,Lebanon,0,0.1682882010936737,0.8317117989063263,0.105,0.8,0.05,False,,review,Manual review required because the case is too close to the policy threshold.,Model-native approximation using global importance fallback: parsed_father_gross_income (0.042); parsed_father_income_document (0.039); parsed_father_annual_income_from_work_status (0.030)
1120,Export,"Lycee National Schools Bekaata, Bakaata",Undergraduate,Lebanon,Lebanon,1,0.94232177734375,0.94232177734375,0.105,0.8,0.05,False,,approve,High-confidence approve recommendation under the calibrated probability policy.,Model-native approximation using global importance fallback: parsed_father_gross_income (0.042); parsed_father_income_document (0.039); parsed_father_annual_income_from_work_status (0.030)
767,Export,"Antonine International School (AIS), Ajaltoun",Undergraduate,Lebanon,Lebanon,0,0.6264893412590027,0.6264893412590027,0.105,0.8,0.05,False,,review,Manual review required because model confidence is not high enough for auto-routing.,Model-native approximation using global importance fallback: parsed_father_gross_income (0.042); parsed_father_income_document (0.039); parsed_father_annual_income_from_work_status (0.030)
592,Export,,Undergraduate,Lebanon,Lebanon,1,0.7049360871315002,0.7049360871315002,0.105,0.8,0.05,False,,review,Manual review required because model confidence is not high enough for auto-routing.,Model-native approximation using global importance fallback: parsed_father_gross_income (0.042); parsed_father_income_document (0.039); parsed_father_annual_income_from_work_status (0.030)
2209,Export,"Al Azm School, Tripoli",Undergraduate,Lebanon,Lebanon,0,0.2202102392911911,0.7797897607088089,0.105,0.8,0.05,False,,review,Manual review required because model confidence is not high enough for auto-routing.,Model-native approximation using global importance fallback: parsed_father_gross_income (0.042); parsed_father_income_document (0.039); parsed_father_annual_income_from_work_status (0.030)
1687,Export,"International College (IC), Beirut",Undergraduate,Lebanon,Lebanon,1,0.8832932114601135,0.8832932114601135,0.105,0.8,0.05,False,,approve,High-confidence approve recommendation under the calibrated probability policy.,Model-native approximation using global importance fallback: parsed_father_gross_income (0.042); parsed_father_income_document (0.039); parsed_father_annual_income_from_work_status (0.030)
1259,Export,,Graduate,Lebanon,Lebanon,0,0.2751834988594055,0.7248165011405945,0.105,0.8,0.05,True,parsed_level=Graduate,review,Manual review required because subgroup fairness safeguards were triggered.,Model-native approximation using global importance fallback: parsed_father_gross_income (0.042); parsed_father_income_document (0.039); parsed_father_annual_income_from_work_status (0.030)
776,Export,"Beirut Evangelical School for Boys and Girls (BESBG), Antelias",Undergraduate,Lebanon,Lebanon,1,0.9481331706047058,0.9481331706047058,0.105,0.8,0.05,False,,approve,High-confidence approve recommendation under the calibrated probability policy.,Model-native approximation using global importance fallback: parsed_father_gross_income (0.042); parsed_father_income_document (0.039); parsed_father_annual_income_from_work_status (0.030)
981,Export,"College des Soeurs Antonines Roumieh, Roumieh",Undergraduate,Lebanon,Lebanon,1,0.9229124784469604,0.9229124784469604,0.105,0.8,0.05,False,,approve,High-confidence approve recommendation under the calibrated probability policy.,Model-native approximation using global importance fallback: parsed_father_gross_income (0.042); parsed_father_income_document (0.039); parsed_father_annual_income_from_work_status (0.030)
1479,Export,"College Mariste Champville, Antelias",Undergraduate,Lebanon,Lebanon Canada,0,0.1021980568766594,0.8978019431233406,0.105,0.8,0.05,False,,review,Manual review required because the case is too close to the policy threshold.,Model-native approximation using global importance fallback: parsed_father_gross_income (0.042); parsed_father_income_document (0.039); parsed_father_annual_income_from_work_status (0.030)
2385,Export,,Graduate,Lebanon,,1,0.7734365463256836,0.7734365463256836,0.105,0.8,0.05,True,parsed_level=Graduate,review,Manual review required because subgroup fairness safeguards were triggered.,Model-native approximation using global importance fallback: parsed_father_gross_income (0.042); parsed_father_income_document (0.039); parsed_father_annual_income_from_work_status (0.030)
2158,Export,,Graduate,Lebanon,Lebanon,1,0.923276960849762,0.923276960849762,0.105,0.8,0.05,True,parsed_level=Graduate,review,Manual review required because subgroup fairness safeguards were triggered.,Model-native approximation using global importance fallback: parsed_father_gross_income (0.042); parsed_father_income_document (0.039); parsed_father_annual_income_from_work_status (0.030)
1924,Export,"Doha HighSchool, Dawhet El Hoss",Undergraduate,Palestine,Palestine,0,0.9322493672370911,0.9322493672370911,0.105,0.8,0.05,False,,approve,High-confidence approve recommendation under the calibrated probability policy.,Model-native approximation using global importance fallback: parsed_father_gross_income (0.042); parsed_father_income_document (0.039); parsed_father_annual_income_from_work_status (0.030)
1921,Export,,,Lebanon,Lebanon,0,0.8813690543174744,0.8813690543174744,0.105,0.8,0.05,False,,approve,High-confidence approve recommendation under the calibrated probability policy.,Model-native approximation using global importance fallback: parsed_father_gross_income (0.042); parsed_father_income_document (0.039); parsed_father_annual_income_from_work_status (0.030)
2495,Export,"Beirut Babptist School (BBS), Mouseitbeh",Undergraduate,Lebanon,Lebanon,1,0.9673475623130798,0.9673475623130798,0.105,0.8,0.05,False,,approve,High-confidence approve recommendation under the calibrated probability policy.,Model-native approximation using global importance fallback: parsed_father_gross_income (0.042); parsed_father_income_document (0.039); parsed_father_annual_income_from_work_status (0.030)
2675,Export,,Undergraduate,Lebanon,Lebanon Canada,0,0.21130919456481934,0.7886908054351807,0.105,0.8,0.05,False,,review,Manual review required because model confidence is not high enough for auto-routing.,Model-native approximation using global importance fallback: parsed_father_gross_income (0.042); parsed_father_income_document (0.039); parsed_father_annual_income_from_work_status (0.030)
2464,Export,,Graduate,Lebanon,Lebanon,0,0.7980524897575378,0.7980524897575378,0.105,0.8,0.05,True,parsed_level=Graduate,review,Manual review required because subgroup fairness safeguards were triggered.,Model-native approximation using global importance fallback: parsed_father_gross_income (0.042); parsed_father_income_document (0.039); parsed_father_annual_income_from_work_status (0.030)
1692,Export,"Imam Jawad Secondary School, Ali El Nahri",Undergraduate,Lebanon,Lebanon,1,0.918580949306488,0.918580949306488,0.105,0.8,0.05,False,,approve,High-confidence approve recommendation under the calibrated probability policy.,Model-native approximation using global importance fallback: parsed_father_gross_income (0.042); parsed_father_income_document (0.039); parsed_father_annual_income_from_work_status (0.030)
21,Export,"College des Saints Coeurs Sioufi, Achrafieh",Undergraduate,Lebanon,Lebanon,1,0.6292377710342407,0.6292377710342407,0.105,0.8,0.05,False,,review,Manual review required because model confidence is not high enough for auto-routing.,Model-native approximation using global importance fallback: parsed_father_gross_income (0.042); parsed_father_income_document (0.039); parsed_father_annual_income_from_work_status (0.030)
1956,Export,"Beit Jala Secondary School, Siblin",Undergraduate,Palestine,Palestine,1,0.9210821986198425,0.9210821986198425,0.105,0.8,0.05,False,,approve,High-confidence approve recommendation under the calibrated probability policy.,Model-native approximation using global importance fallback: parsed_father_gross_income (0.042); parsed_father_income_document (0.039); parsed_father_annual_income_from_work_status (0.030)
1607,Export,"Hariri School III, Tareek Al Jadeeda",Undergraduate,Lebanon,Lebanon,1,0.9381130933761597,0.9381130933761597,0.105,0.8,0.05,False,,approve,High-confidence approve recommendation under the calibrated probability policy.,Model-native approximation using global importance fallback: parsed_father_gross_income (0.042); parsed_father_income_document (0.039); parsed_father_annual_income_from_work_status (0.030)
3110,Export,"Antonine International School (AIS), Ajaltoun",Undergraduate,Syria,Syria,1,0.9094419479370117,0.9094419479370117,0.105,0.8,0.05,False,,approve,High-confidence approve recommendation under the calibrated probability policy.,Model-native approximation using global importance fallback: parsed_father_gross_income (0.042); parsed_father_income_document (0.039); parsed_father_annual_income_from_work_status (0.030)
1376,Export,"Beirut Annuciation Orthodox College (BAC), Achrafieh",Undergraduate,Lebanon,Lebanon,0,0.5296361446380615,0.5296361446380615,0.105,0.8,0.05,False,,review,Manual review required because model confidence is not high enough for auto-routing.,Model-native approximation using global importance fallback: parsed_father_gross_income (0.042); parsed_father_income_document (0.039); parsed_father_annual_income_from_work_status (0.030)
2295,Export,"Khaled Bin Al Walid, Beirut",Undergraduate,Lebanon,Lebanon,0,0.7509425282478333,0.7509425282478333,0.105,0.8,0.05,False,,review,Manual review required because model confidence is not high enough for auto-routing.,Model-native approximation using global importance fallback: parsed_father_gross_income (0.042); parsed_father_income_document (0.039); parsed_father_annual_income_from_work_status (0.030)
2350,Export,"Sagesse Saint Jean Brasilia, Baabda",Undergraduate,Lebanon,Lebanon,1,0.8904643654823303,0.8904643654823303,0.105,0.8,0.05,False,,approve,High-confidence approve recommendation under the calibrated probability policy.,Model-native approximation using global importance fallback: parsed_father_gross_income (0.042); parsed_father_income_document (0.039); parsed_father_annual_income_from_work_status (0.030)
1905,Export,"Saint Joseph School Cornet Shehwan, Cornet Chahwan",Undergraduate,Lebanon,Lebanon,1,0.8481133580207825,0.8481133580207825,0.105,0.8,0.05,False,,approve,High-confidence approve recommendation under the calibrated probability policy.,Model-native approximation using global importance fallback: parsed_father_gross_income (0.042); parsed_father_income_document (0.039); parsed_father_annual_income_from_work_status (0.030)
1709,Export,,Graduate,Lebanon,Lebanon Lebanon,1,0.8471513390541077,0.8471513390541077,0.105,0.8,0.05,True,parsed_level=Graduate,review,Manual review required because subgroup fairness safeguards were triggered.,Model-native approximation using global importance fallback: parsed_father_gross_income (0.042); parsed_father_income_document (0.039); parsed_father_annual_income_from_work_status (0.030)
1491,Export,"Rafic Hariri High School (RHHS), Saida",Undergraduate,Lebanon,Lebanon,0,0.7368287444114685,0.7368287444114685,0.105,0.8,0.05,False,,review,Manual review required because model confidence is not high enough for auto-routing.,Model-native approximation using global importance fallback: parsed_father_gross_income (0.042); parsed_father_income_document (0.039); parsed_father_annual_income_from_work_status (0.030)
1759,Export,Collège Saint Joseph Antoura,Undergraduate,Lebanon,Lebanon,0,0.06366457790136337,0.9363354220986366,0.105,0.8,0.05,False,,review,Manual review required because the case is too close to the policy threshold.,Model-native approximation using global importance fallback: parsed_father_gross_income (0.042); parsed_father_income_document (0.039); parsed_father_annual_income_from_work_status (0.030)
460,Export,"College Des Filles De La Charite Dar Em Nour, Koura",Undergraduate,Lebanon,Lebanon,1,0.9194117784500122,0.9194117784500122,0.105,0.8,0.05,False,,approve,High-confidence approve recommendation under the calibrated probability policy.,Model-native approximation using global importance fallback: parsed_father_gross_income (0.042); parsed_father_income_document (0.039); parsed_father_annual_income_from_work_status (0.030)
2758,Export,"Al Mustafa High Schools, Nabatieh",Undergraduate,Lebanon,Lebanon,1,0.887472927570343,0.887472927570343,0.105,0.8,0.05,False,,approve,High-confidence approve recommendation under the calibrated probability policy.,Model-native approximation using global importance fallback: parsed_father_gross_income (0.042); parsed_father_income_document (0.039); parsed_father_annual_income_from_work_status (0.030)
2463,Export,"College Melkart, Louaize",Undergraduate,Lebanon,Lebanon,1,0.4481283724308014,0.5518716275691986,0.105,0.8,0.05,False,,review,Manual review required because model confidence is not high enough for auto-routing.,Model-native approximation using global importance fallback: parsed_father_gross_income (0.042); parsed_father_income_document (0.039); parsed_father_annual_income_from_work_status (0.030)
827,Export,,Undergraduate,Lebanon,Lebanon Canada,0,0.1540425568819046,0.8459574431180954,0.105,0.8,0.05,False,,review,Manual review required because the case is too close to the policy threshold.,Model-native approximation using global importance fallback: parsed_father_gross_income (0.042); parsed_father_income_document (0.039); parsed_father_annual_income_from_work_status (0.030)
373,Export,"Saints Coeurs Ain Najm, Ain Saadeh",Undergraduate,Lebanon,Lebanon,0,0.06406156718730927,0.9359384328126907,0.105,0.8,0.05,False,,review,Manual review required because the case is too close to the policy threshold.,Model-native approximation using global importance fallback: parsed_father_gross_income (0.042); parsed_father_income_document (0.039); parsed_father_annual_income_from_work_status (0.030)
155,Export,"Amjad School, Choueifat",Undergraduate,Lebanon,Lebanon,1,0.8634700179100037,0.8634700179100037,0.105,0.8,0.05,False,,approve,High-confidence approve recommendation under the calibrated probability policy.,Model-native approximation using global importance fallback: parsed_father_gross_income (0.042); parsed_father_income_document (0.039); parsed_father_annual_income_from_work_status (0.030)
424,Export,"Ecole Des Peres Antonin, Baabda",Undergraduate,Lebanon,Lebanon,0,0.03087795339524746,0.9691220466047525,0.105,0.8,0.05,False,,review,Manual review required because the case is too close to the policy threshold.,Model-native approximation using global importance fallback: parsed_father_gross_income (0.042); parsed_father_income_document (0.039); parsed_father_annual_income_from_work_status (0.030)
1807,Export,College Des Saints Coeur Kfarhbab,Undergraduate,United States,United States Lebanon,1,0.8162749409675598,0.8162749409675598,0.105,0.8,0.05,False,,approve,High-confidence approve recommendation under the calibrated probability policy.,Model-native approximation using global importance fallback: parsed_father_gross_income (0.042); parsed_father_income_document (0.039); parsed_father_annual_income_from_work_status (0.030)
1558,Export,"Al Jarmak Secondary School UNRWA, Saadnayel",Undergraduate,Palestine,Palestine,1,0.8554267287254333,0.8554267287254333,0.105,0.8,0.05,False,,approve,High-confidence approve recommendation under the calibrated probability policy.,Model-native approximation using global importance fallback: parsed_father_gross_income (0.042); parsed_father_income_document (0.039); parsed_father_annual_income_from_work_status (0.030)
1463,Export,"Le Lycee National, Choueifat",Undergraduate,Lebanon,Lebanon,0,0.019337333738803864,0.9806626662611961,0.105,0.8,0.05,False,,review,Manual review required because the case is too close to the policy threshold.,Model-native approximation using global importance fallback: parsed_father_gross_income (0.042); parsed_father_income_document (0.039); parsed_father_annual_income_from_work_status (0.030)
2974,Export,,Undergraduate,Lebanon,Lebanon,1,0.8526959419250488,0.8526959419250488,0.105,0.8,0.05,False,,approve,High-confidence approve recommendation under the calibrated probability policy.,Model-native approximation using global importance fallback: parsed_father_gross_income (0.042); parsed_father_income_document (0.039); parsed_father_annual_income_from_work_status (0.030)
11,Export,"Beirut Babptist School (BBS), Mouseitbeh",Undergraduate,Lebanon,Lebanon,1,0.8681650757789612,0.8681650757789612,0.105,0.8,0.05,False,,approve,High-confidence approve recommendation under the calibrated probability policy.,Model-native approximation using global importance fallback: parsed_father_gross_income (0.042); parsed_father_income_document (0.039); parsed_father_annual_income_from_work_status (0.030)
2253,Export,,Professional,Lebanon,Lebanon,1,0.981185257434845,0.981185257434845,0.105,0.8,0.05,False,,approve,High-confidence approve recommendation under the calibrated probability policy.,Model-native approximation using global importance fallback: parsed_father_gross_income (0.042); parsed_father_income_document (0.039); parsed_father_annual_income_from_work_status (0.030)
2906,Export,,Professional,Lebanon,United Kingdom,1,0.3598982095718384,0.6401017904281616,0.105,0.8,0.05,False,,review,Manual review required because model confidence is not high enough for auto-routing.,Model-native approximation using global importance fallback: parsed_father_gross_income (0.042); parsed_father_income_document (0.039); parsed_father_annual_income_from_work_status (0.030)
1290,Export,"College De La Saint Famille Fanar, Fanar",Undergraduate,Lebanon,Lebanon,1,0.8650724291801453,0.8650724291801453,0.105,0.8,0.05,False,,approve,High-confidence approve recommendation under the calibrated probability policy.,Model-native approximation using global importance fallback: parsed_father_gross_income (0.042); parsed_father_income_document (0.039); parsed_father_annual_income_from_work_status (0.030)
1366,Export,,Graduate,Lebanon,United States Lebanon,1,0.7299503087997437,0.7299503087997437,0.105,0.8,0.05,True,parsed_level=Graduate,review,Manual review required because subgroup fairness safeguards were triggered.,Model-native approximation using global importance fallback: parsed_father_gross_income (0.042); parsed_father_income_document (0.039); parsed_father_annual_income_from_work_status (0.030)
1331,Export,,Professional,Lebanon,Lebanon United States,0,0.5010173320770264,0.5010173320770264,0.105,0.8,0.05,False,,review,Manual review required because model confidence is not high enough for auto-routing.,Model-native approximation using global importance fallback: parsed_father_gross_income (0.042); parsed_father_income_document (0.039); parsed_father_annual_income_from_work_status (0.030)
532,Export,"Al Azm School, Tripoli",Undergraduate,Lebanon,Lebanon,1,0.9570625424385071,0.9570625424385071,0.105,0.8,0.05,False,,approve,High-confidence approve recommendation under the calibrated probability policy.,Model-native approximation using global importance fallback: parsed_father_gross_income (0.042); parsed_father_income_document (0.039); parsed_father_annual_income_from_work_status (0.030)
194,Export,"Houssameddine Hariri High School, Saida",Undergraduate,Lebanon,Lebanon,1,0.945267379283905,0.945267379283905,0.105,0.8,0.05,False,,approve,High-confidence approve recommendation under the calibrated probability policy.,Model-native approximation using global importance fallback: parsed_father_gross_income (0.042); parsed_father_income_document (0.039); parsed_father_annual_income_from_work_status (0.030)
1669,Export,"Al Bachaer Secondary school, Baalbek",Undergraduate,Lebanon,Lebanon,1,0.9272754788398743,0.9272754788398743,0.105,0.8,0.05,False,,approve,High-confidence approve recommendation under the calibrated probability policy.,Model-native approximation using global importance fallback: parsed_father_gross_income (0.042); parsed_father_income_document (0.039); parsed_father_annual_income_from_work_status (0.030)
2817,Export,"Lycee National Schools Bekaata, Bakaata",Undergraduate,Lebanon,Lebanon,0,0.47244325280189514,0.5275567471981049,0.105,0.8,0.05,False,,review,Manual review required because model confidence is not high enough for auto-routing.,Model-native approximation using global importance fallback: parsed_father_gross_income (0.042); parsed_father_income_document (0.039); parsed_father_annual_income_from_work_status (0.030)
1674,Export,"Amjad School, Choueifat",Undergraduate,Lebanon,Lebanon,0,0.026215776801109314,0.9737842231988907,0.105,0.8,0.05,False,,review,Manual review required because the case is too close to the policy threshold.,Model-native approximation using global importance fallback: parsed_father_gross_income (0.042); parsed_father_income_document (0.039); parsed_father_annual_income_from_work_status (0.030)
2198,Export,,Undergraduate,Lebanon,Lebanon United States,0,0.03734659031033516,0.9626534096896648,0.105,0.8,0.05,False,,review,Manual review required because the case is too close to the policy threshold.,Model-native approximation using global importance fallback: parsed_father_gross_income (0.042); parsed_father_income_document (0.039); parsed_father_annual_income_from_work_status (0.030)
2204,Export,"Modern Community School, Chiyah",Undergraduate,Lebanon,Lebanon United States,1,0.9482228755950928,0.9482228755950928,0.105,0.8,0.05,False,,approve,High-confidence approve recommendation under the calibrated probability policy.,Model-native approximation using global importance fallback: parsed_father_gross_income (0.042); parsed_father_income_document (0.039); parsed_father_annual_income_from_work_status (0.030)
2735,Export,"College Notre Dame de Nazareth (NDN), Achrafieh",Undergraduate,Lebanon,Lebanon,1,0.9415303468704224,0.9415303468704224,0.105,0.8,0.05,False,,approve,High-confidence approve recommendation under the calibrated probability policy.,Model-native approximation using global importance fallback: parsed_father_gross_income (0.042); parsed_father_income_document (0.039); parsed_father_annual_income_from_work_status (0.030)
634,Export,"Greenfield College, Bir Hassan",Undergraduate,Lebanon,Lebanon,0,0.8084144592285156,0.8084144592285156,0.105,0.8,0.05,False,,approve,High-confidence approve recommendation under the calibrated probability policy.,Model-native approximation using global importance fallback: parsed_father_gross_income (0.042); parsed_father_income_document (0.039); parsed_father_annual_income_from_work_status (0.030)
348,Export,"Beirut Evangelical School for Boys and Girls (BESBG), Antelias",Undergraduate,Lebanon,Lebanon,1,0.8053280711174011,0.8053280711174011,0.105,0.8,0.05,False,,approve,High-confidence approve recommendation under the calibrated probability policy.,Model-native approximation using global importance fallback: parsed_father_gross_income (0.042); parsed_father_income_document (0.039); parsed_father_annual_income_from_work_status (0.030)
1474,Export,"Notre Dame de Machmouche, Jezzine",Undergraduate,Lebanon,Lebanon,1,0.9749231338500977,0.9749231338500977,0.105,0.8,0.05,False,,approve,High-confidence approve recommendation under the calibrated probability policy.,Model-native approximation using global importance fallback: parsed_father_gross_income (0.042); parsed_father_income_document (0.039); parsed_father_annual_income_from_work_status (0.030)
1657,Export,"Al Azm School, Tripoli",Undergraduate,Lebanon,Lebanon,1,0.7460116147994995,0.7460116147994995,0.105,0.8,0.05,False,,review,Manual review required because model confidence is not high enough for auto-routing.,Model-native approximation using global importance fallback: parsed_father_gross_income (0.042); parsed_father_income_document (0.039); parsed_father_annual_income_from_work_status (0.030)
2199,Export,"Khadija El Kobra Collage Makassed, Aicha Bakkar",Undergraduate,Lebanon,Lebanon,1,0.9418341517448425,0.9418341517448425,0.105,0.8,0.05,False,,approve,High-confidence approve recommendation under the calibrated probability policy.,Model-native approximation using global importance fallback: parsed_father_gross_income (0.042); parsed_father_income_document (0.039); parsed_father_annual_income_from_work_status (0.030)
2520,Export,"Brummana High School (BHS), Brummana",Undergraduate,Lebanon,Lebanon,1,0.7808259129524231,0.7808259129524231,0.105,0.8,0.05,False,,review,Manual review required because model confidence is not high enough for auto-routing.,Model-native approximation using global importance fallback: parsed_father_gross_income (0.042); parsed_father_income_document (0.039); parsed_father_annual_income_from_work_status (0.030)
1200,Export,"Hariri High School II, Beirut",Undergraduate,Lebanon,Lebanon,1,0.928621232509613,0.928621232509613,0.105,0.8,0.05,False,,approve,High-confidence approve recommendation under the calibrated probability policy.,Model-native approximation using global importance fallback: parsed_father_gross_income (0.042); parsed_father_income_document (0.039); parsed_father_annual_income_from_work_status (0.030)
2009,Export,"Saint Mary's Orthodox College (SMOC), Beirut",Undergraduate,Lebanon,Lebanon,1,0.8726645112037659,0.8726645112037659,0.105,0.8,0.05,False,,approve,High-confidence approve recommendation under the calibrated probability policy.,Model-native approximation using global importance fallback: parsed_father_gross_income (0.042); parsed_father_income_document (0.039); parsed_father_annual_income_from_work_status (0.030)
1199,Export,"College des Soeurs du Rosaire, Mansourieh",Undergraduate,Lebanon,Lebanon,1,0.8140583038330078,0.8140583038330078,0.105,0.8,0.05,False,,approve,High-confidence approve recommendation under the calibrated probability policy.,Model-native approximation using global importance fallback: parsed_father_gross_income (0.042); parsed_father_income_document (0.039); parsed_father_annual_income_from_work_status (0.030)
262,Export,Najd National Schools,Undergraduate,Lebanon,Lebanon,1,0.8481256365776062,0.8481256365776062,0.105,0.8,0.05,False,,approve,High-confidence approve recommendation under the calibrated probability policy.,Model-native approximation using global importance fallback: parsed_father_gross_income (0.042); parsed_father_income_document (0.039); parsed_father_annual_income_from_work_status (0.030)
3049,Export,"College Mariste Champville, Antelias",Undergraduate,Lebanon,Lebanon,0,0.6367968916893005,0.6367968916893005,0.105,0.8,0.05,False,,review,Manual review required because model confidence is not high enough for auto-routing.,Model-native approximation using global importance fallback: parsed_father_gross_income (0.042); parsed_father_income_document (0.039); parsed_father_annual_income_from_work_status (0.030)
103,Export,"College Mariste Champville, Antelias",Undergraduate,Lebanon,Lebanon,0,0.1725248098373413,0.8274751901626587,0.105,0.8,0.05,False,,review,Manual review required because the case is too close to the policy threshold.,Model-native approximation using global importance fallback: parsed_father_gross_income (0.042); parsed_father_income_document (0.039); parsed_father_annual_income_from_work_status (0.030)
1196,Export,"Tripoli Evangelical School for Girls and Boys, Rasmaska",Undergraduate,Lebanon,Lebanon,1,0.4490278959274292,0.5509721040725708,0.105,0.8,0.05,False,,review,Manual review required because model confidence is not high enough for auto-routing.,Model-native approximation using global importance fallback: parsed_father_gross_income (0.042); parsed_father_income_document (0.039); parsed_father_annual_income_from_work_status (0.030)
2595,Export,"College Protestant Francais (CPF), Koraytem Beirut",Undergraduate,Lebanon,Lebanon,0,0.8465079665184021,0.8465079665184021,0.105,0.8,0.05,False,,approve,High-confidence approve recommendation under the calibrated probability policy.,Model-native approximation using global importance fallback: parsed_father_gross_income (0.042); parsed_father_income_document (0.039); parsed_father_annual_income_from_work_status (0.030)
1773,Export,"LWIS City International School DT Beirut, Beirut",Undergraduate,Lebanon,Lebanon,1,0.8510547876358032,0.8510547876358032,0.105,0.8,0.05,False,,approve,High-confidence approve recommendation under the calibrated probability policy.,Model-native approximation using global importance fallback: parsed_father_gross_income (0.042); parsed_father_income_document (0.039); parsed_father_annual_income_from_work_status (0.030)
782,Export,"Ahliah School, Wadi Abou Jamil",Undergraduate,Lebanon,Lebanon,1,0.8995716571807861,0.8995716571807861,0.105,0.8,0.05,False,,approve,High-confidence approve recommendation under the calibrated probability policy.,Model-native approximation using global importance fallback: parsed_father_gross_income (0.042); parsed_father_income_document (0.039); parsed_father_annual_income_from_work_status (0.030)
1666,Export,"Rafic Hariri High School (RHHS), Saida",Undergraduate,Lebanon,Lebanon,1,0.6771019697189331,0.6771019697189331,0.105,0.8,0.05,False,,review,Manual review required because model confidence is not high enough for auto-routing.,Model-native approximation using global importance fallback: parsed_father_gross_income (0.042); parsed_father_income_document (0.039); parsed_father_annual_income_from_work_status (0.030)
187,Export,"Brummana High School (BHS), Brummana",Undergraduate,Canada,Canada Lebanon,0,0.27827396988868713,0.7217260301113129,0.105,0.8,0.05,False,,review,Manual review required because model confidence is not high enough for auto-routing.,Model-native approximation using global importance fallback: parsed_father_gross_income (0.042); parsed_father_income_document (0.039); parsed_father_annual_income_from_work_status (0.030)
2332,Export,"Sagesse Saint Jean Brasilia, Baabda",Undergraduate,Lebanon,Lebanon,1,0.9233298897743225,0.9233298897743225,0.105,0.8,0.05,False,,approve,High-confidence approve recommendation under the calibrated probability policy.,Model-native approximation using global importance fallback: parsed_father_gross_income (0.042); parsed_father_income_document (0.039); parsed_father_annual_income_from_work_status (0.030)
1365,Export,"LWIS City International School DT Beirut, Beirut",Undergraduate,Lebanon,Lebanon,1,0.9219580888748169,0.9219580888748169,0.105,0.8,0.05,False,,approve,High-confidence approve recommendation under the calibrated probability policy.,Model-native approximation using global importance fallback: parsed_father_gross_income (0.042); parsed_father_income_document (0.039); parsed_father_annual_income_from_work_status (0.030)
2848,Export,"Le Lycee National, Choueifat",Undergraduate,Lebanon,Lebanon,1,0.6446018815040588,0.6446018815040588,0.105,0.8,0.05,False,,review,Manual review required because model confidence is not high enough for auto-routing.,Model-native approximation using global importance fallback: parsed_father_gross_income (0.042); parsed_father_income_document (0.039); parsed_father_annual_income_from_work_status (0.030)
507,Export,,Undergraduate,Lebanon,Lebanon,0,0.2667880654335022,0.7332119345664978,0.105,0.8,0.05,False,,review,Manual review required because model confidence is not high enough for auto-routing.,Model-native approximation using global importance fallback: parsed_father_gross_income (0.042); parsed_father_income_document (0.039); parsed_father_annual_income_from_work_status (0.030)
1377,Export,,Graduate,Algeria,Algeria,1,0.8774040937423706,0.8774040937423706,0.105,0.8,0.05,True,parsed_level=Graduate,review,Manual review required because subgroup fairness safeguards were triggered.,Model-native approximation using global importance fallback: parsed_father_gross_income (0.042); parsed_father_income_document (0.039); parsed_father_annual_income_from_work_status (0.030)
1465,Export,"Saint Mary's Orthodox College (SMOC), Beirut",Undergraduate,Lebanon,Lebanon,1,0.7043561935424805,0.7043561935424805,0.105,0.8,0.05,False,,review,Manual review required because model confidence is not high enough for auto-routing.,Model-native approximation using global importance fallback: parsed_father_gross_income (0.042); parsed_father_income_document (0.039); parsed_father_annual_income_from_work_status (0.030)
1714,Export,"Houssameddine Hariri High School, Saida",Undergraduate,Lebanon,Lebanon,0,0.5840136408805847,0.5840136408805847,0.105,0.8,0.05,False,,review,Manual review required because model confidence is not high enough for auto-routing.,Model-native approximation using global importance fallback: parsed_father_gross_income (0.042); parsed_father_income_document (0.039); parsed_father_annual_income_from_work_status (0.030)
1080,Export,"Shouf National College, Chouf",Undergraduate,Lebanon,Lebanon,0,0.8285117149353027,0.8285117149353027,0.105,0.8,0.05,False,,approve,High-confidence approve recommendation under the calibrated probability policy.,Model-native approximation using global importance fallback: parsed_father_gross_income (0.042); parsed_father_income_document (0.039); parsed_father_annual_income_from_work_status (0.030)
1403,Export,"College Notre Dame de Nazareth (NDN), Achrafieh",Undergraduate,Lebanon,Lebanon,0,0.398529976606369,0.601470023393631,0.105,0.8,0.05,False,,review,Manual review required because model confidence is not high enough for auto-routing.,Model-native approximation using global importance fallback: parsed_father_gross_income (0.042); parsed_father_income_document (0.039); parsed_father_annual_income_from_work_status (0.030)
2408,Export,"Khaled Bin Al Walid, Beirut",Undergraduate,Lebanon,Lebanon,1,0.9629923701286316,0.9629923701286316,0.105,0.8,0.05,False,,approve,High-confidence approve recommendation under the calibrated probability policy.,Model-native approximation using global importance fallback: parsed_father_gross_income (0.042); parsed_father_income_document (0.039); parsed_father_annual_income_from_work_status (0.030)
1700,Export,"Ecole des Soeurs de la Charite Besancon, Baabda",Undergraduate,Lebanon,Lebanon,1,0.9208143949508667,0.9208143949508667,0.105,0.8,0.05,False,,approve,High-confidence approve recommendation under the calibrated probability policy.,Model-native approximation using global importance fallback: parsed_father_gross_income (0.042); parsed_father_income_document (0.039); parsed_father_annual_income_from_work_status (0.030)
853,Export,"Saint Mary's Orthodox College (SMOC), Beirut",Undergraduate,Lebanon,Lebanon,1,0.8727707266807556,0.8727707266807556,0.105,0.8,0.05,False,,approve,High-confidence approve recommendation under the calibrated probability policy.,Model-native approximation using global importance fallback: parsed_father_gross_income (0.042); parsed_father_income_document (0.039); parsed_father_annual_income_from_work_status (0.030)
404,Export,"International College (IC), Beirut",Undergraduate,Lebanon,Lebanon,0,0.07434437423944473,0.9256556257605553,0.105,0.8,0.05,False,,review,Manual review required because the case is too close to the policy threshold.,Model-native approximation using global importance fallback: parsed_father_gross_income (0.042); parsed_father_income_document (0.039); parsed_father_annual_income_from_work_status (0.030)
2781,Export,"Ras Beirut International School, Ghobeiry",Undergraduate,Lebanon,Lebanon,1,0.9428642988204956,0.9428642988204956,0.105,0.8,0.05,False,,approve,High-confidence approve recommendation under the calibrated probability policy.,Model-native approximation using global importance fallback: parsed_father_gross_income (0.042); parsed_father_income_document (0.039); parsed_father_annual_income_from_work_status (0.030)
236,Export,"Amjad School, Choueifat",Undergraduate,Lebanon,Lebanon,1,0.27865028381347656,0.7213497161865234,0.105,0.8,0.05,False,,review,Manual review required because model confidence is not high enough for auto-routing.,Model-native approximation using global importance fallback: parsed_father_gross_income (0.042); parsed_father_income_document (0.039); parsed_father_annual_income_from_work_status (0.030)
1528,Export,,Undergraduate,Palestine,Palestine,1,0.9012097120285034,0.9012097120285034,0.105,0.8,0.05,False,,approve,High-confidence approve recommendation under the calibrated probability policy.,Model-native approximation using global importance fallback: parsed_father_gross_income (0.042); parsed_father_income_document (0.039); parsed_father_annual_income_from_work_status (0.030)
283,Export,"Amjad School, Choueifat",Undergraduate,Lebanon,Lebanon,1,0.8925541639328003,0.8925541639328003,0.105,0.8,0.05,False,,approve,High-confidence approve recommendation under the calibrated probability policy.,Model-native approximation using global importance fallback: parsed_father_gross_income (0.042); parsed_father_income_document (0.039); parsed_father_annual_income_from_work_status (0.030)
156,Export,"Ali Bin Abi Taleb School, Beirut",Undergraduate,Lebanon,Lebanon,1,0.9055670499801636,0.9055670499801636,0.105,0.8,0.05,False,,approve,High-confidence approve recommendation under the calibrated probability policy.,Model-native approximation using global importance fallback: parsed_father_gross_income (0.042); parsed_father_income_document (0.039); parsed_father_annual_income_from_work_status (0.030)
1926,Export,"Antonine Sisters School (ASG), Ghazir",Undergraduate,Lebanon,Lebanon,1,0.9357128739356995,0.9357128739356995,0.105,0.8,0.05,False,,approve,High-confidence approve recommendation under the calibrated probability policy.,Model-native approximation using global importance fallback: parsed_father_gross_income (0.042); parsed_father_income_document (0.039); parsed_father_annual_income_from_work_status (0.030)
2458,Export,"Omar Mukhtar Educational Center, Khiara",Undergraduate,Lebanon,Lebanon,1,0.8216622471809387,0.8216622471809387,0.105,0.8,0.05,False,,approve,High-confidence approve recommendation under the calibrated probability policy.,Model-native approximation using global importance fallback: parsed_father_gross_income (0.042); parsed_father_income_document (0.039); parsed_father_annual_income_from_work_status (0.030)
2431,Export,"Saint Joseph School Cornet Shehwan, Cornet Chahwan",Undergraduate,Lebanon,Lebanon,0,0.27205681800842285,0.7279431819915771,0.105,0.8,0.05,False,,review,Manual review required because model confidence is not high enough for auto-routing.,Model-native approximation using global importance fallback: parsed_father_gross_income (0.042); parsed_father_income_document (0.039); parsed_father_annual_income_from_work_status (0.030)
35,Export,Amjad School,Undergraduate,Lebanon,Lebanon,1,0.5802851915359497,0.5802851915359497,0.105,0.8,0.05,False,,review,Manual review required because model confidence is not high enough for auto-routing.,Model-native approximation using global importance fallback: parsed_father_gross_income (0.042); parsed_father_income_document (0.039); parsed_father_annual_income_from_work_status (0.030)
2747,Export,"Al Azm School, Tripoli",Undergraduate,Lebanon,Lebanon,1,0.8993621468544006,0.8993621468544006,0.105,0.8,0.05,False,,approve,High-confidence approve recommendation under the calibrated probability policy.,Model-native approximation using global importance fallback: parsed_father_gross_income (0.042); parsed_father_income_document (0.039); parsed_father_annual_income_from_work_status (0.030)
1449,Export,"Brummana High School (BHS), Brummana",Undergraduate,Lebanon,Lebanon,0,0.14974795281887054,0.8502520471811295,0.105,0.8,0.05,False,,review,Manual review required because the case is too close to the policy threshold.,Model-native approximation using global importance fallback: parsed_father_gross_income (0.042); parsed_father_income_document (0.039); parsed_father_annual_income_from_work_status (0.030)
143,Export,"Beirut Evangelical School for Boys and Girls (BESBG), Antelias",Undergraduate,Lebanon,Lebanon,1,0.928533136844635,0.928533136844635,0.105,0.8,0.05,False,,approve,High-confidence approve recommendation under the calibrated probability policy.,Model-native approximation using global importance fallback: parsed_father_gross_income (0.042); parsed_father_income_document (0.039); parsed_father_annual_income_from_work_status (0.030)
1204,Export,Collège Saint Joseph Antoura,Undergraduate,Lebanon,Lebanon,0,0.7232390642166138,0.7232390642166138,0.105,0.8,0.05,False,,review,Manual review required because model confidence is not high enough for auto-routing.,Model-native approximation using global importance fallback: parsed_father_gross_income (0.042); parsed_father_income_document (0.039); parsed_father_annual_income_from_work_status (0.030)
1108,Export,"LWIS City International School DT Beirut, Beirut",Undergraduate,Lebanon,Lebanon,0,0.5427281260490417,0.5427281260490417,0.105,0.8,0.05,False,,review,Manual review required because model confidence is not high enough for auto-routing.,Model-native approximation using global importance fallback: parsed_father_gross_income (0.042); parsed_father_income_document (0.039); parsed_father_annual_income_from_work_status (0.030)
3063,Export,"Lycée Franco Libanais, Verdun",Undergraduate,Lebanon,Lebanon,0,0.5010664463043213,0.5010664463043213,0.105,0.8,0.05,False,,review,Manual review required because model confidence is not high enough for auto-routing.,Model-native approximation using global importance fallback: parsed_father_gross_income (0.042); parsed_father_income_document (0.039); parsed_father_annual_income_from_work_status (0.030)
2562,Export,"Ecole Saint Maroun Soeurs Maronites de La Sainte Famille, Tripoli",Undergraduate,Lebanon,Lebanon,1,0.9401308298110962,0.9401308298110962,0.105,0.8,0.05,False,,approve,High-confidence approve recommendation under the calibrated probability policy.,Model-native approximation using global importance fallback: parsed_father_gross_income (0.042); parsed_father_income_document (0.039); parsed_father_annual_income_from_work_status (0.030)
464,Export,"Saint Joseph School Cornet Shehwan, Cornet Chahwan",Undergraduate,Lebanon,Lebanon,1,0.962347149848938,0.962347149848938,0.105,0.8,0.05,False,,approve,High-confidence approve recommendation under the calibrated probability policy.,Model-native approximation using global importance fallback: parsed_father_gross_income (0.042); parsed_father_income_document (0.039); parsed_father_annual_income_from_work_status (0.030)
2080,Export,,Graduate,Lebanon,,0,0.8448580503463745,0.8448580503463745,0.105,0.8,0.05,True,parsed_level=Graduate,review,Manual review required because subgroup fairness safeguards were triggered.,Model-native approximation using global importance fallback: parsed_father_gross_income (0.042); parsed_father_income_document (0.039); parsed_father_annual_income_from_work_status (0.030)
2328,Export,"Amjad School, Choueifat",Undergraduate,Lebanon,Lebanon Brazil,1,0.9485907554626465,0.9485907554626465,0.105,0.8,0.05,False,,approve,High-confidence approve recommendation under the calibrated probability policy.,Model-native approximation using global importance fallback: parsed_father_gross_income (0.042); parsed_father_income_document (0.039); parsed_father_annual_income_from_work_status (0.030)
1509,Export,"Saint Mary's Orthodox College (SMOC), Beirut",Undergraduate,Lebanon,Lebanon,0,0.7006873488426208,0.7006873488426208,0.105,0.8,0.05,False,,review,Manual review required because model confidence is not high enough for auto-routing.,Model-native approximation using global importance fallback: parsed_father_gross_income (0.042); parsed_father_income_document (0.039); parsed_father_annual_income_from_work_status (0.030)
3019,Export,College Notre Dame de Jamhour,Undergraduate,Lebanon,Lebanon,0,0.1796485185623169,0.8203514814376831,0.105,0.8,0.05,False,,review,Manual review required because the case is too close to the policy threshold.,Model-native approximation using global importance fallback: parsed_father_gross_income (0.042); parsed_father_income_document (0.039); parsed_father_annual_income_from_work_status (0.030)
2605,Export,"Secondary Evangelical School Zahle, Zahle",Undergraduate,Lebanon,Lebanon,1,0.9308070540428162,0.9308070540428162,0.105,0.8,0.05,False,,approve,High-confidence approve recommendation under the calibrated probability policy.,Model-native approximation using global importance fallback: parsed_father_gross_income (0.042); parsed_father_income_document (0.039); parsed_father_annual_income_from_work_status (0.030)
1684,Export,"Amjad School, Choueifat",Undergraduate,Lebanon,Lebanon,1,0.968730092048645,0.968730092048645,0.105,0.8,0.05,False,,approve,High-confidence approve recommendation under the calibrated probability policy.,Model-native approximation using global importance fallback: parsed_father_gross_income (0.042); parsed_father_income_document (0.039); parsed_father_annual_income_from_work_status (0.030)
732,Export,"College Notre Dame de Jamhour, Baabda",Undergraduate,Lebanon,Lebanon,0,0.12428710609674454,0.8757128939032555,0.105,0.8,0.05,False,,review,Manual review required because the case is too close to the policy threshold.,Model-native approximation using global importance fallback: parsed_father_gross_income (0.042); parsed_father_income_document (0.039); parsed_father_annual_income_from_work_status (0.030)
642,Export,"Lycee des Peres Antonins (LYPA), Baabda",Undergraduate,Lebanon,Lebanon,0,0.5315160751342773,0.5315160751342773,0.105,0.8,0.05,False,,review,Manual review required because model confidence is not high enough for auto-routing.,Model-native approximation using global importance fallback: parsed_father_gross_income (0.042); parsed_father_income_document (0.039); parsed_father_annual_income_from_work_status (0.030)
212,Export,,Graduate,Lebanon,Lebanon Lebanon,1,0.937272310256958,0.937272310256958,0.105,0.8,0.05,True,parsed_level=Graduate,review,Manual review required because subgroup fairness safeguards were triggered.,Model-native approximation using global importance fallback: parsed_father_gross_income (0.042); parsed_father_income_document (0.039); parsed_father_annual_income_from_work_status (0.030)
2563,Export,"Al Kawthar School, Bir Hassan",Undergraduate,Lebanon,Lebanon,1,0.8834415674209595,0.8834415674209595,0.105,0.8,0.05,False,,approve,High-confidence approve recommendation under the calibrated probability policy.,Model-native approximation using global importance fallback: parsed_father_gross_income (0.042); parsed_father_income_document (0.039); parsed_father_annual_income_from_work_status (0.030)
2897,Export,"Lycée Franco Libanais, Verdun",Undergraduate,Lebanon,Lebanon,1,0.9574291110038757,0.9574291110038757,0.105,0.8,0.05,False,,approve,High-confidence approve recommendation under the calibrated probability policy.,Model-native approximation using global importance fallback: parsed_father_gross_income (0.042); parsed_father_income_document (0.039); parsed_father_annual_income_from_work_status (0.030)
109,Export,,Graduate,Lebanon,Lebanon,1,0.7945951223373413,0.7945951223373413,0.105,0.8,0.05,True,parsed_level=Graduate,review,Manual review required because subgroup fairness safeguards were triggered.,Model-native approximation using global importance fallback: parsed_father_gross_income (0.042); parsed_father_income_document (0.039); parsed_father_annual_income_from_work_status (0.030)
1307,Export,"Al Hidaya High School, Bchamoun",Undergraduate,Palestine,Palestine Tunisia,1,0.7869510650634766,0.7869510650634766,0.105,0.8,0.05,False,,review,Manual review required because model confidence is not high enough for auto-routing.,Model-native approximation using global importance fallback: parsed_father_gross_income (0.042); parsed_father_income_document (0.039); parsed_father_annual_income_from_work_status (0.030)
319,Export,"College Mariste Champville, Antelias",Undergraduate,Lebanon,Lebanon,0,0.4162842929363251,0.5837157070636749,0.105,0.8,0.05,False,,review,Manual review required because model confidence is not high enough for auto-routing.,Model-native approximation using global importance fallback: parsed_father_gross_income (0.042); parsed_father_income_document (0.039); parsed_father_annual_income_from_work_status (0.030)
1851,Export,Universal College - Aley,Undergraduate,Lebanon,Lebanon,1,0.9427881240844727,0.9427881240844727,0.105,0.8,0.05,False,,approve,High-confidence approve recommendation under the calibrated probability policy.,Model-native approximation using global importance fallback: parsed_father_gross_income (0.042); parsed_father_income_document (0.039); parsed_father_annual_income_from_work_status (0.030)
1283,Export,,Graduate,,Lebanon,1,0.9403575658798218,0.9403575658798218,0.105,0.8,0.05,True,parsed_level=Graduate,review,Manual review required because subgroup fairness safeguards were triggered.,Model-native approximation using global importance fallback: parsed_father_gross_income (0.042); parsed_father_income_document (0.039); parsed_father_annual_income_from_work_status (0.030)
2727,Export,"Deutsche Internationale Schule Beirut (DISB), Khaldah",Undergraduate,Lebanon,Lebanon,1,0.855650007724762,0.855650007724762,0.105,0.8,0.05,False,,approve,High-confidence approve recommendation under the calibrated probability policy.,Model-native approximation using global importance fallback: parsed_father_gross_income (0.042); parsed_father_income_document (0.039); parsed_father_annual_income_from_work_status (0.030)
2754,Export,,Undergraduate,Lebanon,Lebanon,0,0.018443968147039413,0.9815560318529606,0.105,0.8,0.05,False,,review,Manual review required because the case is too close to the policy threshold.,Model-native approximation using global importance fallback: parsed_father_gross_income (0.042); parsed_father_income_document (0.039); parsed_father_annual_income_from_work_status (0.030)
685,Export,"The Martyr Hasan Kassir Secondary School, Bir Hassan",Undergraduate,Lebanon,Lebanon,1,0.8826351761817932,0.8826351761817932,0.105,0.8,0.05,False,,approve,High-confidence approve recommendation under the calibrated probability policy.,Model-native approximation using global importance fallback: parsed_father_gross_income (0.042); parsed_father_income_document (0.039); parsed_father_annual_income_from_work_status (0.030)
1323,Export,"Irfan High School Hasbaya, Hasbaya",Undergraduate,Lebanon,Lebanon,1,0.8984261751174927,0.8984261751174927,0.105,0.8,0.05,False,,approve,High-confidence approve recommendation under the calibrated probability policy.,Model-native approximation using global importance fallback: parsed_father_gross_income (0.042); parsed_father_income_document (0.039); parsed_father_annual_income_from_work_status (0.030)
3092,Export,"Hariri High School II, Beirut",Undergraduate,Lebanon,Lebanon,0,0.20240497589111328,0.7975950241088867,0.105,0.8,0.05,False,,review,Manual review required because the case is too close to the policy threshold.,Model-native approximation using global importance fallback: parsed_father_gross_income (0.042); parsed_father_income_document (0.039); parsed_father_annual_income_from_work_status (0.030)
518,Export,The International School of Choueifat - Choueifat,Undergraduate,Lebanon,Lebanon,0,0.15140403807163239,0.8485959619283676,0.105,0.8,0.05,False,,review,Manual review required because the case is too close to the policy threshold.,Model-native approximation using global importance fallback: parsed_father_gross_income (0.042); parsed_father_income_document (0.039); parsed_father_annual_income_from_work_status (0.030)
2215,Export,"College Notre Dame de Jamhour, Baabda",Undergraduate,Lebanon,Lebanon,1,0.8228315711021423,0.8228315711021423,0.105,0.8,0.05,False,,approve,High-confidence approve recommendation under the calibrated probability policy.,Model-native approximation using global importance fallback: parsed_father_gross_income (0.042); parsed_father_income_document (0.039); parsed_father_annual_income_from_work_status (0.030)
2537,Export,"Greater Beirut Evangelical School, Sioufi",Undergraduate,Lebanon,Lebanon,0,0.2710225582122803,0.7289774417877197,0.105,0.8,0.05,False,,review,Manual review required because model confidence is not high enough for auto-routing.,Model-native approximation using global importance fallback: parsed_father_gross_income (0.042); parsed_father_income_document (0.039); parsed_father_annual_income_from_work_status (0.030)
627,Export,"College Notre Dame de Louaize (NDL), Zouk Mosbeh",Undergraduate,Lebanon,Lebanon,1,0.8379372358322144,0.8379372358322144,0.105,0.8,0.05,False,,approve,High-confidence approve recommendation under the calibrated probability policy.,Model-native approximation using global importance fallback: parsed_father_gross_income (0.042); parsed_father_income_document (0.039); parsed_father_annual_income_from_work_status (0.030)
2040,Export,"Hariri High School II, Beirut",Undergraduate,Lebanon,Lebanon,1,0.8908414840698242,0.8908414840698242,0.105,0.8,0.05,False,,approve,High-confidence approve recommendation under the calibrated probability policy.,Model-native approximation using global importance fallback: parsed_father_gross_income (0.042); parsed_father_income_document (0.039); parsed_father_annual_income_from_work_status (0.030)
3042,Export,"Armenian Evangelical Central High School (CHS), Achrafieh",Undergraduate,Syria,Syria,1,0.2549818754196167,0.7450181245803833,0.105,0.8,0.05,False,,review,Manual review required because model confidence is not high enough for auto-routing.,Model-native approximation using global importance fallback: parsed_father_gross_income (0.042); parsed_father_income_document (0.039); parsed_father_annual_income_from_work_status (0.030)
107,Export,International School of Choueifat: Sharjah,Undergraduate,Palestine,Palestine,0,0.06625400483608246,0.9337459951639175,0.105,0.8,0.05,False,,review,Manual review required because the case is too close to the policy threshold.,Model-native approximation using global importance fallback: parsed_father_gross_income (0.042); parsed_father_income_document (0.039); parsed_father_annual_income_from_work_status (0.030)
1296,Export,Al Ofaq Al Jadeed High School,Undergraduate,Lebanon,Lebanon,1,0.9172412753105164,0.9172412753105164,0.105,0.8,0.05,False,,approve,High-confidence approve recommendation under the calibrated probability policy.,Model-native approximation using global importance fallback: parsed_father_gross_income (0.042); parsed_father_income_document (0.039); parsed_father_annual_income_from_work_status (0.030)
1139,Export,"Hariri High School II, Beirut",Undergraduate,Lebanon,Lebanon,0,0.09945052117109299,0.900549478828907,0.105,0.8,0.05,False,,review,Manual review required because the case is too close to the policy threshold.,Model-native approximation using global importance fallback: parsed_father_gross_income (0.042); parsed_father_income_document (0.039); parsed_father_annual_income_from_work_status (0.030)
1627,Export,,Undergraduate,Lebanon,Lebanon,0,0.1942400336265564,0.8057599663734436,0.105,0.8,0.05,False,,review,Manual review required because the case is too close to the policy threshold.,Model-native approximation using global importance fallback: parsed_father_gross_income (0.042); parsed_father_income_document (0.039); parsed_father_annual_income_from_work_status (0.030)
3,Export,The International School of Choueifat - Choueifat,Undergraduate,Lebanon,Lebanon,0,0.21670636534690857,0.7832936346530914,0.105,0.8,0.05,False,,review,Manual review required because model confidence is not high enough for auto-routing.,Model-native approximation using global importance fallback: parsed_father_gross_income (0.042); parsed_father_income_document (0.039); parsed_father_annual_income_from_work_status (0.030)
1408,Export,The International School of Choueifat - Choueifat,Undergraduate,Lebanon,Lebanon,1,0.7038629055023193,0.7038629055023193,0.105,0.8,0.05,False,,review,Manual review required because model confidence is not high enough for auto-routing.,Model-native approximation using global importance fallback: parsed_father_gross_income (0.042); parsed_father_income_document (0.039); parsed_father_annual_income_from_work_status (0.030)
645,Export,"Ecole des Filles de la Charite, Clemeceau",Undergraduate,Lebanon,Lebanon,1,0.9500519037246704,0.9500519037246704,0.105,0.8,0.05,False,,approve,High-confidence approve recommendation under the calibrated probability policy.,Model-native approximation using global importance fallback: parsed_father_gross_income (0.042); parsed_father_income_document (0.039); parsed_father_annual_income_from_work_status (0.030)
974,Export,"International College (IC), Beirut",Undergraduate,Lebanon,Lebanon,0,0.00832802802324295,0.991671971976757,0.105,0.8,0.05,False,,review,Manual review required because the case is too close to the policy threshold.,Model-native approximation using global importance fallback: parsed_father_gross_income (0.042); parsed_father_income_document (0.039); parsed_father_annual_income_from_work_status (0.030)
1347,Export,"Saint Joseph School Cornet Shehwan, Cornet Chahwan",Undergraduate,Lebanon,Lebanon,1,0.8792500495910645,0.8792500495910645,0.105,0.8,0.05,False,,approve,High-confidence approve recommendation under the calibrated probability policy.,Model-native approximation using global importance fallback: parsed_father_gross_income (0.042); parsed_father_income_document (0.039); parsed_father_annual_income_from_work_status (0.030)
215,Export,"Iklim High School, Daraya",Undergraduate,Lebanon,Lebanon,1,0.8201384544372559,0.8201384544372559,0.105,0.8,0.05,False,,approve,High-confidence approve recommendation under the calibrated probability policy.,Model-native approximation using global importance fallback: parsed_father_gross_income (0.042); parsed_father_income_document (0.039); parsed_father_annual_income_from_work_status (0.030)
2275,Export,"College Notre Dame Du Mont Carmel Soeurs Carmelites de St Th, Fanar",Undergraduate,Lebanon,Lebanon Greece,0,0.059141434729099274,0.9408585652709007,0.105,0.8,0.05,False,,review,Manual review required because the case is too close to the policy threshold.,Model-native approximation using global importance fallback: parsed_father_gross_income (0.042); parsed_father_income_document (0.039); parsed_father_annual_income_from_work_status (0.030)
2370,Export,"Houssameddine Hariri High School, Saida",Undergraduate,Lebanon,Lebanon,0,0.44578996300697327,0.5542100369930267,0.105,0.8,0.05,False,,review,Manual review required because model confidence is not high enough for auto-routing.,Model-native approximation using global importance fallback: parsed_father_gross_income (0.042); parsed_father_income_document (0.039); parsed_father_annual_income_from_work_status (0.030)
2129,Export,,Graduate,Lebanon,Lebanon,0,0.7238873243331909,0.7238873243331909,0.105,0.8,0.05,True,parsed_level=Graduate,review,Manual review required because subgroup fairness safeguards were triggered.,Model-native approximation using global importance fallback: parsed_father_gross_income (0.042); parsed_father_income_document (0.039); parsed_father_annual_income_from_work_status (0.030)
398,Export,,Graduate,Lebanon,Lebanon,0,0.9045491814613342,0.9045491814613342,0.105,0.8,0.05,True,parsed_level=Graduate,review,Manual review required because subgroup fairness safeguards were triggered.,Model-native approximation using global importance fallback: parsed_father_gross_income (0.042); parsed_father_income_document (0.039); parsed_father_annual_income_from_work_status (0.030)
1016,Export,,Graduate,Nigeria,Nigeria,1,0.9564871191978455,0.9564871191978455,0.105,0.8,0.05,True,parsed_level=Graduate,review,Manual review required because subgroup fairness safeguards were triggered.,Model-native approximation using global importance fallback: parsed_father_gross_income (0.042); parsed_father_income_document (0.039); parsed_father_annual_income_from_work_status (0.030)
256,Export,,Graduate,Lebanon,Lebanon,1,0.7540329694747925,0.7540329694747925,0.105,0.8,0.05,True,parsed_level=Graduate,review,Manual review required because subgroup fairness safeguards were triggered.,Model-native approximation using global importance fallback: parsed_father_gross_income (0.042); parsed_father_income_document (0.039); parsed_father_annual_income_from_work_status (0.030)
272,Export,"College Saint Joseph Des Soeurs Antonines, Ksara",Undergraduate,Lebanon,Lebanon,0,0.3804126977920532,0.6195873022079468,0.105,0.8,0.05,False,,review,Manual review required because model confidence is not high enough for auto-routing.,Model-native approximation using global importance fallback: parsed_father_gross_income (0.042); parsed_father_income_document (0.039); parsed_father_annual_income_from_work_status (0.030)
2280,Export,Lycée Français International Elite Beyrou,Undergraduate,Lebanon,Lebanon,0,0.7380074262619019,0.7380074262619019,0.105,0.8,0.05,False,,review,Manual review required because model confidence is not high enough for auto-routing.,Model-native approximation using global importance fallback: parsed_father_gross_income (0.042); parsed_father_income_document (0.039); parsed_father_annual_income_from_work_status (0.030)
3114,Export,"Le Lycee National, Choueifat",Undergraduate,Lebanon,Lebanon,1,0.9770911335945129,0.9770911335945129,0.105,0.8,0.05,False,,approve,High-confidence approve recommendation under the calibrated probability policy.,Model-native approximation using global importance fallback: parsed_father_gross_income (0.042); parsed_father_income_document (0.039); parsed_father_annual_income_from_work_status (0.030)
1454,Export,"Hariri High School II, Beirut",Undergraduate,Lebanon,Lebanon Turkey,1,0.7841581106185913,0.7841581106185913,0.105,0.8,0.05,False,,review,Manual review required because model confidence is not high enough for auto-routing.,Model-native approximation using global importance fallback: parsed_father_gross_income (0.042); parsed_father_income_document (0.039); parsed_father_annual_income_from_work_status (0.030)
2377,Export,"Deutsche Internationale Schule Beirut (DISB), Khaldah",Undergraduate,Lebanon,Lebanon,1,0.7594113349914551,0.7594113349914551,0.105,0.8,0.05,False,,review,Manual review required because model confidence is not high enough for auto-routing.,Model-native approximation using global importance fallback: parsed_father_gross_income (0.042); parsed_father_income_document (0.039); parsed_father_annual_income_from_work_status (0.030)
490,Export,"Ecole des Soeurs De Saint Joseph de L'apparition, Beirut",Undergraduate,Lebanon,Lebanon,0,0.9081277847290039,0.9081277847290039,0.105,0.8,0.05,False,,approve,High-confidence approve recommendation under the calibrated probability policy.,Model-native approximation using global importance fallback: parsed_father_gross_income (0.042); parsed_father_income_document (0.039); parsed_father_annual_income_from_work_status (0.030)
809,Export,Bekaa Youth Education Center,Undergraduate,Palestine,Palestine Lebanon,1,0.6979540586471558,0.6979540586471558,0.105,0.8,0.05,False,,review,Manual review required because model confidence is not high enough for auto-routing.,Model-native approximation using global importance fallback: parsed_father_gross_income (0.042); parsed_father_income_document (0.039); parsed_father_annual_income_from_work_status (0.030)
2106,Export,"Lycee Adonis, Kfarshima",Undergraduate,Lebanon,Lebanon,1,0.8618167638778687,0.8618167638778687,0.105,0.8,0.05,False,,approve,High-confidence approve recommendation under the calibrated probability policy.,Model-native approximation using global importance fallback: parsed_father_gross_income (0.042); parsed_father_income_document (0.039); parsed_father_annual_income_from_work_status (0.030)
632,Export,"International College (IC), Beirut",Undergraduate,Lebanon,Lebanon,0,0.8288645148277283,0.8288645148277283,0.105,0.8,0.05,False,,approve,High-confidence approve recommendation under the calibrated probability policy.,Model-native approximation using global importance fallback: parsed_father_gross_income (0.042); parsed_father_income_document (0.039); parsed_father_annual_income_from_work_status (0.030)
1903,Export,"American Community School Beirut (ACS), Beirut",Undergraduate,Lebanon,Lebanon,0,0.34743809700012207,0.6525619029998779,0.105,0.8,0.05,False,,review,Manual review required because model confidence is not high enough for auto-routing.,Model-native approximation using global importance fallback: parsed_father_gross_income (0.042); parsed_father_income_document (0.039); parsed_father_annual_income_from_work_status (0.030)
1929,Export,"Lycée Franco Libanais, Verdun",Undergraduate,Lebanon,Lebanon,1,0.9261676669120789,0.9261676669120789,0.105,0.8,0.05,False,,approve,High-confidence approve recommendation under the calibrated probability policy.,Model-native approximation using global importance fallback: parsed_father_gross_income (0.042); parsed_father_income_document (0.039); parsed_father_annual_income_from_work_status (0.030)
1727,Export,,Professional,Lebanon,,1,0.6140391826629639,0.6140391826629639,0.105,0.8,0.05,False,,review,Manual review required because model confidence is not high enough for auto-routing.,Model-native approximation using global importance fallback: parsed_father_gross_income (0.042); parsed_father_income_document (0.039); parsed_father_annual_income_from_work_status (0.030)
3125,Export,,Undergraduate,Lebanon,Lebanon,1,0.7962143421173096,0.7962143421173096,0.105,0.8,0.05,False,,review,Manual review required because model confidence is not high enough for auto-routing.,Model-native approximation using global importance fallback: parsed_father_gross_income (0.042); parsed_father_income_document (0.039); parsed_father_annual_income_from_work_status (0.030)
1536,Export,,Professional,Lebanon,Lebanon,1,0.2707825303077698,0.7292174696922302,0.105,0.8,0.05,False,,review,Manual review required because model confidence is not high enough for auto-routing.,Model-native approximation using global importance fallback: parsed_father_gross_income (0.042); parsed_father_income_document (0.039); parsed_father_annual_income_from_work_status (0.030)
2042,Export,"Official Secondary School, Sarafand",Undergraduate,Lebanon,Lebanon,1,0.8760094046592712,0.8760094046592712,0.105,0.8,0.05,False,,approve,High-confidence approve recommendation under the calibrated probability policy.,Model-native approximation using global importance fallback: parsed_father_gross_income (0.042); parsed_father_income_document (0.039); parsed_father_annual_income_from_work_status (0.030)
1573,Export,,Graduate,Lebanon,Lebanon,1,0.6487811803817749,0.6487811803817749,0.105,0.8,0.05,True,parsed_level=Graduate,review,Manual review required because subgroup fairness safeguards were triggered.,Model-native approximation using global importance fallback: parsed_father_gross_income (0.042); parsed_father_income_document (0.039); parsed_father_annual_income_from_work_status (0.030)
2334,Export,"Cadmous College, Tyre",Undergraduate,Lebanon,Lebanon United States,0,0.35128456354141235,0.6487154364585876,0.105,0.8,0.05,False,,review,Manual review required because model confidence is not high enough for auto-routing.,Model-native approximation using global importance fallback: parsed_father_gross_income (0.042); parsed_father_income_document (0.039); parsed_father_annual_income_from_work_status (0.030)
2112,Export,,Professional,Lebanon,Lebanon,1,0.6663179397583008,0.6663179397583008,0.105,0.8,0.05,False,,review,Manual review required because model confidence is not high enough for auto-routing.,Model-native approximation using global importance fallback: parsed_father_gross_income (0.042); parsed_father_income_document (0.039); parsed_father_annual_income_from_work_status (0.030)
916,Export,"International College (IC), Beirut",Undergraduate,Lebanon,Lebanon Malaysia,1,0.6788201332092285,0.6788201332092285,0.105,0.8,0.05,False,,review,Manual review required because model confidence is not high enough for auto-routing.,Model-native approximation using global importance fallback: parsed_father_gross_income (0.042); parsed_father_income_document (0.039); parsed_father_annual_income_from_work_status (0.030)
122,Export,,Undergraduate,United Kingdom,United Kingdom Lebanon,0,0.22900693118572235,0.7709930688142776,0.105,0.8,0.05,False,,review,Manual review required because model confidence is not high enough for auto-routing.,Model-native approximation using global importance fallback: parsed_father_gross_income (0.042); parsed_father_income_document (0.039); parsed_father_annual_income_from_work_status (0.030)
825,Export,,Graduate,Lebanon,Lebanon,0,0.8255026936531067,0.8255026936531067,0.105,0.8,0.05,True,parsed_level=Graduate,review,Manual review required because subgroup fairness safeguards were triggered.,Model-native approximation using global importance fallback: parsed_father_gross_income (0.042); parsed_father_income_document (0.039); parsed_father_annual_income_from_work_status (0.030)
2554,Export,"Al Qualaa Secondary School, Saida",Undergraduate,Lebanon,Lebanon,0,0.2557232975959778,0.7442767024040222,0.105,0.8,0.05,False,,review,Manual review required because model confidence is not high enough for auto-routing.,Model-native approximation using global importance fallback: parsed_father_gross_income (0.042); parsed_father_income_document (0.039); parsed_father_annual_income_from_work_status (0.030)
2339,Export,,Graduate,Palestine,Palestine,1,0.8795201182365417,0.8795201182365417,0.105,0.8,0.05,True,parsed_level=Graduate,review,Manual review required because subgroup fairness safeguards were triggered.,Model-native approximation using global importance fallback: parsed_father_gross_income (0.042); parsed_father_income_document (0.039); parsed_father_annual_income_from_work_status (0.030)
892,Export,"Houssameddine Hariri High School, Saida",Undergraduate,Lebanon,Lebanon,0,0.2834727466106415,0.7165272533893585,0.105,0.8,0.05,False,,review,Manual review required because model confidence is not high enough for auto-routing.,Model-native approximation using global importance fallback: parsed_father_gross_income (0.042); parsed_father_income_document (0.039); parsed_father_annual_income_from_work_status (0.030)
90,Export,"Al Bayader High School Aramoun, Aramoun",Undergraduate,Lebanon,Lebanon,0,0.11015636473894119,0.8898436352610588,0.105,0.8,0.05,False,,review,Manual review required because the case is too close to the policy threshold.,Model-native approximation using global importance fallback: parsed_father_gross_income (0.042); parsed_father_income_document (0.039); parsed_father_annual_income_from_work_status (0.030)
1560,Export,"Ahliah School, Wadi Abou Jamil",Undergraduate,Lebanon,Lebanon,1,0.336788535118103,0.663211464881897,0.105,0.8,0.05,False,,review,Manual review required because model confidence is not high enough for auto-routing.,Model-native approximation using global importance fallback: parsed_father_gross_income (0.042); parsed_father_income_document (0.039); parsed_father_annual_income_from_work_status (0.030)
1128,Export,"College Protestant Francais Montana, Montana Maten",Undergraduate,Lebanon,Lebanon,1,0.9400599598884583,0.9400599598884583,0.105,0.8,0.05,False,,approve,High-confidence approve recommendation under the calibrated probability policy.,Model-native approximation using global importance fallback: parsed_father_gross_income (0.042); parsed_father_income_document (0.039); parsed_father_annual_income_from_work_status (0.030)
1865,Export,"College Mariste Champville, Antelias",Undergraduate,Lebanon,Lebanon,1,0.7756795883178711,0.7756795883178711,0.105,0.8,0.05,False,,review,Manual review required because model confidence is not high enough for auto-routing.,Model-native approximation using global importance fallback: parsed_father_gross_income (0.042); parsed_father_income_document (0.039); parsed_father_annual_income_from_work_status (0.030)
850,Export,"College Melkart, Louaize",Undergraduate,Lebanon,Lebanon,1,0.8659067153930664,0.8659067153930664,0.105,0.8,0.05,False,,approve,High-confidence approve recommendation under the calibrated probability policy.,Model-native approximation using global importance fallback: parsed_father_gross_income (0.042); parsed_father_income_document (0.039); parsed_father_annual_income_from_work_status (0.030)
1690,Export,"Ecole Des Soeurs Du Rosaire, Sin El Fil",Undergraduate,Lebanon,Lebanon,1,0.8581030964851379,0.8581030964851379,0.105,0.8,0.05,False,,approve,High-confidence approve recommendation under the calibrated probability policy.,Model-native approximation using global importance fallback: parsed_father_gross_income (0.042); parsed_father_income_document (0.039); parsed_father_annual_income_from_work_status (0.030)
1653,Export,,Graduate,Lebanon,Lebanon,1,0.8688311576843262,0.8688311576843262,0.105,0.8,0.05,True,parsed_level=Graduate,review,Manual review required because subgroup fairness safeguards were triggered.,Model-native approximation using global importance fallback: parsed_father_gross_income (0.042); parsed_father_income_document (0.039); parsed_father_annual_income_from_work_status (0.030)
1622,Export,,Professional,Lebanon,Lebanon,1,0.9484645128250122,0.9484645128250122,0.105,0.8,0.05,False,,approve,High-confidence approve recommendation under the calibrated probability policy.,Model-native approximation using global importance fallback: parsed_father_gross_income (0.042); parsed_father_income_document (0.039); parsed_father_annual_income_from_work_status (0.030)
526,Export,"Secondary Evangelical School Zahle, Zahle",Undergraduate,Lebanon,Lebanon,1,0.868761420249939,0.868761420249939,0.105,0.8,0.05,False,,approve,High-confidence approve recommendation under the calibrated probability policy.,Model-native approximation using global importance fallback: parsed_father_gross_income (0.042); parsed_father_income_document (0.039); parsed_father_annual_income_from_work_status (0.030)
16,Export,"Yeghishe Manoukian College, Maten",Undergraduate,Lebanon,Lebanon,1,0.8647168874740601,0.8647168874740601,0.105,0.8,0.05,False,,approve,High-confidence approve recommendation under the calibrated probability policy.,Model-native approximation using global importance fallback: parsed_father_gross_income (0.042); parsed_father_income_document (0.039); parsed_father_annual_income_from_work_status (0.030)
955,Export,"Rafic Hariri High School (RHHS), Saida",Undergraduate,Lebanon,Lebanon,1,0.6567162275314331,0.6567162275314331,0.105,0.8,0.05,False,,review,Manual review required because model confidence is not high enough for auto-routing.,Model-native approximation using global importance fallback: parsed_father_gross_income (0.042); parsed_father_income_document (0.039); parsed_father_annual_income_from_work_status (0.030)
3101,Export,,Professional,Lebanon,Lebanon Sweden,0,0.1565815806388855,0.8434184193611145,0.105,0.8,0.05,False,,review,Manual review required because the case is too close to the policy threshold.,Model-native approximation using global importance fallback: parsed_father_gross_income (0.042); parsed_father_income_document (0.039); parsed_father_annual_income_from_work_status (0.030)
1116,Export,"Lycee Abdel Kader, Beirut",Undergraduate,Lebanon,Lebanon,1,0.7865849733352661,0.7865849733352661,0.105,0.8,0.05,False,,review,Manual review required because model confidence is not high enough for auto-routing.,Model-native approximation using global importance fallback: parsed_father_gross_income (0.042); parsed_father_income_document (0.039); parsed_father_annual_income_from_work_status (0.030)
2406,Export,"College Notre Dame de Nazareth (NDN), Achrafieh",Undergraduate,Lebanon,Lebanon,1,0.7692915201187134,0.7692915201187134,0.105,0.8,0.05,False,,review,Manual review required because model confidence is not high enough for auto-routing.,Model-native approximation using global importance fallback: parsed_father_gross_income (0.042); parsed_father_income_document (0.039); parsed_father_annual_income_from_work_status (0.030)
2850,Export,,Graduate,Lebanon,Lebanon,0,0.8621395826339722,0.8621395826339722,0.105,0.8,0.05,True,parsed_level=Graduate,review,Manual review required because subgroup fairness safeguards were triggered.,Model-native approximation using global importance fallback: parsed_father_gross_income (0.042); parsed_father_income_document (0.039); parsed_father_annual_income_from_work_status (0.030)
1496,Export,"Hariri School III, Tareek Al Jadeeda",Undergraduate,Lebanon,Lebanon,1,0.8982571363449097,0.8982571363449097,0.105,0.8,0.05,False,,approve,High-confidence approve recommendation under the calibrated probability policy.,Model-native approximation using global importance fallback: parsed_father_gross_income (0.042); parsed_father_income_document (0.039); parsed_father_annual_income_from_work_status (0.030)
643,Export,"Saint Joseph School Cornet Shehwan, Cornet Chahwan",Undergraduate,Lebanon,Lebanon,0,0.13637803494930267,0.8636219650506973,0.105,0.8,0.05,False,,review,Manual review required because the case is too close to the policy threshold.,Model-native approximation using global importance fallback: parsed_father_gross_income (0.042); parsed_father_income_document (0.039); parsed_father_annual_income_from_work_status (0.030)
1378,Export,"Amqa Secondary School UNRWA, Tripoli",Undergraduate,Palestine,Palestine,1,0.9280926585197449,0.9280926585197449,0.105,0.8,0.05,False,,approve,High-confidence approve recommendation under the calibrated probability policy.,Model-native approximation using global importance fallback: parsed_father_gross_income (0.042); parsed_father_income_document (0.039); parsed_father_annual_income_from_work_status (0.030)
2081,Export,"Le Lycee National, Choueifat",Undergraduate,Lebanon,Lebanon,0,0.6728105545043945,0.6728105545043945,0.105,0.8,0.05,False,,review,Manual review required because model confidence is not high enough for auto-routing.,Model-native approximation using global importance fallback: parsed_father_gross_income (0.042); parsed_father_income_document (0.039); parsed_father_annual_income_from_work_status (0.030)
2220,Export,,Graduate,Palestine,Palestine,1,0.9733870625495911,0.9733870625495911,0.105,0.8,0.05,True,parsed_level=Graduate,review,Manual review required because subgroup fairness safeguards were triggered.,Model-native approximation using global importance fallback: parsed_father_gross_income (0.042); parsed_father_income_document (0.039); parsed_father_annual_income_from_work_status (0.030)
302,Export,"Greenfield College, Bir Hassan",Undergraduate,Lebanon,Lebanon,0,0.9220592975616455,0.9220592975616455,0.105,0.8,0.05,False,,approve,High-confidence approve recommendation under the calibrated probability policy.,Model-native approximation using global importance fallback: parsed_father_gross_income (0.042); parsed_father_income_document (0.039); parsed_father_annual_income_from_work_status (0.030)
1578,Export,,Graduate,Lebanon,Lebanon,1,0.9159941077232361,0.9159941077232361,0.105,0.8,0.05,True,parsed_level=Graduate,review,Manual review required because subgroup fairness safeguards were triggered.,Model-native approximation using global importance fallback: parsed_father_gross_income (0.042); parsed_father_income_document (0.039); parsed_father_annual_income_from_work_status (0.030)
1360,Export,"College Des Saints Coeur Kfarhbab, Kfarhbab Keserwan",Undergraduate,Canada,Canada,0,0.03136001527309418,0.9686399847269058,0.105,0.8,0.05,False,,review,Manual review required because the case is too close to the policy threshold.,Model-native approximation using global importance fallback: parsed_father_gross_income (0.042); parsed_father_income_document (0.039); parsed_father_annual_income_from_work_status (0.030)
1602,Export,"College Notre Dame de Nazareth (NDN), Achrafieh",Undergraduate,Lebanon,Lebanon,1,0.8548074960708618,0.8548074960708618,0.105,0.8,0.05,False,,approve,High-confidence approve recommendation under the calibrated probability policy.,Model-native approximation using global importance fallback: parsed_father_gross_income (0.042); parsed_father_income_document (0.039); parsed_father_annual_income_from_work_status (0.030)
2802,Export,"Deutsche Internationale Schule Beirut (DISB), Khaldah",Undergraduate,Lebanon,Lebanon,1,0.8942142724990845,0.8942142724990845,0.105,0.8,0.05,False,,approve,High-confidence approve recommendation under the calibrated probability policy.,Model-native approximation using global importance fallback: parsed_father_gross_income (0.042); parsed_father_income_document (0.039); parsed_father_annual_income_from_work_status (0.030)
2488,Export,"Lycee Abdel Kader, Beirut",Undergraduate,Lebanon,Lebanon,0,0.024631204083561897,0.9753687959164381,0.105,0.8,0.05,False,,review,Manual review required because the case is too close to the policy threshold.,Model-native approximation using global importance fallback: parsed_father_gross_income (0.042); parsed_father_income_document (0.039); parsed_father_annual_income_from_work_status (0.030)
718,Export,"Makassed Secondary School, Barbir",Undergraduate,Lebanon,Lebanon Jordan,1,0.7444722056388855,0.7444722056388855,0.105,0.8,0.05,False,,review,Manual review required because model confidence is not high enough for auto-routing.,Model-native approximation using global importance fallback: parsed_father_gross_income (0.042); parsed_father_income_document (0.039); parsed_father_annual_income_from_work_status (0.030)
1076,Export,"Al Najah School Bayssour, Baissour",Undergraduate,Lebanon,Lebanon Canada,1,0.7993268966674805,0.7993268966674805,0.105,0.8,0.05,False,,review,Manual review required because model confidence is not high enough for auto-routing.,Model-native approximation using global importance fallback: parsed_father_gross_income (0.042); parsed_father_income_document (0.039); parsed_father_annual_income_from_work_status (0.030)
1989,Export,SABIS International School - Adma,Undergraduate,United States,Lebanon,0,0.9173417687416077,0.9173417687416077,0.105,0.8,0.05,False,,approve,High-confidence approve recommendation under the calibrated probability policy.,Model-native approximation using global importance fallback: parsed_father_gross_income (0.042); parsed_father_income_document (0.039); parsed_father_annual_income_from_work_status (0.030)
1598,Export,Al Arz Educational Compound,Undergraduate,Lebanon,Lebanon,1,0.8944318294525146,0.8944318294525146,0.105,0.8,0.05,False,,approve,High-confidence approve recommendation under the calibrated probability policy.,Model-native approximation using global importance fallback: parsed_father_gross_income (0.042); parsed_father_income_document (0.039); parsed_father_annual_income_from_work_status (0.030)
2592,Export,Universal College - Aley,Undergraduate,Lebanon,Lebanon,1,0.9015237092971802,0.9015237092971802,0.105,0.8,0.05,False,,approve,High-confidence approve recommendation under the calibrated probability policy.,Model-native approximation using global importance fallback: parsed_father_gross_income (0.042); parsed_father_income_document (0.039); parsed_father_annual_income_from_work_status (0.030)
2588,Export,"Hariri School III, Tareek Al Jadeeda",Undergraduate,Lebanon,Lebanon,1,0.8934890031814575,0.8934890031814575,0.105,0.8,0.05,False,,approve,High-confidence approve recommendation under the calibrated probability policy.,Model-native approximation using global importance fallback: parsed_father_gross_income (0.042); parsed_father_income_document (0.039); parsed_father_annual_income_from_work_status (0.030)
129,Export,,Graduate,Lebanon,Lebanon,1,0.9490476846694946,0.9490476846694946,0.105,0.8,0.05,True,parsed_level=Graduate,review,Manual review required because subgroup fairness safeguards were triggered.,Model-native approximation using global importance fallback: parsed_father_gross_income (0.042); parsed_father_income_document (0.039); parsed_father_annual_income_from_work_status (0.030)
2518,Export,"Lycée Franco Libanais, Verdun",Undergraduate,Lebanon,Lebanon,1,0.7724349498748779,0.7724349498748779,0.105,0.8,0.05,False,,review,Manual review required because model confidence is not high enough for auto-routing.,Model-native approximation using global importance fallback: parsed_father_gross_income (0.042); parsed_father_income_document (0.039); parsed_father_annual_income_from_work_status (0.030)
78,Export,"Der Yassin Coeducational Secondary School UNRWA, Tyre",Undergraduate,Lebanon,Lebanon,1,0.9528748393058777,0.9528748393058777,0.105,0.8,0.05,False,,approve,High-confidence approve recommendation under the calibrated probability policy.,Model-native approximation using global importance fallback: parsed_father_gross_income (0.042); parsed_father_income_document (0.039); parsed_father_annual_income_from_work_status (0.030)
2227,Export,,Professional,Lebanon,Lebanon,1,0.951125979423523,0.951125979423523,0.105,0.8,0.05,False,,approve,High-confidence approve recommendation under the calibrated probability policy.,Model-native approximation using global importance fallback: parsed_father_gross_income (0.042); parsed_father_income_document (0.039); parsed_father_annual_income_from_work_status (0.030)
198,Export,"Lycee National Schools Bekaata, Bakaata",Undergraduate,Lebanon,Lebanon Brazil,1,0.9045103192329407,0.9045103192329407,0.105,0.8,0.05,False,,approve,High-confidence approve recommendation under the calibrated probability policy.,Model-native approximation using global importance fallback: parsed_father_gross_income (0.042); parsed_father_income_document (0.039); parsed_father_annual_income_from_work_status (0.030)
3086,Export,"College Notre Dame de Nazareth (NDN), Achrafieh",Undergraduate,Lebanon,Lebanon,1,0.9155688881874084,0.9155688881874084,0.105,0.8,0.05,False,,approve,High-confidence approve recommendation under the calibrated probability policy.,Model-native approximation using global importance fallback: parsed_father_gross_income (0.042); parsed_father_income_document (0.039); parsed_father_annual_income_from_work_status (0.030)
787,Export,"Official Secondary School Baissour, Baissour",Undergraduate,Lebanon,Lebanon,1,0.7841342091560364,0.7841342091560364,0.105,0.8,0.05,False,,review,Manual review required because model confidence is not high enough for auto-routing.,Model-native approximation using global importance fallback: parsed_father_gross_income (0.042); parsed_father_income_document (0.039); parsed_father_annual_income_from_work_status (0.030)
1571,Export,"Saints Coeurs Ain Najm, Ain Saadeh",Undergraduate,Lebanon,Lebanon,1,0.8396754264831543,0.8396754264831543,0.105,0.8,0.05,False,,approve,High-confidence approve recommendation under the calibrated probability policy.,Model-native approximation using global importance fallback: parsed_father_gross_income (0.042); parsed_father_income_document (0.039); parsed_father_annual_income_from_work_status (0.030)
1122,Export,The International School of Choueifat - Koura,Undergraduate,Lebanon,Lebanon,1,0.5447419285774231,0.5447419285774231,0.105,0.8,0.05,False,,review,Manual review required because model confidence is not high enough for auto-routing.,Model-native approximation using global importance fallback: parsed_father_gross_income (0.042); parsed_father_income_document (0.039); parsed_father_annual_income_from_work_status (0.030)
410,Export,,Undergraduate,Lebanon,Lebanon,0,0.13622967898845673,0.8637703210115433,0.105,0.8,0.05,False,,review,Manual review required because the case is too close to the policy threshold.,Model-native approximation using global importance fallback: parsed_father_gross_income (0.042); parsed_father_income_document (0.039); parsed_father_annual_income_from_work_status (0.030)
290,Export,"The Martyr Hasan Kassir Secondary School, Bir Hassan",Undergraduate,Lebanon,Lebanon,1,0.8210005760192871,0.8210005760192871,0.105,0.8,0.05,False,,approve,High-confidence approve recommendation under the calibrated probability policy.,Model-native approximation using global importance fallback: parsed_father_gross_income (0.042); parsed_father_income_document (0.039); parsed_father_annual_income_from_work_status (0.030)
2598,Export,,Undergraduate,Lebanon,Lebanon Belgium,0,0.6988535523414612,0.6988535523414612,0.105,0.8,0.05,False,,review,Manual review required because model confidence is not high enough for auto-routing.,Model-native approximation using global importance fallback: parsed_father_gross_income (0.042); parsed_father_income_document (0.039); parsed_father_annual_income_from_work_status (0.030)
2278,Export,"Ahliah School, Wadi Abou Jamil",Undergraduate,Lebanon,Lebanon,0,0.22467318177223206,0.7753268182277679,0.105,0.8,0.05,False,,review,Manual review required because model confidence is not high enough for auto-routing.,Model-native approximation using global importance fallback: parsed_father_gross_income (0.042); parsed_father_income_document (0.039); parsed_father_annual_income_from_work_status (0.030)
260,Export,,Professional,Lebanon,Lebanon,0,0.013098450377583504,0.9869015496224165,0.105,0.8,0.05,False,,review,Manual review required because the case is too close to the policy threshold.,Model-native approximation using global importance fallback: parsed_father_gross_income (0.042); parsed_father_income_document (0.039); parsed_father_annual_income_from_work_status (0.030)
26,Export,"Sagesse High School, Ain Saade",Undergraduate,Lebanon,Lebanon,1,0.857622504234314,0.857622504234314,0.105,0.8,0.05,False,,approve,High-confidence approve recommendation under the calibrated probability policy.,Model-native approximation using global importance fallback: parsed_father_gross_income (0.042); parsed_father_income_document (0.039); parsed_father_annual_income_from_work_status (0.030)
1393,Export,,Graduate,Lebanon,Lebanon,1,0.9193931221961975,0.9193931221961975,0.105,0.8,0.05,True,parsed_level=Graduate,review,Manual review required because subgroup fairness safeguards were triggered.,Model-native approximation using global importance fallback: parsed_father_gross_income (0.042); parsed_father_income_document (0.039); parsed_father_annual_income_from_work_status (0.030)
1168,Export,Antonine Sisters School - Mar Elias Ghazir,Undergraduate,Lebanon,Lebanon,1,0.8989579081535339,0.8989579081535339,0.105,0.8,0.05,False,,approve,High-confidence approve recommendation under the calibrated probability policy.,Model-native approximation using global importance fallback: parsed_father_gross_income (0.042); parsed_father_income_document (0.039); parsed_father_annual_income_from_work_status (0.030)
1967,Export,,Undergraduate,Lebanon,Lebanon,1,0.6487624049186707,0.6487624049186707,0.105,0.8,0.05,False,,review,Manual review required because model confidence is not high enough for auto-routing.,Model-native approximation using global importance fallback: parsed_father_gross_income (0.042); parsed_father_income_document (0.039); parsed_father_annual_income_from_work_status (0.030)
1592,Export,,Graduate,Palestine,Palestine,1,0.9322383403778076,0.9322383403778076,0.105,0.8,0.05,True,parsed_level=Graduate,review,Manual review required because subgroup fairness safeguards were triggered.,Model-native approximation using global importance fallback: parsed_father_gross_income (0.042); parsed_father_income_document (0.039); parsed_father_annual_income_from_work_status (0.030)
320,Export,"Ecole Saint Joseph des Pere Capucins, Batroun",Undergraduate,Lebanon,Lebanon,1,0.9105718731880188,0.9105718731880188,0.105,0.8,0.05,False,,approve,High-confidence approve recommendation under the calibrated probability policy.,Model-native approximation using global importance fallback: parsed_father_gross_income (0.042); parsed_father_income_document (0.039); parsed_father_annual_income_from_work_status (0.030)
3094,Export,"Le Lycee National, Choueifat",Undergraduate,Lebanon,Lebanon,1,0.7070289254188538,0.7070289254188538,0.105,0.8,0.05,False,,review,Manual review required because model confidence is not high enough for auto-routing.,Model-native approximation using global importance fallback: parsed_father_gross_income (0.042); parsed_father_income_document (0.039); parsed_father_annual_income_from_work_status (0.030)
1435,Export,,Professional,Lebanon,,1,0.9429020285606384,0.9429020285606384,0.105,0.8,0.05,False,,approve,High-confidence approve recommendation under the calibrated probability policy.,Model-native approximation using global importance fallback: parsed_father_gross_income (0.042); parsed_father_income_document (0.039); parsed_father_annual_income_from_work_status (0.030)
2048,Export,"Wellspring Learning Community School, Ain El Remmaneh",Undergraduate,Lebanon,Lebanon Finland,0,0.026352250948548317,0.9736477490514517,0.105,0.8,0.05,False,,review,Manual review required because the case is too close to the policy threshold.,Model-native approximation using global importance fallback: parsed_father_gross_income (0.042); parsed_father_income_document (0.039); parsed_father_annual_income_from_work_status (0.030)
2493,Export,"Deutsche Internationale Schule Beirut (DISB), Khaldah",Undergraduate,Canada,Canada Lebanon,0,0.027170296758413315,0.9728297032415867,0.105,0.8,0.05,False,,review,Manual review required because the case is too close to the policy threshold.,Model-native approximation using global importance fallback: parsed_father_gross_income (0.042); parsed_father_income_document (0.039); parsed_father_annual_income_from_work_status (0.030)
2561,Export,"Saint Mary's Orthodox College (SMOC), Beirut",Undergraduate,Lebanon,Lebanon,0,0.22538669407367706,0.7746133059263229,0.105,0.8,0.05,False,,review,Manual review required because model confidence is not high enough for auto-routing.,Model-native approximation using global importance fallback: parsed_father_gross_income (0.042); parsed_father_income_document (0.039); parsed_father_annual_income_from_work_status (0.030)
2764,Export,"Greenfield College, Bir Hassan",Undergraduate,Lebanon,Lebanon Russia,0,0.06956226378679276,0.9304377362132072,0.105,0.8,0.05,False,,review,Manual review required because the case is too close to the policy threshold.,Model-native approximation using global importance fallback: parsed_father_gross_income (0.042); parsed_father_income_document (0.039); parsed_father_annual_income_from_work_status (0.030)
2169,Export,"College Des Saints Coeur Kfarhbab, Kfarhbab Keserwan",Undergraduate,Lebanon,Lebanon,1,0.5285220742225647,0.5285220742225647,0.105,0.8,0.05,False,,review,Manual review required because model confidence is not high enough for auto-routing.,Model-native approximation using global importance fallback: parsed_father_gross_income (0.042); parsed_father_income_document (0.039); parsed_father_annual_income_from_work_status (0.030)
2778,Export,Al-Hayat International School,Undergraduate,Palestine,Palestine United States,0,0.1387559175491333,0.8612440824508667,0.105,0.8,0.05,False,,review,Manual review required because the case is too close to the policy threshold.,Model-native approximation using global importance fallback: parsed_father_gross_income (0.042); parsed_father_income_document (0.039); parsed_father_annual_income_from_work_status (0.030)
1161,Export,"Al Iman School, Raml Al Zarif Beirut",Undergraduate,Lebanon,Lebanon,1,0.7518693804740906,0.7518693804740906,0.105,0.8,0.05,False,,review,Manual review required because model confidence is not high enough for auto-routing.,Model-native approximation using global importance fallback: parsed_father_gross_income (0.042); parsed_father_income_document (0.039); parsed_father_annual_income_from_work_status (0.030)
243,Export,,Graduate,Palestine,Palestine,1,0.973183810710907,0.973183810710907,0.105,0.8,0.05,True,parsed_level=Graduate,review,Manual review required because subgroup fairness safeguards were triggered.,Model-native approximation using global importance fallback: parsed_father_gross_income (0.042); parsed_father_income_document (0.039); parsed_father_annual_income_from_work_status (0.030)
1691,Export,,Undergraduate,Palestine,Palestine,1,0.8318337202072144,0.8318337202072144,0.105,0.8,0.05,False,,approve,High-confidence approve recommendation under the calibrated probability policy.,Model-native approximation using global importance fallback: parsed_father_gross_income (0.042); parsed_father_income_document (0.039); parsed_father_annual_income_from_work_status (0.030)
2863,Export,Antonine Sisters School - Mar Elias Ghazir,Undergraduate,Lebanon,Lebanon,0,0.10681816190481186,0.8931818380951881,0.105,0.8,0.05,False,,review,Manual review required because the case is too close to the policy threshold.,Model-native approximation using global importance fallback: parsed_father_gross_income (0.042); parsed_father_income_document (0.039); parsed_father_annual_income_from_work_status (0.030)
3033,Export,Jubilee school,Undergraduate,Jordan,Jordan,1,0.20260126888751984,0.7973987311124802,0.105,0.8,0.05,False,,review,Manual review required because the case is too close to the policy threshold.,Model-native approximation using global importance fallback: parsed_father_gross_income (0.042); parsed_father_income_document (0.039); parsed_father_annual_income_from_work_status (0.030)
1266,Export,The International School of Choueifat - Choueifat,Undergraduate,Lebanon,Lebanon United States,1,0.7742711901664734,0.7742711901664734,0.105,0.8,0.05,False,,review,Manual review required because model confidence is not high enough for auto-routing.,Model-native approximation using global importance fallback: parsed_father_gross_income (0.042); parsed_father_income_document (0.039); parsed_father_annual_income_from_work_status (0.030)
3031,Export,"Beirut Annuciation Orthodox College (BAC), Achrafieh",Undergraduate,Lebanon,Lebanon,1,0.8614163994789124,0.8614163994789124,0.105,0.8,0.05,False,,approve,High-confidence approve recommendation under the calibrated probability policy.,Model-native approximation using global importance fallback: parsed_father_gross_income (0.042); parsed_father_income_document (0.039); parsed_father_annual_income_from_work_status (0.030)
2636,Export,"College Notre Dame de Jamhour, Baabda",Undergraduate,Lebanon,Lebanon,1,0.93505859375,0.93505859375,0.105,0.8,0.05,False,,approve,High-confidence approve recommendation under the calibrated probability policy.,Model-native approximation using global importance fallback: parsed_father_gross_income (0.042); parsed_father_income_document (0.039); parsed_father_annual_income_from_work_status (0.030)
1440,Export,"College Louise Wegmann, Beruit",Undergraduate,Lebanon,Lebanon Brazil,1,0.8973709344863892,0.8973709344863892,0.105,0.8,0.05,False,,approve,High-confidence approve recommendation under the calibrated probability policy.,Model-native approximation using global importance fallback: parsed_father_gross_income (0.042); parsed_father_income_document (0.039); parsed_father_annual_income_from_work_status (0.030)
3060,Export,"Ras Beirut International School, Ghobeiry",Undergraduate,Lebanon,Lebanon,0,0.6744030714035034,0.6744030714035034,0.105,0.8,0.05,False,,review,Manual review required because model confidence is not high enough for auto-routing.,Model-native approximation using global importance fallback: parsed_father_gross_income (0.042); parsed_father_income_document (0.039); parsed_father_annual_income_from_work_status (0.030)
841,Export,"College Notre Dame de Jamhour, Baabda",Undergraduate,Lebanon,Lebanon,0,0.008391695097088814,0.9916083049029112,0.105,0.8,0.05,False,,review,Manual review required because the case is too close to the policy threshold.,Model-native approximation using global importance fallback: parsed_father_gross_income (0.042); parsed_father_income_document (0.039); parsed_father_annual_income_from_work_status (0.030)
1117,Export,The International School of Choueifat - Dubai,Undergraduate,Lebanon,Lebanon,0,0.05040276050567627,0.9495972394943237,0.105,0.8,0.05,False,,review,Manual review required because the case is too close to the policy threshold.,Model-native approximation using global importance fallback: parsed_father_gross_income (0.042); parsed_father_income_document (0.039); parsed_father_annual_income_from_work_status (0.030)
2023,Export,,Undergraduate,Canada,Canada Lebanon,0,0.7396933436393738,0.7396933436393738,0.105,0.8,0.05,False,,review,Manual review required because model confidence is not high enough for auto-routing.,Model-native approximation using global importance fallback: parsed_father_gross_income (0.042); parsed_father_income_document (0.039); parsed_father_annual_income_from_work_status (0.030)
1181,Export,"Lycée Franco Libanais, Verdun",Undergraduate,United States,United States Lebanon,0,0.32456156611442566,0.6754384338855743,0.105,0.8,0.05,False,,review,Manual review required because model confidence is not high enough for auto-routing.,Model-native approximation using global importance fallback: parsed_father_gross_income (0.042); parsed_father_income_document (0.039); parsed_father_annual_income_from_work_status (0.030)
971,Export,"The Martyr Hasan Kassir Secondary School, Bir Hassan",Undergraduate,Lebanon,Lebanon,1,0.9639432430267334,0.9639432430267334,0.105,0.8,0.05,False,,approve,High-confidence approve recommendation under the calibrated probability policy.,Model-native approximation using global importance fallback: parsed_father_gross_income (0.042); parsed_father_income_document (0.039); parsed_father_annual_income_from_work_status (0.030)
588,Export,,Professional,Lebanon,,0,0.7403385043144226,0.7403385043144226,0.105,0.8,0.05,False,,review,Manual review required because model confidence is not high enough for auto-routing.,Model-native approximation using global importance fallback: parsed_father_gross_income (0.042); parsed_father_income_document (0.039); parsed_father_annual_income_from_work_status (0.030)
2211,Export,"College Notre Dame de Jamhour, Baabda",Undergraduate,Lebanon,Lebanon,0,0.023613357916474342,0.9763866420835257,0.105,0.8,0.05,False,,review,Manual review required because the case is too close to the policy threshold.,Model-native approximation using global importance fallback: parsed_father_gross_income (0.042); parsed_father_income_document (0.039); parsed_father_annual_income_from_work_status (0.030)
529,Export,,Undergraduate,Lebanon,Lebanon,1,0.6924374103546143,0.6924374103546143,0.105,0.8,0.05,False,,review,Manual review required because model confidence is not high enough for auto-routing.,Model-native approximation using global importance fallback: parsed_father_gross_income (0.042); parsed_father_income_document (0.039); parsed_father_annual_income_from_work_status (0.030)
2724,Export,,Undergraduate,Lebanon,Lebanon,1,0.9284242391586304,0.9284242391586304,0.105,0.8,0.05,False,,approve,High-confidence approve recommendation under the calibrated probability policy.,Model-native approximation using global importance fallback: parsed_father_gross_income (0.042); parsed_father_income_document (0.039); parsed_father_annual_income_from_work_status (0.030)
2619,Export,"Ras Beirut International School, Ghobeiry",Undergraduate,Lebanon,Lebanon,0,0.9555479288101196,0.9555479288101196,0.105,0.8,0.05,False,,approve,High-confidence approve recommendation under the calibrated probability policy.,Model-native approximation using global importance fallback: parsed_father_gross_income (0.042); parsed_father_income_document (0.039); parsed_father_annual_income_from_work_status (0.030)
1783,Export,"Le Lycee National, Choueifat",Undergraduate,Lebanon,Lebanon,0,0.057342734187841415,0.9426572658121586,0.105,0.8,0.05,False,,review,Manual review required because the case is too close to the policy threshold.,Model-native approximation using global importance fallback: parsed_father_gross_income (0.042); parsed_father_income_document (0.039); parsed_father_annual_income_from_work_status (0.030)
1356,Export,"College Des Freres Mont la Salle (MLS), Ain Saade",Undergraduate,Lebanon,Lebanon,0,0.07311783730983734,0.9268821626901627,0.105,0.8,0.05,False,,review,Manual review required because the case is too close to the policy threshold.,Model-native approximation using global importance fallback: parsed_father_gross_income (0.042); parsed_father_income_document (0.039); parsed_father_annual_income_from_work_status (0.030)
1153,Export,"Antonine International School (AIS), Ajaltoun",Undergraduate,Lebanon,Lebanon Greece,0,0.009388478472828865,0.9906115215271711,0.105,0.8,0.05,False,,review,Manual review required because the case is too close to the policy threshold.,Model-native approximation using global importance fallback: parsed_father_gross_income (0.042); parsed_father_income_document (0.039); parsed_father_annual_income_from_work_status (0.030)
1858,Export,"Ecole des Filles de la Charite, Clemeceau",Undergraduate,United States,United States Lebanon,1,0.9716415405273438,0.9716415405273438,0.105,0.8,0.05,False,,approve,High-confidence approve recommendation under the calibrated probability policy.,Model-native approximation using global importance fallback: parsed_father_gross_income (0.042); parsed_father_income_document (0.039); parsed_father_annual_income_from_work_status (0.030)
2845,Export,"Le College Mariste Notre Dame de Lourdes, Amchit",Undergraduate,Lebanon,Lebanon,0,0.5336433053016663,0.5336433053016663,0.105,0.8,0.05,False,,review,Manual review required because model confidence is not high enough for auto-routing.,Model-native approximation using global importance fallback: parsed_father_gross_income (0.042); parsed_father_income_document (0.039); parsed_father_annual_income_from_work_status (0.030)
2414,Export,,Professional,Lebanon,,1,0.9319978356361389,0.9319978356361389,0.105,0.8,0.05,False,,approve,High-confidence approve recommendation under the calibrated probability policy.,Model-native approximation using global importance fallback: parsed_father_gross_income (0.042); parsed_father_income_document (0.039); parsed_father_annual_income_from_work_status (0.030)
576,Export,"Sagesse High School, Ain Saade",Undergraduate,Lebanon,Lebanon,1,0.8281862139701843,0.8281862139701843,0.105,0.8,0.05,False,,approve,High-confidence approve recommendation under the calibrated probability policy.,Model-native approximation using global importance fallback: parsed_father_gross_income (0.042); parsed_father_income_document (0.039); parsed_father_annual_income_from_work_status (0.030)
1675,Export,"Der Yassin Coeducational Secondary School UNRWA, Tyre",Undergraduate,Palestine,Palestine,1,0.8770875334739685,0.8770875334739685,0.105,0.8,0.05,False,,approve,High-confidence approve recommendation under the calibrated probability policy.,Model-native approximation using global importance fallback: parsed_father_gross_income (0.042); parsed_father_income_document (0.039); parsed_father_annual_income_from_work_status (0.030)
2268,Export,"SABIS International School - Yas Island, Abu Dhabi",Undergraduate,Lebanon,Lebanon,0,0.061822082847356796,0.9381779171526432,0.105,0.8,0.05,False,,review,Manual review required because the case is too close to the policy threshold.,Model-native approximation using global importance fallback: parsed_father_gross_income (0.042); parsed_father_income_document (0.039); parsed_father_annual_income_from_work_status (0.030)
2492,Export,,Undergraduate,Lebanon,Lebanon Mexico,0,0.5508783459663391,0.5508783459663391,0.105,0.8,0.05,False,,review,Manual review required because model confidence is not high enough for auto-routing.,Model-native approximation using global importance fallback: parsed_father_gross_income (0.042); parsed_father_income_document (0.039); parsed_father_annual_income_from_work_status (0.030)
2310,Export,"College Mariste Champville, Antelias",Undergraduate,Lebanon,Lebanon United States,1,0.7471818327903748,0.7471818327903748,0.105,0.8,0.05,False,,review,Manual review required because model confidence is not high enough for auto-routing.,Model-native approximation using global importance fallback: parsed_father_gross_income (0.042); parsed_father_income_document (0.039); parsed_father_annual_income_from_work_status (0.030)
1959,Export,"Sagesse High School, Ain Saade",Undergraduate,Lebanon,Lebanon,1,0.797300398349762,0.797300398349762,0.105,0.8,0.05,False,,review,Manual review required because model confidence is not high enough for auto-routing.,Model-native approximation using global importance fallback: parsed_father_gross_income (0.042); parsed_father_income_document (0.039); parsed_father_annual_income_from_work_status (0.030)
2123,Export,"College Louise Wegmann, Beruit",Undergraduate,Lebanon,Lebanon,1,0.20178675651550293,0.7982132434844971,0.105,0.8,0.05,False,,review,Manual review required because the case is too close to the policy threshold.,Model-native approximation using global importance fallback: parsed_father_gross_income (0.042); parsed_father_income_document (0.039); parsed_father_annual_income_from_work_status (0.030)
2116,Export,"Hariri School III, Tareek Al Jadeeda",Undergraduate,Palestine,Palestine,1,0.9390347003936768,0.9390347003936768,0.105,0.8,0.05,False,,approve,High-confidence approve recommendation under the calibrated probability policy.,Model-native approximation using global importance fallback: parsed_father_gross_income (0.042); parsed_father_income_document (0.039); parsed_father_annual_income_from_work_status (0.030)
2950,Export,"Saint Mary's Orthodox College (SMOC), Beirut",Undergraduate,Lebanon,Lebanon,1,0.8611106872558594,0.8611106872558594,0.105,0.8,0.05,False,,approve,High-confidence approve recommendation under the calibrated probability policy.,Model-native approximation using global importance fallback: parsed_father_gross_income (0.042); parsed_father_income_document (0.039); parsed_father_annual_income_from_work_status (0.030)
154,Export,"College Notre Dame de Nazareth (NDN), Achrafieh",Undergraduate,Lebanon,Lebanon,0,0.6257278323173523,0.6257278323173523,0.105,0.8,0.05,False,,review,Manual review required because model confidence is not high enough for auto-routing.,Model-native approximation using global importance fallback: parsed_father_gross_income (0.042); parsed_father_income_document (0.039); parsed_father_annual_income_from_work_status (0.030)
1574,Export,"College Notre Dame de Nazareth (NDN), Achrafieh",Undergraduate,Lebanon,Lebanon,1,0.9080261588096619,0.9080261588096619,0.105,0.8,0.05,False,,approve,High-confidence approve recommendation under the calibrated probability policy.,Model-native approximation using global importance fallback: parsed_father_gross_income (0.042); parsed_father_income_document (0.039); parsed_father_annual_income_from_work_status (0.030)
2288,Export,"Jesus & Mary School, Rabweh",Undergraduate,Lebanon,Lebanon,0,0.5428245067596436,0.5428245067596436,0.105,0.8,0.05,False,,review,Manual review required because model confidence is not high enough for auto-routing.,Model-native approximation using global importance fallback: parsed_father_gross_income (0.042); parsed_father_income_document (0.039); parsed_father_annual_income_from_work_status (0.030)
2810,Export,,Graduate,Lebanon,Lebanon,1,0.8481122851371765,0.8481122851371765,0.105,0.8,0.05,True,parsed_level=Graduate,review,Manual review required because subgroup fairness safeguards were triggered.,Model-native approximation using global importance fallback: parsed_father_gross_income (0.042); parsed_father_income_document (0.039); parsed_father_annual_income_from_work_status (0.030)
1355,Export,The International School of Choueifat - Doha,Undergraduate,Lebanon,Lebanon,0,0.13415342569351196,0.865846574306488,0.105,0.8,0.05,False,,review,Manual review required because the case is too close to the policy threshold.,Model-native approximation using global importance fallback: parsed_father_gross_income (0.042); parsed_father_income_document (0.039); parsed_father_annual_income_from_work_status (0.030)
1056,Export,"Shouf National College, Chouf",Undergraduate,Lebanon,Lebanon Grenada,1,0.657920777797699,0.657920777797699,0.105,0.8,0.05,False,,review,Manual review required because model confidence is not high enough for auto-routing.,Model-native approximation using global importance fallback: parsed_father_gross_income (0.042); parsed_father_income_document (0.039); parsed_father_annual_income_from_work_status (0.030)
1812,Export,"International School of Choueifat, Koura",Undergraduate,Lebanon,Lebanon,1,0.41009628772735596,0.589903712272644,0.105,0.8,0.05,False,,review,Manual review required because model confidence is not high enough for auto-routing.,Model-native approximation using global importance fallback: parsed_father_gross_income (0.042); parsed_father_income_document (0.039); parsed_father_annual_income_from_work_status (0.030)
2568,Export,"Zahrat Al Ihsan School, Achrafieh",Undergraduate,Lebanon,Lebanon,1,0.8246364593505859,0.8246364593505859,0.105,0.8,0.05,False,,approve,High-confidence approve recommendation under the calibrated probability policy.,Model-native approximation using global importance fallback: parsed_father_gross_income (0.042); parsed_father_income_document (0.039); parsed_father_annual_income_from_work_status (0.030)
2165,Export,"Amjad School, Choueifat",Undergraduate,Lebanon,Lebanon,1,0.7964380383491516,0.7964380383491516,0.105,0.8,0.05,False,,review,Manual review required because model confidence is not high enough for auto-routing.,Model-native approximation using global importance fallback: parsed_father_gross_income (0.042); parsed_father_income_document (0.039); parsed_father_annual_income_from_work_status (0.030)
2812,Export,,Professional,Lebanon,Lebanon,0,0.0423443578183651,0.9576556421816349,0.105,0.8,0.05,False,,review,Manual review required because the case is too close to the policy threshold.,Model-native approximation using global importance fallback: parsed_father_gross_income (0.042); parsed_father_income_document (0.039); parsed_father_annual_income_from_work_status (0.030)
502,Export,,Undergraduate,Palestine,Palestine,1,0.928361713886261,0.928361713886261,0.105,0.8,0.05,False,,approve,High-confidence approve recommendation under the calibrated probability policy.,Model-native approximation using global importance fallback: parsed_father_gross_income (0.042); parsed_father_income_document (0.039); parsed_father_annual_income_from_work_status (0.030)
1576,Export,,Graduate,Malawi,Malawi,1,0.8648390173912048,0.8648390173912048,0.105,0.8,0.05,True,parsed_level=Graduate,review,Manual review required because subgroup fairness safeguards were triggered.,Model-native approximation using global importance fallback: parsed_father_gross_income (0.042); parsed_father_income_document (0.039); parsed_father_annual_income_from_work_status (0.030)
2016,Export,,Undergraduate,Lebanon,Lebanon,0,0.035680413246154785,0.9643195867538452,0.105,0.8,0.05,False,,review,Manual review required because the case is too close to the policy threshold.,Model-native approximation using global importance fallback: parsed_father_gross_income (0.042); parsed_father_income_document (0.039); parsed_father_annual_income_from_work_status (0.030)
2734,Export,Collège Saint Joseph Antoura,Undergraduate,Lebanon,Lebanon,1,0.7066496014595032,0.7066496014595032,0.105,0.8,0.05,False,,review,Manual review required because model confidence is not high enough for auto-routing.,Model-native approximation using global importance fallback: parsed_father_gross_income (0.042); parsed_father_income_document (0.039); parsed_father_annual_income_from_work_status (0.030)
562,Export,"Greenfield College, Bir Hassan",Undergraduate,Lebanon,Lebanon Brazil,1,0.8778274655342102,0.8778274655342102,0.105,0.8,0.05,False,,approve,High-confidence approve recommendation under the calibrated probability policy.,Model-native approximation using global importance fallback: parsed_father_gross_income (0.042); parsed_father_income_document (0.039); parsed_father_annual_income_from_work_status (0.030)
2902,Export,"Al Bayader High School Aramoun, Aramoun",Undergraduate,Lebanon,Lebanon,0,0.2221611589193344,0.7778388410806656,0.105,0.8,0.05,False,,review,Manual review required because model confidence is not high enough for auto-routing.,Model-native approximation using global importance fallback: parsed_father_gross_income (0.042); parsed_father_income_document (0.039); parsed_father_annual_income_from_work_status (0.030)
1663,Export,,Undergraduate,Lebanon,Lebanon,0,0.2779562771320343,0.7220437228679657,0.105,0.8,0.05,False,,review,Manual review required because model confidence is not high enough for auto-routing.,Model-native approximation using global importance fallback: parsed_father_gross_income (0.042); parsed_father_income_document (0.039); parsed_father_annual_income_from_work_status (0.030)
347,Export,,Graduate,Lebanon,Lebanon,1,0.9204978942871094,0.9204978942871094,0.105,0.8,0.05,True,parsed_level=Graduate,review,Manual review required because subgroup fairness safeguards were triggered.,Model-native approximation using global importance fallback: parsed_father_gross_income (0.042); parsed_father_income_document (0.039); parsed_father_annual_income_from_work_status (0.030)
2956,Export,,Professional,Lebanon,Lebanon,1,0.8961663246154785,0.8961663246154785,0.105,0.8,0.05,False,,approve,High-confidence approve recommendation under the calibrated probability policy.,Model-native approximation using global importance fallback: parsed_father_gross_income (0.042); parsed_father_income_document (0.039); parsed_father_annual_income_from_work_status (0.030)
1316,Export,"Tripoli Evangelical School for Girls and Boys, Rasmaska",Undergraduate,Lebanon,Lebanon Venezuela,1,0.2949255704879761,0.7050744295120239,0.105,0.8,0.05,False,,review,Manual review required because model confidence is not high enough for auto-routing.,Model-native approximation using global importance fallback: parsed_father_gross_income (0.042); parsed_father_income_document (0.039); parsed_father_annual_income_from_work_status (0.030)
239,Export,,Professional,Lebanon,,1,0.9128204584121704,0.9128204584121704,0.105,0.8,0.05,False,,approve,High-confidence approve recommendation under the calibrated probability policy.,Model-native approximation using global importance fallback: parsed_father_gross_income (0.042); parsed_father_income_document (0.039); parsed_father_annual_income_from_work_status (0.030)
248,Export,"International College (IC), Beirut",Undergraduate,Lebanon,Lebanon,1,0.3930127024650574,0.6069872975349426,0.105,0.8,0.05,False,,review,Manual review required because model confidence is not high enough for auto-routing.,Model-native approximation using global importance fallback: parsed_father_gross_income (0.042); parsed_father_income_document (0.039); parsed_father_annual_income_from_work_status (0.030)
51,Export,King Khaled International School,Undergraduate,Lebanon,Lebanon,0,0.03394847735762596,0.966051522642374,0.105,0.8,0.05,False,,review,Manual review required because the case is too close to the policy threshold.,Model-native approximation using global importance fallback: parsed_father_gross_income (0.042); parsed_father_income_document (0.039); parsed_father_annual_income_from_work_status (0.030)
1713,Export,"Lycee Montaigne, Beit Chabab",Undergraduate,Lebanon,Lebanon,1,0.6035392880439758,0.6035392880439758,0.105,0.8,0.05,False,,review,Manual review required because model confidence is not high enough for auto-routing.,Model-native approximation using global importance fallback: parsed_father_gross_income (0.042); parsed_father_income_document (0.039); parsed_father_annual_income_from_work_status (0.030)
676,Export,"Grand Lycee Franco Libanais, Achrafieh",Undergraduate,United States,United States Lebanon,0,0.264780193567276,0.735219806432724,0.105,0.8,0.05,False,,review,Manual review required because model confidence is not high enough for auto-routing.,Model-native approximation using global importance fallback: parsed_father_gross_income (0.042); parsed_father_income_document (0.039); parsed_father_annual_income_from_work_status (0.030)
2156,Export,"College Notre Dame de Jamhour, Baabda",Undergraduate,Lebanon,Lebanon Brazil,1,0.47331684827804565,0.5266831517219543,0.105,0.8,0.05,False,,review,Manual review required because model confidence is not high enough for auto-routing.,Model-native approximation using global importance fallback: parsed_father_gross_income (0.042); parsed_father_income_document (0.039); parsed_father_annual_income_from_work_status (0.030)
1019,Export,"College Louise Wegmann, Beruit",Undergraduate,Lebanon,Lebanon,0,0.8649603128433228,0.8649603128433228,0.105,0.8,0.05,False,,approve,High-confidence approve recommendation under the calibrated probability policy.,Model-native approximation using global importance fallback: parsed_father_gross_income (0.042); parsed_father_income_document (0.039); parsed_father_annual_income_from_work_status (0.030)
1688,Export,,Undergraduate,Lebanon,Lebanon Armenia,0,0.4400146007537842,0.5599853992462158,0.105,0.8,0.05,False,,review,Manual review required because model confidence is not high enough for auto-routing.,Model-native approximation using global importance fallback: parsed_father_gross_income (0.042); parsed_father_income_document (0.039); parsed_father_annual_income_from_work_status (0.030)
1954,Export,"College Notre Dame de Nazareth (NDN), Achrafieh",Undergraduate,Lebanon,Lebanon,1,0.9229143261909485,0.9229143261909485,0.105,0.8,0.05,False,,approve,High-confidence approve recommendation under the calibrated probability policy.,Model-native approximation using global importance fallback: parsed_father_gross_income (0.042); parsed_father_income_document (0.039); parsed_father_annual_income_from_work_status (0.030)
370,Export,"College du Carmel Saint Joseph Mechref (CCSJ), Mechref",Undergraduate,Lebanon,Lebanon,1,0.9023091793060303,0.9023091793060303,0.105,0.8,0.05,False,,approve,High-confidence approve recommendation under the calibrated probability policy.,Model-native approximation using global importance fallback: parsed_father_gross_income (0.042); parsed_father_income_document (0.039); parsed_father_annual_income_from_work_status (0.030)
285,Export,"Antonine International School (AIS), Ajaltoun",Undergraduate,Lebanon,Lebanon,0,0.0125475088134408,0.9874524911865592,0.105,0.8,0.05,False,,review,Manual review required because the case is too close to the policy threshold.,Model-native approximation using global importance fallback: parsed_father_gross_income (0.042); parsed_father_income_document (0.039); parsed_father_annual_income_from_work_status (0.030)
2771,Export,"College Notre Dame de Nazareth (NDN), Achrafieh",Undergraduate,Lebanon,Lebanon,1,0.8550776839256287,0.8550776839256287,0.105,0.8,0.05,False,,approve,High-confidence approve recommendation under the calibrated probability policy.,Model-native approximation using global importance fallback: parsed_father_gross_income (0.042); parsed_father_income_document (0.039); parsed_father_annual_income_from_work_status (0.030)
2305,Export,"Amjad School, Choueifat",Undergraduate,Lebanon,Lebanon France,1,0.8665544986724854,0.8665544986724854,0.105,0.8,0.05,False,,approve,High-confidence approve recommendation under the calibrated probability policy.,Model-native approximation using global importance fallback: parsed_father_gross_income (0.042); parsed_father_income_document (0.039); parsed_father_annual_income_from_work_status (0.030)
2985,Export,,Graduate,Lebanon,Lebanon,1,0.7767667174339294,0.7767667174339294,0.105,0.8,0.05,True,parsed_level=Graduate,review,Manual review required because subgroup fairness safeguards were triggered.,Model-native approximation using global importance fallback: parsed_father_gross_income (0.042); parsed_father_income_document (0.039); parsed_father_annual_income_from_work_status (0.030)
3047,Export,Lycée Français International Elite Beyrou,Undergraduate,Lebanon,Lebanon,0,0.4187871515750885,0.5812128484249115,0.105,0.8,0.05,False,,review,Manual review required because model confidence is not high enough for auto-routing.,Model-native approximation using global importance fallback: parsed_father_gross_income (0.042); parsed_father_income_document (0.039); parsed_father_annual_income_from_work_status (0.030)
2842,Export,,Graduate,Lebanon,Lebanon,1,0.9643235206604004,0.9643235206604004,0.105,0.8,0.05,True,parsed_level=Graduate,review,Manual review required because subgroup fairness safeguards were triggered.,Model-native approximation using global importance fallback: parsed_father_gross_income (0.042); parsed_father_income_document (0.039); parsed_father_annual_income_from_work_status (0.030)
2542,Export,,Undergraduate,Lebanon,Lebanon,0,0.5662394762039185,0.5662394762039185,0.105,0.8,0.05,False,,review,Manual review required because model confidence is not high enough for auto-routing.,Model-native approximation using global importance fallback: parsed_father_gross_income (0.042); parsed_father_income_document (0.039); parsed_father_annual_income_from_work_status (0.030)
2504,Export,"Patriarcal College, Beirut",Undergraduate,Jordan,Jordan,1,0.8982096314430237,0.8982096314430237,0.105,0.8,0.05,False,,approve,High-confidence approve recommendation under the calibrated probability policy.,Model-native approximation using global importance fallback: parsed_father_gross_income (0.042); parsed_father_income_document (0.039); parsed_father_annual_income_from_work_status (0.030)
828,Export,,Graduate,Lebanon,Lebanon,1,0.855856716632843,0.855856716632843,0.105,0.8,0.05,True,parsed_level=Graduate,review,Manual review required because subgroup fairness safeguards were triggered.,Model-native approximation using global importance fallback: parsed_father_gross_income (0.042); parsed_father_income_document (0.039); parsed_father_annual_income_from_work_status (0.030)
2226,Export,"Official Secondary School Dhour Al Shweir, Dhour El Choueir",Undergraduate,Lebanon,Lebanon,1,0.8206804394721985,0.8206804394721985,0.105,0.8,0.05,False,,approve,High-confidence approve recommendation under the calibrated probability policy.,Model-native approximation using global importance fallback: parsed_father_gross_income (0.042); parsed_father_income_document (0.039); parsed_father_annual_income_from_work_status (0.030)
679,Export,"College des Soeurs des Saints Coeurs Zahle Rassieh, Zahle",Undergraduate,Lebanon,Lebanon,0,0.376228392124176,0.623771607875824,0.105,0.8,0.05,False,,review,Manual review required because model confidence is not high enough for auto-routing.,Model-native approximation using global importance fallback: parsed_father_gross_income (0.042); parsed_father_income_document (0.039); parsed_father_annual_income_from_work_status (0.030)
707,Export,"Hariri High School II, Beirut",Undergraduate,Lebanon,Lebanon,0,0.9182485342025757,0.9182485342025757,0.105,0.8,0.05,False,,approve,High-confidence approve recommendation under the calibrated probability policy.,Model-native approximation using global importance fallback: parsed_father_gross_income (0.042); parsed_father_income_document (0.039); parsed_father_annual_income_from_work_status (0.030)
317,Export,"Al Makassed Omar Bin Al Khattab College, Beirut",Undergraduate,Lebanon,Lebanon,1,0.7311462163925171,0.7311462163925171,0.105,0.8,0.05,False,,review,Manual review required because model confidence is not high enough for auto-routing.,Model-native approximation using global importance fallback: parsed_father_gross_income (0.042); parsed_father_income_document (0.039); parsed_father_annual_income_from_work_status (0.030)
1396,Export,,Graduate,Lebanon,Lebanon,0,0.46630844473838806,0.5336915552616119,0.105,0.8,0.05,True,parsed_level=Graduate,review,Manual review required because subgroup fairness safeguards were triggered.,Model-native approximation using global importance fallback: parsed_father_gross_income (0.042); parsed_father_income_document (0.039); parsed_father_annual_income_from_work_status (0.030)
2340,Export,"Hariri High School II, Beirut",Undergraduate,Lebanon,Lebanon,0,0.546100914478302,0.546100914478302,0.105,0.8,0.05,False,,review,Manual review required because model confidence is not high enough for auto-routing.,Model-native approximation using global importance fallback: parsed_father_gross_income (0.042); parsed_father_income_document (0.039); parsed_father_annual_income_from_work_status (0.030)
2401,Export,"College Saint Charbel Jieh, Jiyeh",Undergraduate,Lebanon,Lebanon,0,0.6041971445083618,0.6041971445083618,0.105,0.8,0.05,False,,review,Manual review required because model confidence is not high enough for auto-routing.,Model-native approximation using global importance fallback: parsed_father_gross_income (0.042); parsed_father_income_document (0.039); parsed_father_annual_income_from_work_status (0.030)
2369,Export,"Irfan Secondary School, Chouf",Undergraduate,Lebanon,Lebanon,1,0.9527304768562317,0.9527304768562317,0.105,0.8,0.05,False,,approve,High-confidence approve recommendation under the calibrated probability policy.,Model-native approximation using global importance fallback: parsed_father_gross_income (0.042); parsed_father_income_document (0.039); parsed_father_annual_income_from_work_status (0.030)
1977,Export,,Professional,Lebanon,Lebanon,1,0.845774233341217,0.845774233341217,0.105,0.8,0.05,False,,approve,High-confidence approve recommendation under the calibrated probability policy.,Model-native approximation using global importance fallback: parsed_father_gross_income (0.042); parsed_father_income_document (0.039); parsed_father_annual_income_from_work_status (0.030)
2739,Export,"College des Saints Coeurs Sioufi, Achrafieh",Undergraduate,Lebanon,Lebanon,0,0.4418574869632721,0.5581425130367279,0.105,0.8,0.05,False,,review,Manual review required because model confidence is not high enough for auto-routing.,Model-native approximation using global importance fallback: parsed_father_gross_income (0.042); parsed_father_income_document (0.039); parsed_father_annual_income_from_work_status (0.030)
2152,Export,"Stars College, Zebdine",Undergraduate,Lebanon,Lebanon,0,0.31051644682884216,0.6894835531711578,0.105,0.8,0.05,False,,review,Manual review required because model confidence is not high enough for auto-routing.,Model-native approximation using global importance fallback: parsed_father_gross_income (0.042); parsed_father_income_document (0.039); parsed_father_annual_income_from_work_status (0.030)
554,Export,"West Hill College, Kabershmoun",Undergraduate,Lebanon,Lebanon,1,0.4120398163795471,0.5879601836204529,0.105,0.8,0.05,False,,review,Manual review required because model confidence is not high enough for auto-routing.,Model-native approximation using global importance fallback: parsed_father_gross_income (0.042); parsed_father_income_document (0.039); parsed_father_annual_income_from_work_status (0.030)
681,Export,,Professional,Lebanon,Lebanon,1,0.9537375569343567,0.9537375569343567,0.105,0.8,0.05,False,,approve,High-confidence approve recommendation under the calibrated probability policy.,Model-native approximation using global importance fallback: parsed_father_gross_income (0.042); parsed_father_income_document (0.039); parsed_father_annual_income_from_work_status (0.030)
70,Export,"Official Secondary School, Ras Baalbek",Undergraduate,Lebanon,Lebanon Australia,0,0.6784644722938538,0.6784644722938538,0.105,0.8,0.05,False,,review,Manual review required because model confidence is not high enough for auto-routing.,Model-native approximation using global importance fallback: parsed_father_gross_income (0.042); parsed_father_income_document (0.039); parsed_father_annual_income_from_work_status (0.030)
2803,Export,"International College (IC), Beirut",Undergraduate,Lebanon,Lebanon,1,0.8558492064476013,0.8558492064476013,0.105,0.8,0.05,False,,approve,High-confidence approve recommendation under the calibrated probability policy.,Model-native approximation using global importance fallback: parsed_father_gross_income (0.042); parsed_father_income_document (0.039); parsed_father_annual_income_from_work_status (0.030)
2452,Export,"Lycee Abdel Kader, Beirut",Undergraduate,Lebanon,Lebanon,1,0.9325534105300903,0.9325534105300903,0.105,0.8,0.05,False,,approve,High-confidence approve recommendation under the calibrated probability policy.,Model-native approximation using global importance fallback: parsed_father_gross_income (0.042); parsed_father_income_document (0.039); parsed_father_annual_income_from_work_status (0.030)
2210,Export,"Rawdat Al Fayhaa Secondary School, Tripoli",Undergraduate,Lebanon,Lebanon,1,0.925216019153595,0.925216019153595,0.105,0.8,0.05,False,,approve,High-confidence approve recommendation under the calibrated probability policy.,Model-native approximation using global importance fallback: parsed_father_gross_income (0.042); parsed_father_income_document (0.039); parsed_father_annual_income_from_work_status (0.030)
1597,Export,"Saint Mary's Orthodox College (SMOC), Beirut",Undergraduate,Lebanon,Lebanon Turkey,1,0.7400915026664734,0.7400915026664734,0.105,0.8,0.05,False,,review,Manual review required because model confidence is not high enough for auto-routing.,Model-native approximation using global importance fallback: parsed_father_gross_income (0.042); parsed_father_income_document (0.039); parsed_father_annual_income_from_work_status (0.030)
229,Export,,Graduate,Lebanon,Lebanon,1,0.7485320568084717,0.7485320568084717,0.105,0.8,0.05,True,parsed_level=Graduate,review,Manual review required because subgroup fairness safeguards were triggered.,Model-native approximation using global importance fallback: parsed_father_gross_income (0.042); parsed_father_income_document (0.039); parsed_father_annual_income_from_work_status (0.030)
38,Export,Saint Georges Bsalim School,Undergraduate,Lebanon,Lebanon,1,0.9138640761375427,0.9138640761375427,0.105,0.8,0.05,False,,approve,High-confidence approve recommendation under the calibrated probability policy.,Model-native approximation using global importance fallback: parsed_father_gross_income (0.042); parsed_father_income_document (0.039); parsed_father_annual_income_from_work_status (0.030)
2489,Export,,Undergraduate,Lebanon,Lebanon Canada,1,0.8984079957008362,0.8984079957008362,0.105,0.8,0.05,False,,approve,High-confidence approve recommendation under the calibrated probability policy.,Model-native approximation using global importance fallback: parsed_father_gross_income (0.042); parsed_father_income_document (0.039); parsed_father_annual_income_from_work_status (0.030)
2260,Export,"College Notre Dame de Jamhour, Baabda",Undergraduate,Lebanon,Lebanon,1,0.831439197063446,0.831439197063446,0.105,0.8,0.05,False,,approve,High-confidence approve recommendation under the calibrated probability policy.,Model-native approximation using global importance fallback: parsed_father_gross_income (0.042); parsed_father_income_document (0.039); parsed_father_annual_income_from_work_status (0.030)
2441,Export,"Beirut International School, Bchamoun",Undergraduate,Lebanon,Lebanon,1,0.7858160734176636,0.7858160734176636,0.105,0.8,0.05,False,,review,Manual review required because model confidence is not high enough for auto-routing.,Model-native approximation using global importance fallback: parsed_father_gross_income (0.042); parsed_father_income_document (0.039); parsed_father_annual_income_from_work_status (0.030)
770,Export,"Lebanese International School, Haret Hreik",Undergraduate,Lebanon,Lebanon,0,0.868291974067688,0.868291974067688,0.105,0.8,0.05,False,,approve,High-confidence approve recommendation under the calibrated probability policy.,Model-native approximation using global importance fallback: parsed_father_gross_income (0.042); parsed_father_income_document (0.039); parsed_father_annual_income_from_work_status (0.030)
2743,Export,Universal College - Aley,Undergraduate,Lebanon,Lebanon Canada,1,0.7630525231361389,0.7630525231361389,0.105,0.8,0.05,False,,review,Manual review required because model confidence is not high enough for auto-routing.,Model-native approximation using global importance fallback: parsed_father_gross_income (0.042); parsed_father_income_document (0.039); parsed_father_annual_income_from_work_status (0.030)
1187,Export,,Graduate,Lebanon,Lebanon Armenia,1,0.9101125001907349,0.9101125001907349,0.105,0.8,0.05,True,parsed_level=Graduate,review,Manual review required because subgroup fairness safeguards were triggered.,Model-native approximation using global importance fallback: parsed_father_gross_income (0.042); parsed_father_income_document (0.039); parsed_father_annual_income_from_work_status (0.030)
1006,Export,"Saint Joseph School Cornet Shehwan, Cornet Chahwan",Undergraduate,Lebanon,Lebanon,1,0.32406583428382874,0.6759341657161713,0.105,0.8,0.05,False,,review,Manual review required because model confidence is not high enough for auto-routing.,Model-native approximation using global importance fallback: parsed_father_gross_income (0.042); parsed_father_income_document (0.039); parsed_father_annual_income_from_work_status (0.030)
95,Export,Lebanese Evangelical School for Boys and Girls,Undergraduate,Lebanon,Lebanon,1,0.6334555745124817,0.6334555745124817,0.105,0.8,0.05,False,,review,Manual review required because model confidence is not high enough for auto-routing.,Model-native approximation using global importance fallback: parsed_father_gross_income (0.042); parsed_father_income_document (0.039); parsed_father_annual_income_from_work_status (0.030)
1354,Export,Rawdah High School,Undergraduate,Lebanon,Lebanon,1,0.6129757165908813,0.6129757165908813,0.105,0.8,0.05,False,,review,Manual review required because model confidence is not high enough for auto-routing.,Model-native approximation using global importance fallback: parsed_father_gross_income (0.042); parsed_father_income_document (0.039); parsed_father_annual_income_from_work_status (0.030)
1225,Export,"College Saint Sauveur (CSS), Badaro",Undergraduate,Egypt,Egypt,1,0.97188401222229,0.97188401222229,0.105,0.8,0.05,False,,approve,High-confidence approve recommendation under the calibrated probability policy.,Model-native approximation using global importance fallback: parsed_father_gross_income (0.042); parsed_father_income_document (0.039); parsed_father_annual_income_from_work_status (0.030)
2242,Export,Education and Teaching Secondary School (ETSS),Undergraduate,Lebanon,Lebanon,1,0.9350481629371643,0.9350481629371643,0.105,0.8,0.05,False,,approve,High-confidence approve recommendation under the calibrated probability policy.,Model-native approximation using global importance fallback: parsed_father_gross_income (0.042); parsed_father_income_document (0.039); parsed_father_annual_income_from_work_status (0.030)
183,Export,"Patriarcal College, Beirut",Undergraduate,Lebanon,Lebanon Turkey,0,0.44486209750175476,0.5551379024982452,0.105,0.8,0.05,False,,review,Manual review required because model confidence is not high enough for auto-routing.,Model-native approximation using global importance fallback: parsed_father_gross_income (0.042); parsed_father_income_document (0.039); parsed_father_annual_income_from_work_status (0.030)
459,Export,"Ecole Saint Maroun Soeurs Maronites de La Sainte Famille, Tripoli",Undergraduate,Lebanon,Lebanon,1,0.9346244931221008,0.9346244931221008,0.105,0.8,0.05,False,,approve,High-confidence approve recommendation under the calibrated probability policy.,Model-native approximation using global importance fallback: parsed_father_gross_income (0.042); parsed_father_income_document (0.039); parsed_father_annual_income_from_work_status (0.030)
1677,Export,"College du Sacre Coeur, Gemmayze",Undergraduate,Lebanon,Lebanon,0,0.9340837001800537,0.9340837001800537,0.105,0.8,0.05,False,,approve,High-confidence approve recommendation under the calibrated probability policy.,Model-native approximation using global importance fallback: parsed_father_gross_income (0.042); parsed_father_income_document (0.039); parsed_father_annual_income_from_work_status (0.030)
1624,Export,,Graduate,Lebanon,Lebanon,1,0.852490246295929,0.852490246295929,0.105,0.8,0.05,True,parsed_level=Graduate,review,Manual review required because subgroup fairness safeguards were triggered.,Model-native approximation using global importance fallback: parsed_father_gross_income (0.042); parsed_father_income_document (0.039); parsed_father_annual_income_from_work_status (0.030)
996,Export,"Lycee de la Finesse, Haret Hreik",Undergraduate,Lebanon,Lebanon,1,0.7121145129203796,0.7121145129203796,0.105,0.8,0.05,False,,review,Manual review required because model confidence is not high enough for auto-routing.,Model-native approximation using global importance fallback: parsed_father_gross_income (0.042); parsed_father_income_document (0.039); parsed_father_annual_income_from_work_status (0.030)
55,Export,,Undergraduate,Lebanon,Lebanon France,0,0.24840952455997467,0.7515904754400253,0.105,0.8,0.05,False,,review,Manual review required because model confidence is not high enough for auto-routing.,Model-native approximation using global importance fallback: parsed_father_gross_income (0.042); parsed_father_income_document (0.039); parsed_father_annual_income_from_work_status (0.030)
486,Export,"International College (IC), Beirut",Undergraduate,Lebanon,Lebanon,1,0.5086320042610168,0.5086320042610168,0.105,0.8,0.05,False,,review,Manual review required because model confidence is not high enough for auto-routing.,Model-native approximation using global importance fallback: parsed_father_gross_income (0.042); parsed_father_income_document (0.039); parsed_father_annual_income_from_work_status (0.030)
1930,Export,"Houssameddine Hariri High School, Saida",Undergraduate,Lebanon,Lebanon,1,0.5182814598083496,0.5182814598083496,0.105,0.8,0.05,False,,review,Manual review required because model confidence is not high enough for auto-routing.,Model-native approximation using global importance fallback: parsed_father_gross_income (0.042); parsed_father_income_document (0.039); parsed_father_annual_income_from_work_status (0.030)
425,Export,,Graduate,Lebanon,,1,0.8080759644508362,0.8080759644508362,0.105,0.8,0.05,True,parsed_level=Graduate,review,Manual review required because subgroup fairness safeguards were triggered.,Model-native approximation using global importance fallback: parsed_father_gross_income (0.042); parsed_father_income_document (0.039); parsed_father_annual_income_from_work_status (0.030)
2217,Export,"Saint Joseph School Cornet Shehwan, Cornet Chahwan",Undergraduate,Lebanon,Lebanon,1,0.8862926959991455,0.8862926959991455,0.105,0.8,0.05,False,,approve,High-confidence approve recommendation under the calibrated probability policy.,Model-native approximation using global importance fallback: parsed_father_gross_income (0.042); parsed_father_income_document (0.039); parsed_father_annual_income_from_work_status (0.030)
1338,Export,"Sagesse High School, Ain Saade",Undergraduate,Lebanon,Lebanon,0,0.7412976026535034,0.7412976026535034,0.105,0.8,0.05,False,,review,Manual review required because model confidence is not high enough for auto-routing.,Model-native approximation using global importance fallback: parsed_father_gross_income (0.042); parsed_father_income_document (0.039); parsed_father_annual_income_from_work_status (0.030)
1154,Export,"Wellspring Learning Community School, Ain El Remmaneh",Undergraduate,Lebanon,Lebanon,0,0.508226752281189,0.508226752281189,0.105,0.8,0.05,False,,review,Manual review required because model confidence is not high enough for auto-routing.,Model-native approximation using global importance fallback: parsed_father_gross_income (0.042); parsed_father_income_document (0.039); parsed_father_annual_income_from_work_status (0.030)
2283,Export,Sven Eriksonsgymnasiet,Undergraduate,Lebanon,Lebanon Sweden,0,0.09234540909528732,0.9076545909047127,0.105,0.8,0.05,False,,review,Manual review required because the case is too close to the policy threshold.,Model-native approximation using global importance fallback: parsed_father_gross_income (0.042); parsed_father_income_document (0.039); parsed_father_annual_income_from_work_status (0.030)
702,Export,"Rafic Hariri High School (RHHS), Saida",Undergraduate,Lebanon,Lebanon,1,0.9463556408882141,0.9463556408882141,0.105,0.8,0.05,False,,approve,High-confidence approve recommendation under the calibrated probability policy.,Model-native approximation using global importance fallback: parsed_father_gross_income (0.042); parsed_father_income_document (0.039); parsed_father_annual_income_from_work_status (0.030)
735,Export,Rawdah High School,Undergraduate,Lebanon,Lebanon,1,0.7599113583564758,0.7599113583564758,0.105,0.8,0.05,False,,review,Manual review required because model confidence is not high enough for auto-routing.,Model-native approximation using global importance fallback: parsed_father_gross_income (0.042); parsed_father_income_document (0.039); parsed_father_annual_income_from_work_status (0.030)
1231,Export,"Beirut Annuciation Orthodox College (BAC), Achrafieh",Undergraduate,Lebanon,Lebanon,0,0.3004909157752991,0.6995090842247009,0.105,0.8,0.05,False,,review,Manual review required because model confidence is not high enough for auto-routing.,Model-native approximation using global importance fallback: parsed_father_gross_income (0.042); parsed_father_income_document (0.039); parsed_father_annual_income_from_work_status (0.030)
3080,Export,"Jesus & Mary School, Rabweh",Undergraduate,Lebanon,Lebanon,0,0.5152377486228943,0.5152377486228943,0.105,0.8,0.05,False,,review,Manual review required because model confidence is not high enough for auto-routing.,Model-native approximation using global importance fallback: parsed_father_gross_income (0.042); parsed_father_income_document (0.039); parsed_father_annual_income_from_work_status (0.030)
83,Export,"Ecole des Filles de la Charite, Clemeceau",Undergraduate,Lebanon,Lebanon,1,0.6616569757461548,0.6616569757461548,0.105,0.8,0.05,False,,review,Manual review required because model confidence is not high enough for auto-routing.,Model-native approximation using global importance fallback: parsed_father_gross_income (0.042); parsed_father_income_document (0.039); parsed_father_annual_income_from_work_status (0.030)
1115,Export,The Lebanese School,Undergraduate,Lebanon,Lebanon,1,0.764035701751709,0.764035701751709,0.105,0.8,0.05,False,,review,Manual review required because model confidence is not high enough for auto-routing.,Model-native approximation using global importance fallback: parsed_father_gross_income (0.042); parsed_father_income_document (0.039); parsed_father_annual_income_from_work_status (0.030)
1429,Export,"Rafic Hariri High School (RHHS), Saida",Undergraduate,Lebanon,Lebanon,1,0.6234126091003418,0.6234126091003418,0.105,0.8,0.05,False,,review,Manual review required because model confidence is not high enough for auto-routing.,Model-native approximation using global importance fallback: parsed_father_gross_income (0.042); parsed_father_income_document (0.039); parsed_father_annual_income_from_work_status (0.030)
1143,Export,"Al Mustafa High Schools, Nabatieh",Undergraduate,Lebanon,Lebanon,0,0.16007156670093536,0.8399284332990646,0.105,0.8,0.05,False,,review,Manual review required because the case is too close to the policy threshold.,Model-native approximation using global importance fallback: parsed_father_gross_income (0.042); parsed_father_income_document (0.039); parsed_father_annual_income_from_work_status (0.030)
2087,Export,"Antonine International School (AIS), Ajaltoun",Graduate,Lebanon,Lebanon,1,0.5620719790458679,0.5620719790458679,0.105,0.8,0.05,True,parsed_level=Graduate,review,Manual review required because subgroup fairness safeguards were triggered.,Model-native approximation using global importance fallback: parsed_father_gross_income (0.042); parsed_father_income_document (0.039); parsed_father_annual_income_from_work_status (0.030)
2171,Export,"Hariri High School II, Beirut",Undergraduate,Lebanon,Brazil Lebanon,0,0.23738592863082886,0.7626140713691711,0.105,0.8,0.05,False,,review,Manual review required because model confidence is not high enough for auto-routing.,Model-native approximation using global importance fallback: parsed_father_gross_income (0.042); parsed_father_income_document (0.039); parsed_father_annual_income_from_work_status (0.030)
564,Export,"College Notre Dame des Soeurs Antonines, Hazmieh",Undergraduate,Lebanon,Lebanon,1,0.5704867243766785,0.5704867243766785,0.105,0.8,0.05,False,,review,Manual review required because model confidence is not high enough for auto-routing.,Model-native approximation using global importance fallback: parsed_father_gross_income (0.042); parsed_father_income_document (0.039); parsed_father_annual_income_from_work_status (0.030)
749,Export,The International School of Choueifat - Choueifat,Undergraduate,Lebanon,Lebanon,1,0.11208218336105347,0.8879178166389465,0.105,0.8,0.05,False,,review,Manual review required because the case is too close to the policy threshold.,Model-native approximation using global importance fallback: parsed_father_gross_income (0.042); parsed_father_income_document (0.039); parsed_father_annual_income_from_work_status (0.030)
165,Export,"Lycee National Schools Bekaata, Bakaata",Undergraduate,Lebanon,Lebanon,0,0.6743663549423218,0.6743663549423218,0.105,0.8,0.05,False,,review,Manual review required because model confidence is not high enough for auto-routing.,Model-native approximation using global importance fallback: parsed_father_gross_income (0.042); parsed_father_income_document (0.039); parsed_father_annual_income_from_work_status (0.030)
2153,Export,"Beirut Annuciation Orthodox College (BAC), Achrafieh",Undergraduate,Lebanon,Lebanon,0,0.03151175379753113,0.9684882462024689,0.105,0.8,0.05,False,,review,Manual review required because the case is too close to the policy threshold.,Model-native approximation using global importance fallback: parsed_father_gross_income (0.042); parsed_father_income_document (0.039); parsed_father_annual_income_from_work_status (0.030)
249,Export,"Islamic Culture School, Tarik El Jadidah",Undergraduate,Lebanon,Lebanon,1,0.7463652491569519,0.7463652491569519,0.105,0.8,0.05,False,,review,Manual review required because model confidence is not high enough for auto-routing.,Model-native approximation using global importance fallback: parsed_father_gross_income (0.042); parsed_father_income_document (0.039); parsed_father_annual_income_from_work_status (0.030)
1589,Export,,Graduate,Lebanon,Lebanon,1,0.9118022322654724,0.9118022322654724,0.105,0.8,0.05,True,parsed_level=Graduate,review,Manual review required because subgroup fairness safeguards were triggered.,Model-native approximation using global importance fallback: parsed_father_gross_income (0.042); parsed_father_income_document (0.039); parsed_father_annual_income_from_work_status (0.030)
2368,Export,"The National Evangelical School in Nabatieh, Nabatieh",Undergraduate,Lebanon,Lebanon,1,0.8988361954689026,0.8988361954689026,0.105,0.8,0.05,False,,approve,High-confidence approve recommendation under the calibrated probability policy.,Model-native approximation using global importance fallback: parsed_father_gross_income (0.042); parsed_father_income_document (0.039); parsed_father_annual_income_from_work_status (0.030)
1829,Export,"Phoenix International School, Haret Hreik",Undergraduate,Lebanon,Lebanon,1,0.8977134823799133,0.8977134823799133,0.105,0.8,0.05,False,,approve,High-confidence approve recommendation under the calibrated probability policy.,Model-native approximation using global importance fallback: parsed_father_gross_income (0.042); parsed_father_income_document (0.039); parsed_father_annual_income_from_work_status (0.030)
2161,Export,,Undergraduate,Lebanon,Lebanon,0,0.03155149891972542,0.9684485010802746,0.105,0.8,0.05,False,,review,Manual review required because the case is too close to the policy threshold.,Model-native approximation using global importance fallback: parsed_father_gross_income (0.042); parsed_father_income_document (0.039); parsed_father_annual_income_from_work_status (0.030)
3084,Export,"College Notre Dame de Louaize (NDL), Zouk Mosbeh",Undergraduate,Lebanon,Lebanon,1,0.8972581028938293,0.8972581028938293,0.105,0.8,0.05,False,,approve,High-confidence approve recommendation under the calibrated probability policy.,Model-native approximation using global importance fallback: parsed_father_gross_income (0.042); parsed_father_income_document (0.039); parsed_father_annual_income_from_work_status (0.030)
2031,Export,"Antonine International School (AIS), Ajaltoun",Undergraduate,Lebanon,Lebanon,1,0.7279471158981323,0.7279471158981323,0.105,0.8,0.05,False,,review,Manual review required because model confidence is not high enough for auto-routing.,Model-native approximation using global importance fallback: parsed_father_gross_income (0.042); parsed_father_income_document (0.039); parsed_father_annual_income_from_work_status (0.030)
2759,Export,"College Mariste Champville, Antelias",Undergraduate,Lebanon,Lebanon,1,0.8639448285102844,0.8639448285102844,0.105,0.8,0.05,False,,approve,High-confidence approve recommendation under the calibrated probability policy.,Model-native approximation using global importance fallback: parsed_father_gross_income (0.042); parsed_father_income_document (0.039); parsed_father_annual_income_from_work_status (0.030)
872,Export,"Beirut Annuciation Orthodox College (BAC), Achrafieh",Undergraduate,Lebanon,Lebanon,0,0.23699712753295898,0.763002872467041,0.105,0.8,0.05,False,,review,Manual review required because model confidence is not high enough for auto-routing.,Model-native approximation using global importance fallback: parsed_father_gross_income (0.042); parsed_father_income_document (0.039); parsed_father_annual_income_from_work_status (0.030)
583,Export,Thamer International School,Undergraduate,Lebanon,Lebanon,0,0.7797732353210449,0.7797732353210449,0.105,0.8,0.05,False,,review,Manual review required because model confidence is not high enough for auto-routing.,Model-native approximation using global importance fallback: parsed_father_gross_income (0.042); parsed_father_income_document (0.039); parsed_father_annual_income_from_work_status (0.030)
3036,Export,"The Martyr Hasan Kassir Secondary School, Bir Hassan",Undergraduate,Lebanon,Lebanon,1,0.795094907283783,0.795094907283783,0.105,0.8,0.05,False,,review,Manual review required because model confidence is not high enough for auto-routing.,Model-native approximation using global importance fallback: parsed_father_gross_income (0.042); parsed_father_income_document (0.039); parsed_father_annual_income_from_work_status (0.030)
943,Export,"Deutsche Schule, Jounieh",Undergraduate,Lebanon,Lebanon,0,0.5546063780784607,0.5546063780784607,0.105,0.8,0.05,False,,review,Manual review required because model confidence is not high enough for auto-routing.,Model-native approximation using global importance fallback: parsed_father_gross_income (0.042); parsed_father_income_document (0.039); parsed_father_annual_income_from_work_status (0.030)
2154,Export,"Lycée Franco Libanais, Verdun",Undergraduate,Lebanon,Lebanon,0,0.5120137333869934,0.5120137333869934,0.105,0.8,0.05,False,,review,Manual review required because model confidence is not high enough for auto-routing.,Model-native approximation using global importance fallback: parsed_father_gross_income (0.042); parsed_father_income_document (0.039); parsed_father_annual_income_from_work_status (0.030)
774,Export,"Marjeyoun National College, Marjeyoun",Undergraduate,Lebanon,Lebanon,1,0.9200174808502197,0.9200174808502197,0.105,0.8,0.05,False,,approve,High-confidence approve recommendation under the calibrated probability policy.,Model-native approximation using global importance fallback: parsed_father_gross_income (0.042); parsed_father_income_document (0.039); parsed_father_annual_income_from_work_status (0.030)
941,Export,Ecole Francaise Intl /Riyad,Undergraduate,United States,United States,1,0.560434877872467,0.560434877872467,0.105,0.8,0.05,False,,review,Manual review required because model confidence is not high enough for auto-routing.,Model-native approximation using global importance fallback: parsed_father_gross_income (0.042); parsed_father_income_document (0.039); parsed_father_annual_income_from_work_status (0.030)
328,Export,,Graduate,Lebanon,Lebanon,1,0.940024733543396,0.940024733543396,0.105,0.8,0.05,True,parsed_level=Graduate,review,Manual review required because subgroup fairness safeguards were triggered.,Model-native approximation using global importance fallback: parsed_father_gross_income (0.042); parsed_father_income_document (0.039); parsed_father_annual_income_from_work_status (0.030)
2037,Export,"The National Evangelical School in Nabatieh, Nabatieh",Undergraduate,Lebanon,Lebanon,1,0.7523165345191956,0.7523165345191956,0.105,0.8,0.05,False,,review,Manual review required because model confidence is not high enough for auto-routing.,Model-native approximation using global importance fallback: parsed_father_gross_income (0.042); parsed_father_income_document (0.039); parsed_father_annual_income_from_work_status (0.030)
1885,Export,Al Batoul High School,Undergraduate,Lebanon,Lebanon,1,0.4298425614833832,0.5701574385166168,0.105,0.8,0.05,False,,review,Manual review required because model confidence is not high enough for auto-routing.,Model-native approximation using global importance fallback: parsed_father_gross_income (0.042); parsed_father_income_document (0.039); parsed_father_annual_income_from_work_status (0.030)
1506,Export,,Undergraduate,Lebanon,Lebanon,0,0.6631900072097778,0.6631900072097778,0.105,0.8,0.05,False,,review,Manual review required because model confidence is not high enough for auto-routing.,Model-native approximation using global importance fallback: parsed_father_gross_income (0.042); parsed_father_income_document (0.039); parsed_father_annual_income_from_work_status (0.030)
18,Export,"College Mariste Champville, Antelias",Undergraduate,Lebanon,Lebanon Czech Republic,0,0.8622771501541138,0.8622771501541138,0.105,0.8,0.05,False,,approve,High-confidence approve recommendation under the calibrated probability policy.,Model-native approximation using global importance fallback: parsed_father_gross_income (0.042); parsed_father_income_document (0.039); parsed_father_annual_income_from_work_status (0.030)
530,Export,"Official Secondary School, Hasbaya",Undergraduate,Lebanon,Lebanon,1,0.75246661901474,0.75246661901474,0.105,0.8,0.05,False,,review,Manual review required because model confidence is not high enough for auto-routing.,Model-native approximation using global importance fallback: parsed_father_gross_income (0.042); parsed_father_income_document (0.039); parsed_father_annual_income_from_work_status (0.030)
53,Export,"Saint Mary's Orthodox College (SMOC), Beirut",Undergraduate,Lebanon,Lebanon,1,0.943747878074646,0.943747878074646,0.105,0.8,0.05,False,,approve,High-confidence approve recommendation under the calibrated probability policy.,Model-native approximation using global importance fallback: parsed_father_gross_income (0.042); parsed_father_income_document (0.039); parsed_father_annual_income_from_work_status (0.030)
2409,Export,"Grand Lycee Franco Libanais, Achrafieh",Undergraduate,Lebanon,Lebanon Canada,0,0.01698976196348667,0.9830102380365133,0.105,0.8,0.05,False,,review,Manual review required because the case is too close to the policy threshold.,Model-native approximation using global importance fallback: parsed_father_gross_income (0.042); parsed_father_income_document (0.039); parsed_father_annual_income_from_work_status (0.030)
1004,Export,"Saint Joseph School Cornet Shehwan, Cornet Chahwan",Undergraduate,Lebanon,Lebanon,0,0.17144520580768585,0.8285547941923141,0.105,0.8,0.05,False,,review,Manual review required because the case is too close to the policy threshold.,Model-native approximation using global importance fallback: parsed_father_gross_income (0.042); parsed_father_income_document (0.039); parsed_father_annual_income_from_work_status (0.030)
781,Export,,Graduate,Nigeria,Nigeria,1,0.9106557369232178,0.9106557369232178,0.105,0.8,0.05,True,parsed_level=Graduate,review,Manual review required because subgroup fairness safeguards were triggered.,Model-native approximation using global importance fallback: parsed_father_gross_income (0.042); parsed_father_income_document (0.039); parsed_father_annual_income_from_work_status (0.030)
118,Export,,Professional,Lebanon,,1,0.6030727028846741,0.6030727028846741,0.105,0.8,0.05,False,,review,Manual review required because model confidence is not high enough for auto-routing.,Model-native approximation using global importance fallback: parsed_father_gross_income (0.042); parsed_father_income_document (0.039); parsed_father_annual_income_from_work_status (0.030)
1718,Export,"Saints Coeurs Ain Najm, Ain Saadeh",Undergraduate,Lebanon,Lebanon Russia,0,0.06992422789335251,0.9300757721066475,0.105,0.8,0.05,False,,review,Manual review required because the case is too close to the policy threshold.,Model-native approximation using global importance fallback: parsed_father_gross_income (0.042); parsed_father_income_document (0.039); parsed_father_annual_income_from_work_status (0.030)
1917,Export,,Graduate,Lebanon,Lebanon,1,0.9043338298797607,0.9043338298797607,0.105,0.8,0.05,True,parsed_level=Graduate,review,Manual review required because subgroup fairness safeguards were triggered.,Model-native approximation using global importance fallback: parsed_father_gross_income (0.042); parsed_father_income_document (0.039); parsed_father_annual_income_from_work_status (0.030)
2238,Export,"Beirut Babptist School (BBS), Mouseitbeh",Undergraduate,Lebanon,Lebanon,1,0.8211740255355835,0.8211740255355835,0.105,0.8,0.05,False,,approve,High-confidence approve recommendation under the calibrated probability policy.,Model-native approximation using global importance fallback: parsed_father_gross_income (0.042); parsed_father_income_document (0.039); parsed_father_annual_income_from_work_status (0.030)
1405,Export,,Professional,Lebanon,Lebanon,1,0.9519967436790466,0.9519967436790466,0.105,0.8,0.05,False,,approve,High-confidence approve recommendation under the calibrated probability policy.,Model-native approximation using global importance fallback: parsed_father_gross_income (0.042); parsed_father_income_document (0.039); parsed_father_annual_income_from_work_status (0.030)
2491,Export,"College Protestant Francais (CPF), Koraytem Beirut",Undergraduate,United States,United States Lebanon,1,0.5912644267082214,0.5912644267082214,0.105,0.8,0.05,False,,review,Manual review required because model confidence is not high enough for auto-routing.,Model-native approximation using global importance fallback: parsed_father_gross_income (0.042); parsed_father_income_document (0.039); parsed_father_annual_income_from_work_status (0.030)
2375,Export,"Jesus & Mary School, Rabweh",Undergraduate,Lebanon,Lebanon,0,0.03669348359107971,0.9633065164089203,0.105,0.8,0.05,False,,review,Manual review required because the case is too close to the policy threshold.,Model-native approximation using global importance fallback: parsed_father_gross_income (0.042); parsed_father_income_document (0.039); parsed_father_annual_income_from_work_status (0.030)
1861,Export,"Saint Joseph School Cornet Shehwan, Cornet Chahwan",Undergraduate,Lebanon,Lebanon,1,0.7651081085205078,0.7651081085205078,0.105,0.8,0.05,False,,review,Manual review required because model confidence is not high enough for auto-routing.,Model-native approximation using global importance fallback: parsed_father_gross_income (0.042); parsed_father_income_document (0.039); parsed_father_annual_income_from_work_status (0.030)
1824,Export,The International School of Choueifat - Doha,Undergraduate,Lebanon,Lebanon,0,0.05521887168288231,0.9447811283171177,0.105,0.8,0.05,False,,review,Manual review required because the case is too close to the policy threshold.,Model-native approximation using global importance fallback: parsed_father_gross_income (0.042); parsed_father_income_document (0.039); parsed_father_annual_income_from_work_status (0.030)
1805,Export,"Al Safir High School, Ghazieh",Undergraduate,Lebanon,Lebanon,1,0.9238804578781128,0.9238804578781128,0.105,0.8,0.05,False,,approve,High-confidence approve recommendation under the calibrated probability policy.,Model-native approximation using global importance fallback: parsed_father_gross_income (0.042); parsed_father_income_document (0.039); parsed_father_annual_income_from_work_status (0.030)
2427,Export,"Al Abrar Educational Center (AEC), Jeb Jennine",Undergraduate,Lebanon,Lebanon Brazil,1,0.8440583348274231,0.8440583348274231,0.105,0.8,0.05,False,,approve,High-confidence approve recommendation under the calibrated probability policy.,Model-native approximation using global importance fallback: parsed_father_gross_income (0.042); parsed_father_income_document (0.039); parsed_father_annual_income_from_work_status (0.030)
2005,Export,"Brummana High School (BHS), Brummana",Undergraduate,Lebanon,Lebanon,1,0.8491232395172119,0.8491232395172119,0.105,0.8,0.05,False,,approve,High-confidence approve recommendation under the calibrated probability policy.,Model-native approximation using global importance fallback: parsed_father_gross_income (0.042); parsed_father_income_document (0.039); parsed_father_annual_income_from_work_status (0.030)
