source_sheet_name,source_row_number,application_term,level,decision,school,parent_qa_requires_review,parent_qa_issue_count,record_index,loan_reason,loan_source,loan_mortgaged_asset,loan_start_date,loan_end_date,loan_total_amount_raw,loan_total_amount,loan_total_amount_currency_signal,loan_total_amount_currency_guess,loan_monthly_payment_raw,loan_monthly_payment,loan_remaining_balance_raw,loan_remaining_balance,loan_remaining_balance_is_duration_flag,loan_remaining_years_raw,loan_remaining_years,loan_parse_method,loan_review_flag,loan_review_reasons,loan_raw_block
Export,7,202710,Undergraduate,awarded,"Lebanese National School, Bar Elias",0,0,1,Medical Expenses,Credit card,0,2019-01-16,2029-11-30,"21,000",21000.0,,unknown,350,350.0,"19,514",19514.0,0,5,5.0,loan_section_key_value,0,,"Reason: Medical Expenses
Source: Credit card
Mortgaged Asset: 0
Start Date: 2019-01-16
End Date: 2029-11-30
Total Amount: 21,000
Monthly Payment: 350
Remaining Balance: 19,514
Remaining Years: 5"
Export,7,202710,Undergraduate,awarded,"Lebanese National School, Bar Elias",0,0,2,Medical Expenses,Credit Card,0,2019-06-23,2025-11-30,"25,000",25000.0,,unknown,300,300.0,"21,369",21369.0,0,8,8.0,loan_section_key_value,0,,"Reason: Medical Expenses
Source: Credit Card
Mortgaged Asset: 0
Start Date: 2019-06-23
End Date: 2025-11-30
Total Amount: 25,000
Monthly Payment: 300
Remaining Balance: 21,369
Remaining Years: 8"
Export,7,202710,Undergraduate,awarded,"Lebanese National School, Bar Elias",0,0,3,Medical Expenese,Credit Card,0,2017-10-14,2026-12-31,"11,000",11000.0,,unknown,120,120.0,"1,352",1352.0,0,1,1.0,loan_section_key_value,0,,"Reason: Medical Expenese
Source: Credit Card
Mortgaged Asset: 0
Start Date: 2017-10-14
End Date: 2026-12-31
Total Amount: 11,000
Monthly Payment: 120
Remaining Balance: 1,352
Remaining Years: 1"
Export,33,202610,Undergraduate,denied,Antonine Sisters School - Mar Elias Ghazir,1,3,1,housing,Banque de l ' Habitat,hypotheque,2017-09-29,2032-08-29,"100,000,000 L.L.",100000000.0,lbp,lbp,"970,054 L.L. + $40",970054.0,7 years,,1,7 years,7.0,loan_section_key_value,1,mixed_currency; remaining_balance_non_monetary_text,"Reason: housing
Source: Banque de l ' Habitat
Mortgaged Asset: hypotheque
Start Date: 2017-09-29
End Date: 2032-08-29
Total Amount: 100,000,000 L.L.
Monthly Payment: 970,054 L.L. + $40
Remaining Balance: 7 years
Remaining Years: 7 years"
Export,39,202710,Undergraduate,awarded,"Saint Joseph School Cornet Shehwan, Cornet Chahwan",0,0,1,To pay tuition feese,BLOM BANK,Salary,2025-09-11,2027-09-05,"5,000$",5000.0,usd,usd,283$,283.0,4434,4434.0,0,2,2.0,loan_section_key_value,0,,"Reason: To pay tuition feese
Source: BLOM BANK
Mortgaged Asset: Salary
Start Date: 2025-09-11
End Date: 2027-09-05
Total Amount: 5,000$
Monthly Payment: 283$
Remaining Balance: 4434
Remaining Years: 2"
Export,47,202510,Graduate,denied,,1,2,1,Financial Support,Gulf Bank,None,2024-05-27,2026-04-27,25600,25600.0,,unknown,1149,1149.0,25600,25600.0,0,1,1.0,loan_section_key_value,0,,"Reason: Financial Support
Source: Gulf Bank
Mortgaged Asset: None
Start Date: 2024-05-27
End Date: 2026-04-27
Total Amount: 25600
Monthly Payment: 1149
Remaining Balance: 25600
Remaining Years: 1"
Export,48,202610,Undergraduate,awarded,"Le Lycee National, Choueifat",0,0,1,Payment of my sister's tuition at AUB,AL- Quard El Hassan,Gold,2024-07-11,2026-11-01,1891,1891.0,,unknown,105,105.0,1880,1880.0,0,2,2.0,loan_section_key_value,0,,"Reason: Payment of my sister's tuition at AUB
Source: AL- Quard El Hassan
Mortgaged Asset: Gold
Start Date: 2024-07-11
End Date: 2026-11-01
Total Amount: 1891
Monthly Payment: 105
Remaining Balance: 1880
Remaining Years: 2"
Export,51,202710,Undergraduate,denied,King Khaled International School,0,0,1,Transportation,Riyad Bank,Car,2022-10-31,2027-10-30,"41,234 USD",41234.0,usd,usd,592 USD,592.0,"31,580 USD",31580.0,0,2,2.0,loan_section_key_value,0,,"Reason: Transportation
Source: Riyad Bank
Mortgaged Asset: Car
Start Date: 2022-10-31
End Date: 2027-10-30
Total Amount: 41,234 USD
Monthly Payment: 592 USD
Remaining Balance: 31,580 USD
Remaining Years: 2"
Export,56,202520,Undergraduate,awarded,"Al Hadi Insitute for Deaf Blind and Learning Disabilities, Ghobeiry",1,3,1,social living circumstances due to the economic crisis,مصرف لبنان,Nothing because it is a social loan,2024-10-01,2027-10-01,210000000,210000000.0,,likely_lbp_unmarked,4900000,4900000.0,210000000,210000000.0,0,3,3.0,loan_section_key_value,0,,"Reason: social living circumstances due to the economic crisis
Source: مصرف لبنان
Mortgaged Asset: Nothing because it is a social loan
Start Date: 2024-10-01
End Date: 2027-10-01
Total Amount: 210000000
Monthly Payment: 4900000
Remaining Balance: 210000000
Remaining Years: 3"
Export,56,202520,Undergraduate,awarded,"Al Hadi Insitute for Deaf Blind and Learning Disabilities, Ghobeiry",1,3,2,social living circumstances due to the economic crisis,مصرف لبنان,Nothing because it is a social loan,2024-10-01,2025-10-01,90000000,90000000.0,,unknown,6100000,6100000.0,90000000,90000000.0,0,1,1.0,loan_section_key_value,0,,"Reason: social living circumstances due to the economic crisis
Source: مصرف لبنان
Mortgaged Asset: Nothing because it is a social loan
Start Date: 2024-10-01
End Date: 2025-10-01
Total Amount: 90000000
Monthly Payment: 6100000
Remaining Balance: 90000000
Remaining Years: 1"
Export,59,202610,Undergraduate,denied,"Saint Mary's Orthodox College (SMOC), Beirut",1,1,1,Expenses,Discover Personal Loans,no,2023-12-31,2027-01-27,"40,000",40000.0,,unknown,"1,422",1422.0,"32,097",32097.0,0,2,2.0,loan_section_key_value,0,,"Reason: Expenses
Source: Discover Personal Loans
Mortgaged Asset: no
Start Date: 2023-12-31
End Date: 2027-01-27
Total Amount: 40,000
Monthly Payment: 1,422
Remaining Balance: 32,097
Remaining Years: 2"
Export,62,202610,Undergraduate,awarded,"Lady of Balamand High School, Kelhat",1,1,1,Construction,Byblos Bank,Land 532,2018-09-22,2025-09-22,135000000 Lbp,135000000.0,lbp,lbp,2198302 Lbp,2198302.0,23085054 Lbp,23085054.0,0,1 year,1.0,loan_section_key_value,0,,"Reason: Construction
Source: Byblos Bank
Mortgaged Asset: Land 532
Start Date: 2018-09-22
End Date: 2025-09-22
Total Amount: 135000000 Lbp
Monthly Payment: 2198302 Lbp
Remaining Balance: 23085054 Lbp
Remaining Years: 1 year"
Export,67,202610,Undergraduate,awarded,"Lebanese Modern College, Hasbaya",0,0,1,"As the banks aren't providing any loans nowadays and they offer to give you your money at an absurd exchange rate that is 15000 lebanese pounds for each dollar, we were forced to borrow 37000$ from Saleh Sharrouf, my granpa (mother's father) to fund our solar shop and to buy equipment.",Grandpa (mother's father),Not found/It's a trust based thing to be honest,2022-08-01,2031-03-01,37000$,37000.0,usd,usd,400$,400.0,"25,800$",25800.0,0,7,7.0,loan_section_key_value,0,,"Reason: As the banks aren't providing any loans nowadays and they offer to give you your money at an absurd exchange rate that is 15000 lebanese pounds for each dollar, we were forced to borrow 37000$ from Saleh Sharrouf, my granpa (mother's father) to fund our solar shop and to buy equipment.
Source: Grandpa (mother's father)
Mortgaged Asset: Not found/It's a trust based thing to be honest
Start Date: 2022-08-01
End Date: 2031-03-01
Total Amount: 37000$
Monthly Payment: 400$
Remaining Balance: 25,800$
Remaining Years: 7"
Export,69,202510,Undergraduate,denied,"College Des Saints Coeur Kfarhbab, Kfarhbab Keserwan",0,0,1,Home Loan,General Organization for Housing,Home Sarba 1704 #22,2018-07-05,2032-06-05,567,567.0,,unknown,3.35,3.35,342,342.0,0,9,9.0,loan_section_key_value,0,,"Reason: Home Loan
Source: General Organization for Housing
Mortgaged Asset: Home Sarba 1704 #22
Start Date: 2018-07-05
End Date: 2032-06-05
Total Amount: 567
Monthly Payment: 3.35
Remaining Balance: 342
Remaining Years: 9"
Export,69,202510,Undergraduate,denied,"College Des Saints Coeur Kfarhbab, Kfarhbab Keserwan",0,0,2,Car Loan,Fransabank,The Car,2017-12-21,2022-12-31,82620,82620.0,,unknown,1377,1377.0,37510,37510.0,0,27 months,27.0,loan_section_key_value,0,,"Reason: Car Loan
Source: Fransabank
Mortgaged Asset: The Car
Start Date: 2017-12-21
End Date: 2022-12-31
Total Amount: 82620
Monthly Payment: 1377
Remaining Balance: 37510
Remaining Years: 27 months"
Export,75,202510,Undergraduate,awarded,"Lycee Charlemagne, Roumieh",1,2,1,Housing,Bank of beirut,Apartment,2010-03-18,2029-03-18,"716,000,000 LBP",716000000.0,lbp,lbp,"3,764,000 LBP",3764000.0,"241,591,000 LBP",241591000.0,0,6 years,6.0,loan_section_key_value,0,,"Reason: Housing
Source: Bank of beirut
Mortgaged Asset: Apartment
Start Date: 2010-03-18
End Date: 2029-03-18
Total Amount: 716,000,000 LBP
Monthly Payment: 3,764,000 LBP
Remaining Balance: 241,591,000 LBP
Remaining Years: 6 years"
Export,107,202520,Undergraduate,denied,International School of Choueifat: Sharjah,1,2,1,Expenses are high,ADIB Bank,End of service indemnity,2024-03-05,2028-03-27,140000,140000.0,,unknown,3433,3433.0,144000,144000.0,0,3 and half,3.0,loan_section_key_value,0,,"Reason: Expenses are high
Source: ADIB Bank
Mortgaged Asset: End of service indemnity
Start Date: 2024-03-05
End Date: 2028-03-27
Total Amount: 140000
Monthly Payment: 3433
Remaining Balance: 144000
Remaining Years: 3 and half"
Export,107,202520,Undergraduate,denied,International School of Choueifat: Sharjah,1,2,2,High Expenses,ADIB Bank,End of Service Indemnity,2021-09-26,2024-11-26,40000,40000.0,,unknown,1280,1280.0,3837,3837.0,0,2 months,2.0,loan_section_key_value,0,,"Reason: High Expenses
Source: ADIB Bank
Mortgaged Asset: End of Service Indemnity
Start Date: 2021-09-26
End Date: 2024-11-26
Total Amount: 40000
Monthly Payment: 1280
Remaining Balance: 3837
Remaining Years: 2 months"
Export,112,202611,Professional,awarded,,1,2,1,House Loan,BLOM Bank,House,2010-04-15,2026-04-05,162000,162000.0,,unknown,1325,1325.0,362,362.0,0,1.416,1.416,loan_section_key_value,0,,"Reason: House Loan
Source: BLOM Bank
Mortgaged Asset: House
Start Date: 2010-04-15
End Date: 2026-04-05
Total Amount: 162000
Monthly Payment: 1325
Remaining Balance: 362
Remaining Years: 1.416"
Export,112,202611,Professional,awarded,,1,2,2,US Federal Student loan,US department of education,Education,2022-09-01,2025-06-01,15000,15000.0,,unknown,0,0.0,15000,15000.0,0,N/A,,loan_section_key_value,1,remaining_years_unparsed,"Reason: US Federal Student loan
Source: US department of education
Mortgaged Asset: Education
Start Date: 2022-09-01
End Date: 2025-06-01
Total Amount: 15000
Monthly Payment: 0
Remaining Balance: 15000
Remaining Years: N/A"
Export,112,202611,Professional,awarded,,1,2,3,Student loan LAU,Lebanese American University,Education,2022-09-01,2025-06-01,5685,5685.0,,unknown,0,0.0,5685,5685.0,0,N/A,,loan_section_key_value,1,remaining_years_unparsed,"Reason: Student loan LAU
Source: Lebanese American University
Mortgaged Asset: Education
Start Date: 2022-09-01
End Date: 2025-06-01
Total Amount: 5685
Monthly Payment: 0
Remaining Balance: 5685
Remaining Years: N/A"
Export,112,202611,Professional,awarded,,1,2,4,Personal Loan,Customs COOP,Personal Loan,2022-08-01,2027-07-01,570,570.0,,unknown,9.5,9.5,304,304.0,0,N/A,,loan_section_key_value,1,remaining_years_unparsed,"Reason: Personal Loan
Source: Customs COOP
Mortgaged Asset: Personal Loan
Start Date: 2022-08-01
End Date: 2027-07-01
Total Amount: 570
Monthly Payment: 9.5
Remaining Balance: 304
Remaining Years: N/A"
Export,113,202610,Undergraduate,denied,"L'Athenee de Beyrouth, Bsalim",0,0,1,Car purchase,The Bible Society,none - it is an internal agreement with the Bible Society,2025-04-01,2025-12-31,10000,10000.0,,unknown,1100,1100.0,8900,8900.0,0,1,1.0,loan_section_key_value,0,,"Reason: Car purchase
Source: The Bible Society
Mortgaged Asset: none - it is an internal agreement with the Bible Society
Start Date: 2025-04-01
End Date: 2025-12-31
Total Amount: 10000
Monthly Payment: 1100
Remaining Balance: 8900
Remaining Years: 1"
Export,122,202520,Undergraduate,denied,,1,3,1,to buy a house,lebanese housing bank /BBAC,House,2016-09-17,2028-09-17,270 000 000 LL,270.0,lbp,lbp,1 875 000 LL,1.0,90 000 000,90.0,0,4 years,4.0,loan_section_key_value,0,,"Reason: to buy a house
Source: lebanese housing bank /BBAC
Mortgaged Asset: House
Start Date: 2016-09-17
End Date: 2028-09-17
Total Amount: 270 000 000 LL
Monthly Payment: 1 875 000 LL
Remaining Balance: 90 000 000
Remaining Years: 4 years"
Export,129,202510,Graduate,awarded,,1,2,1,The purpose of the loan is to assist us in saving up money towards purchasing a car due to the poor condition of the current vehicle.,AL-QARD AL-HASAN,gold,2022-08-01,2025-07-01,4952,4952.0,,unknown,137$,137.0,2212$,2212.0,0,1 year,1.0,loan_section_key_value,0,,"Reason: The purpose of the loan is to assist us in saving up money towards purchasing a car due to the poor condition of the current vehicle.
Source: AL-QARD AL-HASAN
Mortgaged Asset: gold
Start Date: 2022-08-01
End Date: 2025-07-01
Total Amount: 4952
Monthly Payment: 137$
Remaining Balance: 2212$
Remaining Years: 1 year"
Export,142,202610,Undergraduate,awarded,"Rafic Hariri High School (RHHS), Saida",0,0,1,Financial Distress,Lebanese Army,Nothing,2023-04-01,2027-04-01,480$,480.0,usd,usd,10$,10.0,290$,290.0,0,2.35,2.35,loan_section_key_value,0,,"Reason: Financial Distress
Source: Lebanese Army
Mortgaged Asset: Nothing
Start Date: 2023-04-01
End Date: 2027-04-01
Total Amount: 480$
Monthly Payment: 10$
Remaining Balance: 290$
Remaining Years: 2.35"
Export,151,202710,Undergraduate,awarded,"College Notre Dame de Jamhour, Baabda",1,1,1,housing loan,Etablissement publique de l'habitat,House,2003-03-05,2033-03-05,"117,000,000 lbp",117000000.0,lbp,lbp,"377,000 lbp",377000.0,"33,176,000",33176000.0,0,7,7.0,loan_section_key_value,0,,"Reason: housing loan
Source: Etablissement publique de l'habitat
Mortgaged Asset: House
Start Date: 2003-03-05
End Date: 2033-03-05
Total Amount: 117,000,000 lbp
Monthly Payment: 377,000 lbp
Remaining Balance: 33,176,000
Remaining Years: 7"
Export,155,202610,Undergraduate,awarded,"Amjad School, Choueifat",1,1,1,Sibling's Education,Uncle,0,2023-09-10,2029-09-10,12000,12000.0,,unknown,0,0.0,12000,12000.0,0,5,5.0,loan_section_key_value,0,,"Reason: Sibling's Education
Source: Uncle
Mortgaged Asset: 0
Start Date: 2023-09-10
End Date: 2029-09-10
Total Amount: 12000
Monthly Payment: 0
Remaining Balance: 12000
Remaining Years: 5"
Export,155,202610,Undergraduate,awarded,"Amjad School, Choueifat",1,1,2,Appartment,المؤسسة العامة للإسكان,House,2012-08-06,2027-08-06,195000000 lbp,195000000.0,lbp,lbp,1084000 lbp,1084000.0,18500000 lbp,18500000.0,0,3 years,3.0,loan_section_key_value,0,,"Reason: Appartment
Source: المؤسسة العامة للإسكان
Mortgaged Asset: House
Start Date: 2012-08-06
End Date: 2027-08-06
Total Amount: 195000000 lbp
Monthly Payment: 1084000 lbp
Remaining Balance: 18500000 lbp
Remaining Years: 3 years"
Export,169,202610,Undergraduate,denied,"Saint Mary's Orthodox College (SMOC), Beirut",1,1,1,Housing Loan,Banque de l'habitat,house,2016-01-23,2031-01-23,"150,000,000.-",150000000.0,,likely_lbp_unmarked,"1,300,000.-",1300000.0,"70,780,000",70780000.0,0,7,7.0,loan_section_key_value,0,,"Reason: Housing Loan
Source: Banque de l'habitat
Mortgaged Asset: house
Start Date: 2016-01-23
End Date: 2031-01-23
Total Amount: 150,000,000.-
Monthly Payment: 1,300,000.-
Remaining Balance: 70,780,000
Remaining Years: 7"
Export,173,202510,Graduate,awarded,,1,2,1,University,LAU,Degree,2023-02-01,2026-02-01,4500,4500.0,,unknown,300,300.0,4500,4500.0,0,3,3.0,loan_section_key_value,0,,"Reason: University
Source: LAU
Mortgaged Asset: Degree
Start Date: 2023-02-01
End Date: 2026-02-01
Total Amount: 4500
Monthly Payment: 300
Remaining Balance: 4500
Remaining Years: 3"
Export,179,202510,Undergraduate,denied,"Saint Joseph School Cornet Shehwan, Cornet Chahwan",0,0,1,For saving purposes,Riyad Bank,0,2024-02-27,2027-03-01,"100,000$",100000.0,usd,usd,"3,000$",3000.0,"100,000$",100000.0,0,3,3.0,loan_section_key_value,0,,"Reason: For saving purposes
Source: Riyad Bank
Mortgaged Asset: 0
Start Date: 2024-02-27
End Date: 2027-03-01
Total Amount: 100,000$
Monthly Payment: 3,000$
Remaining Balance: 100,000$
Remaining Years: 3"
Export,184,202710,Undergraduate,denied,"College des Soeurs Des Saints Coeurs (SSCC), Hadat",0,0,1,House,المؤسسة العامة للاسكان,yes,2010-02-01,2040-02-01,120000,120000.0,,unknown,0,0.0,667,667.0,0,15,15.0,loan_section_key_value,0,,"Reason: House
Source: المؤسسة العامة للاسكان
Mortgaged Asset: yes
Start Date: 2010-02-01
End Date: 2040-02-01
Total Amount: 120000
Monthly Payment: 0
Remaining Balance: 667
Remaining Years: 15"
Export,187,202610,Undergraduate,denied,"Brummana High School (BHS), Brummana",0,0,1,to buy raw material for the business,family,nothing,2022-08-20,2030-08-20,100 000$,100.0,usd,usd,1000$,1000.0,60 000$,60.0,0,5,5.0,loan_section_key_value,0,,"Reason: to buy raw material for the business
Source: family
Mortgaged Asset: nothing
Start Date: 2022-08-20
End Date: 2030-08-20
Total Amount: 100 000$
Monthly Payment: 1000$
Remaining Balance: 60 000$
Remaining Years: 5"
Export,196,202611,Graduate,denied,,1,2,1,Tuition Assistance,Quebec Financial Student Assistance (AFE),N/A,2019-09-01,2027-08-31,"29,450",29450.0,,unknown,250,250.0,"9,155",9155.0,0,3.5,3.5,loan_section_key_value,0,,"Reason: Tuition Assistance
Source: Quebec Financial Student Assistance (AFE)
Mortgaged Asset: N/A
Start Date: 2019-09-01
End Date: 2027-08-31
Total Amount: 29,450
Monthly Payment: 250
Remaining Balance: 9,155
Remaining Years: 3.5"
Export,199,202610,Undergraduate,awarded,"Jesus & Mary School, Rabweh",1,1,1,Appartment Purchase,Lebanese National Housing Corporation,Salaries as state officials,2012-08-18,2026-09-05,245000000 L.L.,245000000.0,lbp,lbp,1910000 L.L.,1910000.0,42009405 L.L.,42009405.0,0,2,2.0,loan_section_key_value,0,,"Reason: Appartment Purchase
Source: Lebanese National Housing Corporation
Mortgaged Asset: Salaries as state officials
Start Date: 2012-08-18
End Date: 2026-09-05
Total Amount: 245000000 L.L.
Monthly Payment: 1910000 L.L.
Remaining Balance: 42009405 L.L.
Remaining Years: 2"
Export,216,202610,Undergraduate,awarded,"Ecole Des Peres Antonin, Baabda",1,3,1,To help with tuitions and expensses.,LGB bank,no mortgaged asset,2024-10-01,2028-05-02,36950,36950.0,,unknown,850,850.0,33550,33550.0,0,3.5 years,3.5,loan_section_key_value,0,,"Reason: To help with tuitions and expensses.
Source: LGB bank
Mortgaged Asset: no mortgaged asset
Start Date: 2024-10-01
End Date: 2028-05-02
Total Amount: 36950
Monthly Payment: 850
Remaining Balance: 33550
Remaining Years: 3.5 years"
Export,216,202610,Undergraduate,awarded,"Ecole Des Peres Antonin, Baabda",1,3,2,To help with tuitions and expensses.,LGB bank,no mortgaged asset,2024-01-15,2026-12-15,1610000000 lgb,1610000000.0,,likely_lbp_unmarked,44750000 lbp,44750000.0,1028250000 lbp,1028250000.0,0,2 years,2.0,loan_section_key_value,0,,"Reason: To help with tuitions and expensses.
Source: LGB bank
Mortgaged Asset: no mortgaged asset
Start Date: 2024-01-15
End Date: 2026-12-15
Total Amount: 1610000000 lgb
Monthly Payment: 44750000 lbp
Remaining Balance: 1028250000 lbp
Remaining Years: 2 years"
Export,218,202710,Undergraduate,awarded,"College du Carmel Saint Joseph Mechref (CCSJ), Mechref",0,0,1,for university(my sister),Lau,none,2024-08-28,2027-04-29,3181,3181.0,,unknown,270,270.0,N/A,,0,2 years,2.0,loan_section_key_value,1,remaining_balance_unparsed,"Reason: for university(my sister)
Source: Lau
Mortgaged Asset: none
Start Date: 2024-08-28
End Date: 2027-04-29
Total Amount: 3181
Monthly Payment: 270
Remaining Balance: N/A
Remaining Years: 2 years"
Export,227,202710,Undergraduate,denied,"Etablissement Sainte Anne des Soeurs de Besancon, Beirut",0,0,1,اسكان,بنك بيروت و المؤسسة العامة للإسكان,yes,2010-03-30,2040-03-30,180 000 000 LPB,180.0,,unknown,1 000 000 LPB,1.0,0,0.0,0,15,15.0,loan_section_key_value,0,,"Reason: اسكان
Source: بنك بيروت و المؤسسة العامة للإسكان
Mortgaged Asset: yes
Start Date: 2010-03-30
End Date: 2040-03-30
Total Amount: 180 000 000 LPB
Monthly Payment: 1 000 000 LPB
Remaining Balance: 0
Remaining Years: 15"
Export,228,202610,Undergraduate,denied,Granada Hills Charter High School,0,0,1,House Payement,Bloom Bank,House,2013-10-10,2028-10-10,330000,330000.0,,unknown,2860,2860.0,170000,170000.0,0,4,4.0,loan_section_key_value,0,,"Reason: House Payement
Source: Bloom Bank
Mortgaged Asset: House
Start Date: 2013-10-10
End Date: 2028-10-10
Total Amount: 330000
Monthly Payment: 2860
Remaining Balance: 170000
Remaining Years: 4"
Export,230,202611,Professional,awarded,,1,2,1,Overdraft -Revolving Monthly,BDL - employer,Deducted from the salary,2016-01-01,2027-12-31,"8,100",8100.0,,unknown,to be deducted from end of indemnity services,,"7,912",7912.0,0,3 years,3.0,loan_section_key_value,1,monthly_payment_unparsed,"Reason: Overdraft -Revolving Monthly
Source: BDL - employer
Mortgaged Asset: Deducted from the salary
Start Date: 2016-01-01
End Date: 2027-12-31
Total Amount: 8,100
Monthly Payment: to be deducted from end of indemnity services
Remaining Balance: 7,912
Remaining Years: 3 years"
Export,230,202611,Professional,awarded,,1,2,2,Soicial loan,BDL,Backed by salary,2016-01-01,2027-12-31,16000,16000.0,,unknown,To be deducted from end of indemnity services,,1285,1285.0,0,3 years,3.0,loan_section_key_value,1,monthly_payment_unparsed,"Reason: Soicial loan
Source: BDL
Mortgaged Asset: Backed by salary
Start Date: 2016-01-01
End Date: 2027-12-31
Total Amount: 16000
Monthly Payment: To be deducted from end of indemnity services
Remaining Balance: 1285
Remaining Years: 3 years"
Export,230,202611,Professional,awarded,,1,2,3,social loans,bdl - employer,salary,2016-01-01,2025-12-31,16000,16000.0,,unknown,133,133.0,88,88.0,0,1,1.0,loan_section_key_value,0,,"Reason: social loans
Source: bdl - employer
Mortgaged Asset: salary
Start Date: 2016-01-01
End Date: 2025-12-31
Total Amount: 16000
Monthly Payment: 133
Remaining Balance: 88
Remaining Years: 1"
Export,232,202510,Graduate,awarded,,1,4,1,housing,lebanese army corporation for housing,house,2015-08-01,2040-07-01,252180000 L.L,252180000.0,lbp,lbp,840600 L.L,840600.0,113000000 L.L,113000000.0,0,16,16.0,loan_section_key_value,0,,"Reason: housing
Source: lebanese army corporation for housing
Mortgaged Asset: house
Start Date: 2015-08-01
End Date: 2040-07-01
Total Amount: 252180000 L.L
Monthly Payment: 840600 L.L
Remaining Balance: 113000000 L.L
Remaining Years: 16"
Export,235,202520,Undergraduate,awarded,"Ali Bin Abi Taleb School, Beirut",0,0,1,Economic reason,Housing bank,own house mortgaged,2008-01-05,2023-01-05,45000$,45000.0,usd,usd,300$,300.0,"45,000,000LPB",45000.0,0,14,14.0,loan_section_key_value,0,,"Reason: Economic reason
Source: Housing bank
Mortgaged Asset: own house mortgaged
Start Date: 2008-01-05
End Date: 2023-01-05
Total Amount: 45000$
Monthly Payment: 300$
Remaining Balance: 45,000,000LPB
Remaining Years: 14"
Export,240,202610,Undergraduate,awarded,"International College (IC), Beirut",0,0,1,Housing,BDL,House,2019-09-16,2036-12-31,13200,13200.0,,unknown,55,55.0,8830,8830.0,0,12,12.0,loan_section_key_value,0,,"Reason: Housing
Source: BDL
Mortgaged Asset: House
Start Date: 2019-09-16
End Date: 2036-12-31
Total Amount: 13200
Monthly Payment: 55
Remaining Balance: 8830
Remaining Years: 12"
Export,240,202610,Undergraduate,awarded,"International College (IC), Beirut",0,0,2,Social,BDL,No,2017-07-19,2027-07-01,300,300.0,,unknown,1,1.0,77,77.0,0,3,3.0,loan_section_key_value,0,,"Reason: Social
Source: BDL
Mortgaged Asset: No
Start Date: 2017-07-19
End Date: 2027-07-01
Total Amount: 300
Monthly Payment: 1
Remaining Balance: 77
Remaining Years: 3"
Export,242,202611,Professional,awarded,,1,3,1,Residential apartment,Bank,the same Residential apartment,2001-11-09,2031-11-09,102680000,102680000.0,,likely_lbp_unmarked,7,7.0,432,432.0,0,6,6.0,loan_section_key_value,0,,"Reason: Residential apartment
Source: Bank
Mortgaged Asset: the same Residential apartment
Start Date: 2001-11-09
End Date: 2031-11-09
Total Amount: 102680000
Monthly Payment: 7
Remaining Balance: 432
Remaining Years: 6"
Export,266,202610,Undergraduate,denied,International School Choueifat: Dubai,0,0,1,Personal Loan,Bank,None,2024-12-05,2028-11-05,"1,000,000",1000000.0,,unknown,"23,286.87",23286.87,"891,091.44",891091.44,0,3.5,3.5,loan_section_key_value,0,,"Reason: Personal Loan
Source: Bank
Mortgaged Asset: None
Start Date: 2024-12-05
End Date: 2028-11-05
Total Amount: 1,000,000
Monthly Payment: 23,286.87
Remaining Balance: 891,091.44
Remaining Years: 3.5"
Export,269,202610,Undergraduate,awarded,"Irfan High School Hasbaya, Hasbaya",0,0,1,Appartment,مؤسسة الاسكان,appartment,2013-06-05,2028-06-05,2000,2000.0,,unknown,11,11.0,500,500.0,0,3,3.0,loan_section_key_value,0,,"Reason: Appartment
Source: مؤسسة الاسكان
Mortgaged Asset: appartment
Start Date: 2013-06-05
End Date: 2028-06-05
Total Amount: 2000
Monthly Payment: 11
Remaining Balance: 500
Remaining Years: 3"
Export,285,202710,Undergraduate,denied,"Antonine International School (AIS), Ajaltoun",0,0,1,New House,BOB bank,Baouchrieh - 1395- 15,2013-07-11,2026-05-08,147000$,147000.0,usd,usd,1849500LBP,,14799000LBP,,0,9 months,9.0,loan_section_key_value,1,monthly_payment_unparsed; remaining_balance_unparsed,"Reason: New House
Source: BOB bank
Mortgaged Asset: Baouchrieh - 1395- 15
Start Date: 2013-07-11
End Date: 2026-05-08
Total Amount: 147000$
Monthly Payment: 1849500LBP
Remaining Balance: 14799000LBP
Remaining Years: 9 months"
Export,296,202520,Undergraduate,denied,,1,3,1,House Loan,Bank,1 bedroom apartment,2023-07-27,2038-08-05,118356,118356.0,,unknown,935.34,935.34,103390.56,103390.56,0,14,14.0,loan_section_key_value,0,,"Reason: House Loan
Source: Bank
Mortgaged Asset: 1 bedroom apartment
Start Date: 2023-07-27
End Date: 2038-08-05
Total Amount: 118356
Monthly Payment: 935.34
Remaining Balance: 103390.56
Remaining Years: 14"
Export,296,202520,Undergraduate,denied,,1,3,2,Auto loan,Bank,Car,2024-12-01,2029-11-01,22999.54,22999.54,,unknown,434,434.0,22999.54,22999.54,0,5 years,5.0,loan_section_key_value,0,,"Reason: Auto loan
Source: Bank
Mortgaged Asset: Car
Start Date: 2024-12-01
End Date: 2029-11-01
Total Amount: 22999.54
Monthly Payment: 434
Remaining Balance: 22999.54
Remaining Years: 5 years"
Export,299,202610,Undergraduate,denied,"Le Lycee National, Choueifat",1,1,1,house building,"mawared bank,aley,lebanon",the house i am living in,2015-10-01,2033-09-01,115434072 L.L,115434072.0,lbp,lbp,534417 L.L,534417.0,57182619 L.L,57182619.0,0,not decided,,loan_section_key_value,1,remaining_years_unparsed,"Reason: house building
Source: mawared bank,aley,lebanon
Mortgaged Asset: the house i am living in
Start Date: 2015-10-01
End Date: 2033-09-01
Total Amount: 115434072 L.L
Monthly Payment: 534417 L.L
Remaining Balance: 57182619 L.L
Remaining Years: not decided"
Export,305,202610,Undergraduate,usaid,"Irfan High School Hasbaya, Hasbaya",0,0,1,Apartment,مؤسسة الاسكان,1,2013-06-05,2028-06-05,2000,2000.0,,unknown,11,11.0,500,500.0,0,3,3.0,loan_section_key_value,0,,"Reason: Apartment
Source: مؤسسة الاسكان
Mortgaged Asset: 1
Start Date: 2013-06-05
End Date: 2028-06-05
Total Amount: 2000
Monthly Payment: 11
Remaining Balance: 500
Remaining Years: 3"
Export,308,202610,Graduate,,,1,5,1,Buy inventory for the store,Yahya Zahra- dad's friend,None,2024-09-15,2024-12-31,$558.66,558.66,usd,usd,200,200.0,158.66,158.66,0,0,0.0,loan_section_key_value,0,,"Reason: Buy inventory for the store
Source: Yahya Zahra- dad's friend
Mortgaged Asset: None
Start Date: 2024-09-15
End Date: 2024-12-31
Total Amount: $558.66
Monthly Payment: 200
Remaining Balance: 158.66
Remaining Years: 0"
Export,308,202610,Graduate,,,1,5,2,Buy inventory for the store,Yahya Zahra-dad's friend,None,2023-05-01,2025-12-01,"2,298.88 (LBP 161,000,000 + $500 )",2298.88,mixed,mixed,Each month he pays what he can,,"1,417.32",1417.32,0,1,1.0,loan_section_key_value,1,mixed_currency,"Reason: Buy inventory for the store
Source: Yahya Zahra-dad's friend
Mortgaged Asset: None
Start Date: 2023-05-01
End Date: 2025-12-01
Total Amount: 2,298.88 (LBP 161,000,000 + $500 )
Monthly Payment: Each month he pays what he can
Remaining Balance: 1,417.32
Remaining Years: 1"
Export,308,202610,Graduate,,,1,5,3,Buy inventory for the store,Cezar Antoun- dad's friend,None,2024-08-01,2025-08-01,"2,000",2000.0,,unknown,"He pays when can, til now he hasn't paid anything",,"2,009",2009.0,0,1,1.0,loan_section_key_value,1,monthly_payment_unparsed,"Reason: Buy inventory for the store
Source: Cezar Antoun- dad's friend
Mortgaged Asset: None
Start Date: 2024-08-01
End Date: 2025-08-01
Total Amount: 2,000
Monthly Payment: He pays when can, til now he hasn't paid anything
Remaining Balance: 2,009
Remaining Years: 1"
Export,312,202610,Undergraduate,awarded,"Al Azm School, Tripoli",0,0,1,Buy our family apartment,Finace Arab Bank and the Public Housing Institution,Apartment,2009-05-15,2035-05-15,120000,120000.0,,unknown,7,7.0,1000,1000.0,0,11,11.0,loan_section_key_value,0,,"Reason: Buy our family apartment
Source: Finace Arab Bank and the Public Housing Institution
Mortgaged Asset: Apartment
Start Date: 2009-05-15
End Date: 2035-05-15
Total Amount: 120000
Monthly Payment: 7
Remaining Balance: 1000
Remaining Years: 11"
Export,328,202510,Graduate,awarded,,1,3,1,Housing,Banque de l'Habitat,House,2017-01-24,2032-01-24,"1,782$ [158,600,000 lbp (without interest amount)]",1782.0,mixed,mixed,"12.3$ [1,101,388.89 lbp (without interest amount)]",12.3,"705.3$ [62,779,166.57 lbp (without interest amount)]",705.3,0,4.6 years (without interest years),4.6,loan_section_key_value,1,mixed_currency,"Reason: Housing
Source: Banque de l'Habitat
Mortgaged Asset: House
Start Date: 2017-01-24
End Date: 2032-01-24
Total Amount: 1,782$ [158,600,000 lbp (without interest amount)]
Monthly Payment: 12.3$ [1,101,388.89 lbp (without interest amount)]
Remaining Balance: 705.3$ [62,779,166.57 lbp (without interest amount)]
Remaining Years: 4.6 years (without interest years)"
Export,338,202710,Undergraduate,awarded,"International College (IC), Beirut",0,0,1,School Tuition,Capital Financial Company,None,2025-06-05,2026-06-05,4500,4500.0,,unknown,437,437.0,2622,2622.0,0,6 months,6.0,loan_section_key_value,0,,"Reason: School Tuition
Source: Capital Financial Company
Mortgaged Asset: None
Start Date: 2025-06-05
End Date: 2026-06-05
Total Amount: 4500
Monthly Payment: 437
Remaining Balance: 2622
Remaining Years: 6 months"
Export,339,202610,Undergraduate,awarded,"Lycee Des Arts, Hadath",0,0,1,Housing loan - قرض اسكان,المؤسسة العامة للاسكان و مصرف الاعتماد اللبناني,from salary,2004-07-19,2034-08-05,"92,860,000 L.L",92860000.0,lbp,lbp,"338,889 L.L",338889.0,"20,355,000 L.L",20355000.0,0,10,10.0,loan_section_key_value,0,,"Reason: Housing loan - قرض اسكان
Source: المؤسسة العامة للاسكان و مصرف الاعتماد اللبناني
Mortgaged Asset: from salary
Start Date: 2004-07-19
End Date: 2034-08-05
Total Amount: 92,860,000 L.L
Monthly Payment: 338,889 L.L
Remaining Balance: 20,355,000 L.L
Remaining Years: 10"
Export,342,202610,Undergraduate,awarded,The International School of Choueifat - Koura,0,0,1,Daily expenses,Dads Brother,Land (which has the lawsuit previously mentioned and 2 others),2020-01-01,2025-12-31,"120,000",120000.0,,unknown,0,0.0,"120,000",120000.0,0,1,1.0,loan_section_key_value,0,,"Reason: Daily expenses
Source: Dads Brother
Mortgaged Asset: Land (which has the lawsuit previously mentioned and 2 others)
Start Date: 2020-01-01
End Date: 2025-12-31
Total Amount: 120,000
Monthly Payment: 0
Remaining Balance: 120,000
Remaining Years: 1"
Export,342,202610,Undergraduate,awarded,The International School of Choueifat - Koura,0,0,2,Daily Expenses,Dads Brother,Land (which has the lawsuit previously mentioned and 2 others),2025-01-01,2025-12-31,"24,000",24000.0,,unknown,0,0.0,"24,000",24000.0,0,1,1.0,loan_section_key_value,0,,"Reason: Daily Expenses
Source: Dads Brother
Mortgaged Asset: Land (which has the lawsuit previously mentioned and 2 others)
Start Date: 2025-01-01
End Date: 2025-12-31
Total Amount: 24,000
Monthly Payment: 0
Remaining Balance: 24,000
Remaining Years: 1"
Export,354,202510,Graduate,awarded,,1,2,1,Cultivating the Land,Personal Loan (Awad Al Sayed),N/A,2024-01-03,2024-12-19,5000$,5000.0,usd,usd,N/A,,5000$,5000.0,0,0.5 years,0.5,loan_section_key_value,1,monthly_payment_unparsed,"Reason: Cultivating the Land
Source: Personal Loan (Awad Al Sayed)
Mortgaged Asset: N/A
Start Date: 2024-01-03
End Date: 2024-12-19
Total Amount: 5000$
Monthly Payment: N/A
Remaining Balance: 5000$
Remaining Years: 0.5 years"
Export,361,202710,Undergraduate,denied,Lebanese Evangelical School for Boys and Girls,0,0,1,Personal assistance family allowance,Bank,Salary,2025-10-06,2029-10-06,66112,66112.0,,unknown,1377,1377.0,66112,66112.0,0,4,4.0,loan_section_key_value,0,,"Reason: Personal assistance family allowance
Source: Bank
Mortgaged Asset: Salary
Start Date: 2025-10-06
End Date: 2029-10-06
Total Amount: 66112
Monthly Payment: 1377
Remaining Balance: 66112
Remaining Years: 4"
Export,365,202610,Undergraduate,awarded,"Beirut Babptist School (BBS), Mouseitbeh",0,0,1,to pay off depts in lebanon,Qatar National Bank,0,2024-10-28,2026-04-28,19400,19400.0,,unknown,1180,1180.0,3654,3654.0,0,1.5 years,1.5,loan_section_key_value,0,,"Reason: to pay off depts in lebanon
Source: Qatar National Bank
Mortgaged Asset: 0
Start Date: 2024-10-28
End Date: 2026-04-28
Total Amount: 19400
Monthly Payment: 1180
Remaining Balance: 3654
Remaining Years: 1.5 years"
Export,366,202710,Undergraduate,denied,The International School of Choueifat - Dubai,0,0,1,Home buy,HSBC,Home in Dubai,2022-05-15,2038-12-15,$513413,513413.0,usd,usd,$2850,2850.0,$338313,338313.0,0,13,13.0,loan_section_key_value,0,,"Reason: Home buy
Source: HSBC
Mortgaged Asset: Home in Dubai
Start Date: 2022-05-15
End Date: 2038-12-15
Total Amount: $513413
Monthly Payment: $2850
Remaining Balance: $338313
Remaining Years: 13"
Export,373,202610,Undergraduate,denied,"Saints Coeurs Ain Najm, Ain Saadeh",0,0,1,For Institution / It's an Overdraft Loan,Credit Libanais,House and Business Premises,2007-07-18,2007-07-18,"240,000",240000.0,,unknown,Overdraft loan,,"240,000",240000.0,0,Overdraft Loan,,loan_section_key_value,1,monthly_payment_unparsed; remaining_years_unparsed,"Reason: For Institution / It's an Overdraft Loan
Source: Credit Libanais
Mortgaged Asset: House and Business Premises
Start Date: 2007-07-18
End Date: 2007-07-18
Total Amount: 240,000
Monthly Payment: Overdraft loan
Remaining Balance: 240,000
Remaining Years: Overdraft Loan"
Export,378,202710,Undergraduate,awarded,The International School of Choueifat - Choueifat,0,0,1,Food and Housing Expenses,ISF,No,2024-11-12,2028-11-12,1440 $,1440.0,usd,usd,31$,31.0,1131$,1131.0,0,3,3.0,loan_section_key_value,0,,"Reason: Food and Housing Expenses
Source: ISF
Mortgaged Asset: No
Start Date: 2024-11-12
End Date: 2028-11-12
Total Amount: 1440 $
Monthly Payment: 31$
Remaining Balance: 1131$
Remaining Years: 3"
Export,380,202710,Undergraduate,denied,"Jesus & Mary School, Rabweh",0,0,1,To buy an underconstruction chalet,Rise properties developer,No,2025-05-20,2029-05-20,90000,90000.0,,unknown,1850,1850.0,82500,82500.0,0,4 years,4.0,loan_section_key_value,0,,"Reason: To buy an underconstruction chalet
Source: Rise properties developer
Mortgaged Asset: No
Start Date: 2025-05-20
End Date: 2029-05-20
Total Amount: 90000
Monthly Payment: 1850
Remaining Balance: 82500
Remaining Years: 4 years"
Export,401,202520,Undergraduate,awarded,,1,6,1,House,BDL,House,2012-09-01,2028-12-31,"285,944,057",285944057.0,,likely_lbp_unmarked,"26,246,710",26246710.0,"249,991,771",249991771.0,0,4,4.0,loan_section_key_value,0,,"Reason: House
Source: BDL
Mortgaged Asset: House
Start Date: 2012-09-01
End Date: 2028-12-31
Total Amount: 285,944,057
Monthly Payment: 26,246,710
Remaining Balance: 249,991,771
Remaining Years: 4"
Export,404,202610,Undergraduate,denied,"International College (IC), Beirut",0,0,1,Personal mainly to cover medical expenses,Brother in-law,NA,2023-07-01,2027-07-01,"20,000",20000.0,,unknown,400,400.0,"13,200",13200.0,0,2.8,2.8,loan_section_key_value,0,,"Reason: Personal mainly to cover medical expenses
Source: Brother in-law
Mortgaged Asset: NA
Start Date: 2023-07-01
End Date: 2027-07-01
Total Amount: 20,000
Monthly Payment: 400
Remaining Balance: 13,200
Remaining Years: 2.8"
Export,411,202710,Undergraduate,,"Al Iman Al Hadisa School, Saida",1,1,1,Financial struggles,Uncle,None,2025-09-01,2030-03-01,8000,8000.0,,unknown,150,150.0,7700,7700.0,0,4.5,4.5,loan_section_key_value,0,,"Reason: Financial struggles
Source: Uncle
Mortgaged Asset: None
Start Date: 2025-09-01
End Date: 2030-03-01
Total Amount: 8000
Monthly Payment: 150
Remaining Balance: 7700
Remaining Years: 4.5"
Export,413,202710,Undergraduate,,Miller Place High School,1,1,1,house,bank,92000,2022-07-11,2045-08-01,396100$,396100.0,usd,usd,3526.56$,3526.56,374077.27$,374077.27,0,27 years,27.0,loan_section_key_value,0,,"Reason: house
Source: bank
Mortgaged Asset: 92000
Start Date: 2022-07-11
End Date: 2045-08-01
Total Amount: 396100$
Monthly Payment: 3526.56$
Remaining Balance: 374077.27$
Remaining Years: 27 years"
Export,416,202710,Undergraduate,,"Houssameddine Hariri High School, Saida",1,1,1,Brother's tuition fees,Relative,0,2022-10-01,2028-07-10,"170,000",170000.0,,unknown,"1,800",1800.0,"170,000",170000.0,0,10,10.0,loan_section_key_value,0,,"Reason: Brother's tuition fees
Source: Relative
Mortgaged Asset: 0
Start Date: 2022-10-01
End Date: 2028-07-10
Total Amount: 170,000
Monthly Payment: 1,800
Remaining Balance: 170,000
Remaining Years: 10"
Export,416,202710,Undergraduate,,"Houssameddine Hariri High School, Saida",1,1,2,Sister's tution fees,Relative,0,2021-09-01,2027-07-10,"20,000",20000.0,,unknown,no stable monthly payments,,"18,000",18000.0,0,5,5.0,loan_section_key_value,1,monthly_payment_unparsed,"Reason: Sister's tution fees
Source: Relative
Mortgaged Asset: 0
Start Date: 2021-09-01
End Date: 2027-07-10
Total Amount: 20,000
Monthly Payment: no stable monthly payments
Remaining Balance: 18,000
Remaining Years: 5"
Export,429,202710,Undergraduate,awarded,"Notre Dames des Apotres, Rawda",1,1,1,To buy an apartment,Societe Generale De Banque Au Liban (SGBL),The apartment,2013-10-03,2038-09-15,26 000$ Before the crisis,26.0,usd,usd,130 000 LBP,130.0,21 999 010 LBP,21.0,0,13,13.0,loan_section_key_value,1,mixed_currency,"Reason: To buy an apartment
Source: Societe Generale De Banque Au Liban (SGBL)
Mortgaged Asset: The apartment
Start Date: 2013-10-03
End Date: 2038-09-15
Total Amount: 26 000$ Before the crisis
Monthly Payment: 130 000 LBP
Remaining Balance: 21 999 010 LBP
Remaining Years: 13"
Export,442,202610,Undergraduate,awarded,"Eastwood College, Kfarshima",0,0,1,House loan,PCH Lebanon - المؤسسة العامة للإسكان لبنان / BBAC,Appartment,2006-03-23,2036-03-15,"67,500,000 LBP",67500000.0,lbp,lbp,"192,000 LBP",192000.0,"23,808,000 LBP",23808000.0,0,10 years,10.0,loan_section_key_value,0,,"Reason: House loan
Source: PCH Lebanon - المؤسسة العامة للإسكان لبنان / BBAC
Mortgaged Asset: Appartment
Start Date: 2006-03-23
End Date: 2036-03-15
Total Amount: 67,500,000 LBP
Monthly Payment: 192,000 LBP
Remaining Balance: 23,808,000 LBP
Remaining Years: 10 years"
Export,461,202710,Undergraduate,awarded,"Grand Lycee Franco Libanais, Achrafieh",0,0,1,financial help for father,Bank BNP Pari-bas,0,2022-11-25,2029-11-25,"33,066€",33066.0,,unknown,457.5€,457.5,"20,602€",20602.0,0,4,4.0,loan_section_key_value,0,,"Reason: financial help for father
Source: Bank BNP Pari-bas
Mortgaged Asset: 0
Start Date: 2022-11-25
End Date: 2029-11-25
Total Amount: 33,066€
Monthly Payment: 457.5€
Remaining Balance: 20,602€
Remaining Years: 4"
Export,461,202710,Undergraduate,awarded,"Grand Lycee Franco Libanais, Achrafieh",0,0,2,financial help for father,Bank BNP pari-bas,0,2022-12-06,2030-06-06,"36,320.64€",36320.64,,unknown,500€,500.0,"29,070.07€",29070.07,0,5,5.0,loan_section_key_value,0,,"Reason: financial help for father
Source: Bank BNP pari-bas
Mortgaged Asset: 0
Start Date: 2022-12-06
End Date: 2030-06-06
Total Amount: 36,320.64€
Monthly Payment: 500€
Remaining Balance: 29,070.07€
Remaining Years: 5"
Export,466,202610,Undergraduate,awarded,"Saint Mary's Orthodox College (SMOC), Beirut",1,1,1,Housing Loan,BLOM Bank,Purchased House,2012-09-06,2027-08-06,220560000 L.L.,220560000.0,lbp,lbp,1226000 L.L.,1226000.0,40338000 L.L.,40338000.0,0,2.75,2.75,loan_section_key_value,0,,"Reason: Housing Loan
Source: BLOM Bank
Mortgaged Asset: Purchased House
Start Date: 2012-09-06
End Date: 2027-08-06
Total Amount: 220560000 L.L.
Monthly Payment: 1226000 L.L.
Remaining Balance: 40338000 L.L.
Remaining Years: 2.75"
Export,470,202710,Undergraduate,denied,"L'Athenee de Beyrouth, Bsalim",0,0,1,Family support,Blom bank,Salary,2024-06-21,2026-07-01,11988,11988.0,,unknown,498,498.0,4482,4482.0,0,1,1.0,loan_section_key_value,0,,"Reason: Family support
Source: Blom bank
Mortgaged Asset: Salary
Start Date: 2024-06-21
End Date: 2026-07-01
Total Amount: 11988
Monthly Payment: 498
Remaining Balance: 4482
Remaining Years: 1"
Export,472,202610,Undergraduate,,,1,4,1,Educational,U.S Department of Education,None,2024-09-01,2027-05-24,"38,000",38000.0,,unknown,Deferred Payment Until Graduation-Public Loan,,Deferred Payment Until Graduation-Public Loan,,0,7,7.0,loan_section_key_value,1,monthly_payment_unparsed; remaining_balance_unparsed,"Reason: Educational
Source: U.S Department of Education
Mortgaged Asset: None
Start Date: 2024-09-01
End Date: 2027-05-24
Total Amount: 38,000
Monthly Payment: Deferred Payment Until Graduation-Public Loan
Remaining Balance: Deferred Payment Until Graduation-Public Loan
Remaining Years: 7"
Export,474,202710,Undergraduate,denied,The International School of Choueifat - Doha,0,0,1,LIVING EXPENSES,COMPANY,NO,2025-06-01,2028-06-01,41203,41203.0,,unknown,1273,1273.0,34839,34839.0,0,2.5,2.5,loan_section_key_value,0,,"Reason: LIVING EXPENSES
Source: COMPANY
Mortgaged Asset: NO
Start Date: 2025-06-01
End Date: 2028-06-01
Total Amount: 41203
Monthly Payment: 1273
Remaining Balance: 34839
Remaining Years: 2.5"
Export,475,202710,Undergraduate,denied,"Amjad School, Choueifat",0,0,1,House,Bank-Iskan,Appartment,2016-04-01,2045-04-01,150000,150000.0,,unknown,500,500.0,20000,20000.0,0,21,21.0,loan_section_key_value,0,,"Reason: House
Source: Bank-Iskan
Mortgaged Asset: Appartment
Start Date: 2016-04-01
End Date: 2045-04-01
Total Amount: 150000
Monthly Payment: 500
Remaining Balance: 20000
Remaining Years: 21"
Export,475,202710,Undergraduate,denied,"Amjad School, Choueifat",0,0,2,Car Loan,BSF,Car,2024-05-03,2027-05-03,24000,24000.0,,unknown,804,804.0,14500,14500.0,0,1.5,1.5,loan_section_key_value,0,,"Reason: Car Loan
Source: BSF
Mortgaged Asset: Car
Start Date: 2024-05-03
End Date: 2027-05-03
Total Amount: 24000
Monthly Payment: 804
Remaining Balance: 14500
Remaining Years: 1.5"
Export,476,202710,Undergraduate,,"Ali Bin Abi Taleb School, Beirut",1,1,1,Accommodation,Bank of Accommodations,House,2005-10-06,2029-10-06,35300,35300.0,,unknown,260,260.0,50,50.0,0,1,1.0,loan_section_key_value,0,,"Reason: Accommodation
Source: Bank of Accommodations
Mortgaged Asset: House
Start Date: 2005-10-06
End Date: 2029-10-06
Total Amount: 35300
Monthly Payment: 260
Remaining Balance: 50
Remaining Years: 1"
Export,479,202610,Undergraduate,denied,International School Choueifat: Dubai,0,0,1,Mortgage for the apartment we live in,salary,The apartment we live in,2024-06-25,2041-03-03,418'260,418.0,,unknown,3'020,3.0,405'430,405.0,0,16 years and 8 months,16.0,loan_section_key_value,0,,"Reason: Mortgage for the apartment we live in
Source: salary
Mortgaged Asset: The apartment we live in
Start Date: 2024-06-25
End Date: 2041-03-03
Total Amount: 418'260
Monthly Payment: 3'020
Remaining Balance: 405'430
Remaining Years: 16 years and 8 months"
Export,479,202610,Undergraduate,denied,International School Choueifat: Dubai,0,0,2,Car Loan,Salary,Car,2023-02-02,2027-01-03,28'457,28.0,,unknown,537,537.0,18'797,18.0,0,3,3.0,loan_section_key_value,0,,"Reason: Car Loan
Source: Salary
Mortgaged Asset: Car
Start Date: 2023-02-02
End Date: 2027-01-03
Total Amount: 28'457
Monthly Payment: 537
Remaining Balance: 18'797
Remaining Years: 3"
Export,488,202610,Undergraduate,denied,"Lycee Abdel Kader, Beirut",0,0,1,Credit Card,Bank Audi,No,2024-06-01,2031-05-31,280,280.0,,unknown,28,28.0,280,280.0,0,6,6.0,loan_section_key_value,0,,"Reason: Credit Card
Source: Bank Audi
Mortgaged Asset: No
Start Date: 2024-06-01
End Date: 2031-05-31
Total Amount: 280
Monthly Payment: 28
Remaining Balance: 280
Remaining Years: 6"
Export,488,202610,Undergraduate,denied,"Lycee Abdel Kader, Beirut",0,0,2,Credit Card,Bank Audi,No,2024-07-01,2031-06-30,166,166.0,,unknown,8,8.0,166,166.0,0,6,6.0,loan_section_key_value,0,,"Reason: Credit Card
Source: Bank Audi
Mortgaged Asset: No
Start Date: 2024-07-01
End Date: 2031-06-30
Total Amount: 166
Monthly Payment: 8
Remaining Balance: 166
Remaining Years: 6"
Export,494,202510,Undergraduate,awarded,"College des Saints Coeurs Sioufi, Achrafieh",0,0,1,Student loan for sister's university tuition(USJ),Bank Audi,none,2023-11-03,2026-11-03,11 000,11.0,,unknown,300,300.0,11 000,11.0,0,3,3.0,loan_section_key_value,0,,"Reason: Student loan for sister's university tuition(USJ)
Source: Bank Audi
Mortgaged Asset: none
Start Date: 2023-11-03
End Date: 2026-11-03
Total Amount: 11 000
Monthly Payment: 300
Remaining Balance: 11 000
Remaining Years: 3"
Export,496,202610,Undergraduate,awarded,"Shouf National College, Chouf",0,0,1,House Renovation,Bank,salary,2018-12-12,2029-06-20,33100$,33100.0,usd,usd,373$,373.0,17690$,17690.0,0,4.5,4.5,loan_section_key_value,0,,"Reason: House Renovation
Source: Bank
Mortgaged Asset: salary
Start Date: 2018-12-12
End Date: 2029-06-20
Total Amount: 33100$
Monthly Payment: 373$
Remaining Balance: 17690$
Remaining Years: 4.5"
Export,496,202610,Undergraduate,awarded,"Shouf National College, Chouf",0,0,2,Car Purchase,Bank,salary,2023-08-03,2030-07-20,22250$,22250.0,usd,usd,265$,265.0,18000$,18000.0,0,5.5,5.5,loan_section_key_value,0,,"Reason: Car Purchase
Source: Bank
Mortgaged Asset: salary
Start Date: 2023-08-03
End Date: 2030-07-20
Total Amount: 22250$
Monthly Payment: 265$
Remaining Balance: 18000$
Remaining Years: 5.5"
Export,496,202610,Undergraduate,awarded,"Shouf National College, Chouf",0,0,3,credit card,bank,salary,2018-11-06,2026-11-30,5000$,5000.0,usd,usd,not available,,not available,,0,2,2.0,loan_section_key_value,1,monthly_payment_unparsed; remaining_balance_unparsed,"Reason: credit card
Source: bank
Mortgaged Asset: salary
Start Date: 2018-11-06
End Date: 2026-11-30
Total Amount: 5000$
Monthly Payment: not available
Remaining Balance: not available
Remaining Years: 2"
Export,500,202610,Undergraduate,awarded,"Adventist School Mouseitbeh (ASM), Mouseitbeh",1,1,1,Housing Loan,Banque de L'habitat in corporation with Bank MED,house in beirut,2014-12-11,2028-12-11,"111,230,000",111230000.0,,likely_lbp_unmarked,"662,083",662083.0,"78,125,860",78125860.0,0,7,7.0,loan_section_key_value,0,,"Reason: Housing Loan
Source: Banque de L'habitat in corporation with Bank MED
Mortgaged Asset: house in beirut
Start Date: 2014-12-11
End Date: 2028-12-11
Total Amount: 111,230,000
Monthly Payment: 662,083
Remaining Balance: 78,125,860
Remaining Years: 7"
Export,503,202610,Undergraduate,awarded,"Lycée Franco Libanais, Verdun",1,1,1,قرض اسكان,مؤسسة العامة للاسكان,the house,2008-11-20,2038-11-20,"142,000,000 L.L",142000000.0,lbp,lbp,"300,000L.L",300.0,"60,000,000L.L",60000.0,0,13,13.0,loan_section_key_value,0,,"Reason: قرض اسكان
Source: مؤسسة العامة للاسكان
Mortgaged Asset: the house
Start Date: 2008-11-20
End Date: 2038-11-20
Total Amount: 142,000,000 L.L
Monthly Payment: 300,000L.L
Remaining Balance: 60,000,000L.L
Remaining Years: 13"
Export,509,202710,Undergraduate,awarded,"College Protestant Francais (CPF), Koraytem Beirut",1,1,1,social problems,Banque Du Liban,social services,2017-04-01,2027-03-31,20 000 000 L.L,20.0,lbp,lbp,131 345L.L,131.0,3 020 935L.L,3.0,0,2,2.0,loan_section_key_value,0,,"Reason: social problems
Source: Banque Du Liban
Mortgaged Asset: social services
Start Date: 2017-04-01
End Date: 2027-03-31
Total Amount: 20 000 000 L.L
Monthly Payment: 131 345L.L
Remaining Balance: 3 020 935L.L
Remaining Years: 2"
Export,509,202710,Undergraduate,awarded,"College Protestant Francais (CPF), Koraytem Beirut",1,1,2,To Buy A House,Banque Du Liban,house,2001-07-01,,129 274 834L.L,129.0,lbp,lbp,424 147 L.L,424.0,5 089 764L.L,5.0,0,1,1.0,loan_section_key_value,0,,"Reason: To Buy A House
Source: Banque Du Liban
Mortgaged Asset: house
Start Date: 2001-07-01
End Date:
Total Amount: 129 274 834L.L
Monthly Payment: 424 147 L.L
Remaining Balance: 5 089 764L.L
Remaining Years: 1"
Export,509,202710,Undergraduate,awarded,"College Protestant Francais (CPF), Koraytem Beirut",1,1,3,social problems,Banque du Liban,social services,2016-03-02,2026-02-28,111 988 329L.L,111.0,lbp,lbp,835 395L.L,835.0,5 012 370L.L,5.0,0,1,1.0,loan_section_key_value,0,,"Reason: social problems
Source: Banque du Liban
Mortgaged Asset: social services
Start Date: 2016-03-02
End Date: 2026-02-28
Total Amount: 111 988 329L.L
Monthly Payment: 835 395L.L
Remaining Balance: 5 012 370L.L
Remaining Years: 1"
Export,509,202710,Undergraduate,awarded,"College Protestant Francais (CPF), Koraytem Beirut",1,1,4,social problems,Banque du Liban,social services,2025-05-01,2029-12-31,1 000 000 000,1.0,,unknown,13 515 000L.L,13.0,905 395 000L.L,905.0,0,1,1.0,loan_section_key_value,0,,"Reason: social problems
Source: Banque du Liban
Mortgaged Asset: social services
Start Date: 2025-05-01
End Date: 2029-12-31
Total Amount: 1 000 000 000
Monthly Payment: 13 515 000L.L
Remaining Balance: 905 395 000L.L
Remaining Years: 1"
Export,511,202710,Undergraduate,awarded,"Christian Teaching Institute (CTI), Sin El Fil Maten",0,0,1,Education loan,LAU,NA,2023-07-10,2032-07-10,54400,54400.0,,unknown,0,0.0,54400,54400.0,0,9 years,9.0,loan_section_key_value,0,,"Reason: Education loan
Source: LAU
Mortgaged Asset: NA
Start Date: 2023-07-10
End Date: 2032-07-10
Total Amount: 54400
Monthly Payment: 0
Remaining Balance: 54400
Remaining Years: 9 years"
Export,516,202710,Undergraduate,,"Jesus & Mary School, Rabweh",1,1,1,Overdraft,Bank AUDI,not applicable,2010-01-31,2025-01-31,"Basic Loan: 30,000$ (whithout interest)",30000.0,usd,usd,pending issue with the bank,,"30,000$",30000.0,0,pending issue with the bank,,loan_section_key_value,1,monthly_payment_unparsed; remaining_years_unparsed,"Reason: Overdraft
Source: Bank AUDI
Mortgaged Asset: not applicable
Start Date: 2010-01-31
End Date: 2025-01-31
Total Amount: Basic Loan: 30,000$ (whithout interest)
Monthly Payment: pending issue with the bank
Remaining Balance: 30,000$
Remaining Years: pending issue with the bank"
Export,526,202710,Undergraduate,awarded,"Secondary Evangelical School Zahle, Zahle",1,3,1,Housing,Banque Libano Francaise,House,2008-04-29,2038-04-29,"200,000,000 LBP (133,000 USD)",200000000.0,mixed,mixed,"675,000 LBP (450 USD)",675000.0,"around 100,000,000 LBP",100000000.0,0,15,15.0,loan_section_key_value,1,mixed_currency,"Reason: Housing
Source: Banque Libano Francaise
Mortgaged Asset: House
Start Date: 2008-04-29
End Date: 2038-04-29
Total Amount: 200,000,000 LBP (133,000 USD)
Monthly Payment: 675,000 LBP (450 USD)
Remaining Balance: around 100,000,000 LBP
Remaining Years: 15"
Export,528,202611,Professional,awarded,,1,2,1,Housing,Public Housing Corporation,0,2010-07-01,2040-07-01,88000,88000.0,,unknown,10,10.0,1800,1800.0,0,15,15.0,loan_section_key_value,0,,"Reason: Housing
Source: Public Housing Corporation
Mortgaged Asset: 0
Start Date: 2010-07-01
End Date: 2040-07-01
Total Amount: 88000
Monthly Payment: 10
Remaining Balance: 1800
Remaining Years: 15"
Export,532,202610,Undergraduate,awarded,"Al Azm School, Tripoli",0,0,1,Buying family apartment,Arab Finance House with the Public Institution for Housing,160000,2009-05-15,2035-05-15,120000,120000.0,,unknown,7,7.0,1000,1000.0,0,11,11.0,loan_section_key_value,0,,"Reason: Buying family apartment
Source: Arab Finance House with the Public Institution for Housing
Mortgaged Asset: 160000
Start Date: 2009-05-15
End Date: 2035-05-15
Total Amount: 120000
Monthly Payment: 7
Remaining Balance: 1000
Remaining Years: 11"
Export,543,202710,Undergraduate,awarded,"College Notre Dame de Jamhour, Baabda",1,2,1,Housing,General Housing Institution,House,2007-09-01,2037-09-01,80 000 $,80.0,usd,usd,666 000 L.L.,666.0,450 000 000 L.L.,450.0,0,12,12.0,loan_section_key_value,1,mixed_currency,"Reason: Housing
Source: General Housing Institution
Mortgaged Asset: House
Start Date: 2007-09-01
End Date: 2037-09-01
Total Amount: 80 000 $
Monthly Payment: 666 000 L.L.
Remaining Balance: 450 000 000 L.L.
Remaining Years: 12"
Export,565,202710,Undergraduate,denied,"Ecole des Peres Antonins, Hadath",0,0,1,House purchase,Housing Association,Yes,2004-12-17,2034-12-17,"76,000,000L.L",76000.0,lbp,lbp,"400,000L.L",400.0,Pending مصرف لبنان,,0,Pending مصرف لبنان,,loan_section_key_value,1,remaining_balance_unparsed; remaining_years_unparsed,"Reason: House purchase
Source: Housing Association
Mortgaged Asset: Yes
Start Date: 2004-12-17
End Date: 2034-12-17
Total Amount: 76,000,000L.L
Monthly Payment: 400,000L.L
Remaining Balance: Pending مصرف لبنان
Remaining Years: Pending مصرف لبنان"
Export,573,202610,Undergraduate,usaid,"College Mariste Champville, Antelias",0,0,1,Buying a house,جهاز الاسكان للعسكريين عبر بنك بيبلوس,"6,104",2013-10-15,2037-02-15,"5,072",5072.0,,unknown,"22,12",2212.0,2974,2974.0,0,13,13.0,loan_section_key_value,0,,"Reason: Buying a house
Source: جهاز الاسكان للعسكريين عبر بنك بيبلوس
Mortgaged Asset: 6,104
Start Date: 2013-10-15
End Date: 2037-02-15
Total Amount: 5,072
Monthly Payment: 22,12
Remaining Balance: 2974
Remaining Years: 13"
Export,585,202610,Undergraduate,awarded,"Brummana High School (BHS), Brummana",0,0,1,Car,"Capital Bank, Jordan",Car is mortgaged to the bank,2024-03-13,2031-03-01,"11,563 $",11563.0,usd,usd,188 $,188.0,10730 $,10730.0,0,7 years,7.0,loan_section_key_value,0,,"Reason: Car
Source: Capital Bank, Jordan
Mortgaged Asset: Car is mortgaged to the bank
Start Date: 2024-03-13
End Date: 2031-03-01
Total Amount: 11,563 $
Monthly Payment: 188 $
Remaining Balance: 10730 $
Remaining Years: 7 years"
Export,585,202610,Undergraduate,awarded,"Brummana High School (BHS), Brummana",0,0,2,Personal Buy Out,"Capital Bank, Jordan","No mortgaged assets, covered by salary",2022-06-09,2032-06-01,119000 $,119000.0,usd,usd,1500 $,1500.0,102000 $,102000.0,0,8 years,8.0,loan_section_key_value,0,,"Reason: Personal Buy Out
Source: Capital Bank, Jordan
Mortgaged Asset: No mortgaged assets, covered by salary
Start Date: 2022-06-09
End Date: 2032-06-01
Total Amount: 119000 $
Monthly Payment: 1500 $
Remaining Balance: 102000 $
Remaining Years: 8 years"
Export,589,202710,Undergraduate,,"College des Soeurs des Saints Coeurs Zahle Rassieh, Zahle",1,1,1,Home,Bank,Appartment (The Property Itself),2009-06-01,2039-06-01,120000$USD,120000.0,usd,usd,850$USD,850.0,45000$USD,45000.0,0,14,14.0,loan_section_key_value,0,,"Reason: Home
Source: Bank
Mortgaged Asset: Appartment (The Property Itself)
Start Date: 2009-06-01
End Date: 2039-06-01
Total Amount: 120000$USD
Monthly Payment: 850$USD
Remaining Balance: 45000$USD
Remaining Years: 14"
Export,589,202710,Undergraduate,,"College des Soeurs des Saints Coeurs Zahle Rassieh, Zahle",1,1,2,Financial Hardship (Daily Expenses),General Security Directorate,Salary,2022-01-01,2026-01-01,24000000 Lebanese Pounds,24000000.0,,unknown,500000 Lebanese Pounds,500000.0,1500000,1500000.0,0,1,1.0,loan_section_key_value,0,,"Reason: Financial Hardship (Daily Expenses)
Source: General Security Directorate
Mortgaged Asset: Salary
Start Date: 2022-01-01
End Date: 2026-01-01
Total Amount: 24000000 Lebanese Pounds
Monthly Payment: 500000 Lebanese Pounds
Remaining Balance: 1500000
Remaining Years: 1"
Export,591,202510,Undergraduate,awarded,,1,3,1,housing,banque de l'habitat,650000,2018-01-02,2028-01-02,360000,360000.0,,unknown,50,50.0,2100,2100.0,0,3 years and a half,3.0,loan_section_key_value,0,,"Reason: housing
Source: banque de l'habitat
Mortgaged Asset: 650000
Start Date: 2018-01-02
End Date: 2028-01-02
Total Amount: 360000
Monthly Payment: 50
Remaining Balance: 2100
Remaining Years: 3 years and a half"
Export,597,202610,Undergraduate,awarded,"College Notre Dame de Jamhour, Baabda",0,0,1,personal,ISF,0,2022-04-01,2026-04-01,"66,120,000 LBP",66120000.0,lbp,lbp,"1,500,000 LBP",1500000.0,"22,500,000 LBP",22500000.0,0,1.3,1.3,loan_section_key_value,0,,"Reason: personal
Source: ISF
Mortgaged Asset: 0
Start Date: 2022-04-01
End Date: 2026-04-01
Total Amount: 66,120,000 LBP
Monthly Payment: 1,500,000 LBP
Remaining Balance: 22,500,000 LBP
Remaining Years: 1.3"
Export,600,202610,Undergraduate,denied,"International College (IC), Beirut",0,0,1,Housing loan,Banque du liban,The house,2019-10-30,2033-10-30,100 000 USD,100.0,usd,usd,500 USD,500.0,70 000 USD,70.0,0,8 years,8.0,loan_section_key_value,0,,"Reason: Housing loan
Source: Banque du liban
Mortgaged Asset: The house
Start Date: 2019-10-30
End Date: 2033-10-30
Total Amount: 100 000 USD
Monthly Payment: 500 USD
Remaining Balance: 70 000 USD
Remaining Years: 8 years"
Export,600,202610,Undergraduate,denied,"International College (IC), Beirut",0,0,2,Aid,Banque du Liban,Land,2018-05-07,2028-05-07,100 000 Usd,100.0,usd,usd,500 Usd,500.0,10 000 Usd,10.0,0,3 years,3.0,loan_section_key_value,0,,"Reason: Aid
Source: Banque du Liban
Mortgaged Asset: Land
Start Date: 2018-05-07
End Date: 2028-05-07
Total Amount: 100 000 Usd
Monthly Payment: 500 Usd
Remaining Balance: 10 000 Usd
Remaining Years: 3 years"
Export,600,202610,Undergraduate,denied,"International College (IC), Beirut",0,0,3,To buy a car,Banque du Liban,The car,2017-06-10,2027-06-06,40 000Usd,40.0,,unknown,500 usd,500.0,10 000 usf,10.0,0,3 years,3.0,loan_section_key_value,0,,"Reason: To buy a car
Source: Banque du Liban
Mortgaged Asset: The car
Start Date: 2017-06-10
End Date: 2027-06-06
Total Amount: 40 000Usd
Monthly Payment: 500 usd
Remaining Balance: 10 000 usf
Remaining Years: 3 years"
Export,602,202610,Undergraduate,denied,"Grand Lycee Franco Libanais, Achrafieh",0,0,1,family apartment purchase,Grandparents,not applicable,2025-01-15,2027-12-01,100000$,100000.0,usd,usd,3000$,3000.0,100000$,100000.0,0,3,3.0,loan_section_key_value,0,,"Reason: family apartment purchase
Source: Grandparents
Mortgaged Asset: not applicable
Start Date: 2025-01-15
End Date: 2027-12-01
Total Amount: 100000$
Monthly Payment: 3000$
Remaining Balance: 100000$
Remaining Years: 3"
Export,608,202610,Undergraduate,awarded,"Amjad School, Choueifat",0,0,1,Buy an apartment,BBAC,Apartment,2017-06-09,2027-06-09,1676,1676.0,,unknown,14,14.0,419,419.0,0,2.6,2.6,loan_section_key_value,0,,"Reason: Buy an apartment
Source: BBAC
Mortgaged Asset: Apartment
Start Date: 2017-06-09
End Date: 2027-06-09
Total Amount: 1676
Monthly Payment: 14
Remaining Balance: 419
Remaining Years: 2.6"
Export,614,202610,Undergraduate,awarded,"Sagesse High School, Ain Saade",0,0,1,current expenses,bank,0,2023-11-01,2027-02-01,20000,20000.0,,unknown,500,500.0,13500,13500.0,0,2years and 3 months,3.0,loan_section_key_value,0,,"Reason: current expenses
Source: bank
Mortgaged Asset: 0
Start Date: 2023-11-01
End Date: 2027-02-01
Total Amount: 20000
Monthly Payment: 500
Remaining Balance: 13500
Remaining Years: 2years and 3 months"
Export,617,202610,Undergraduate,denied,The Lebanese School,0,0,1,Personal,Qatar National Bank,0,2024-02-07,2027-02-07,71232,71232.0,,unknown,2233,2233.0,58000,58000.0,0,3,3.0,loan_section_key_value,0,,"Reason: Personal
Source: Qatar National Bank
Mortgaged Asset: 0
Start Date: 2024-02-07
End Date: 2027-02-07
Total Amount: 71232
Monthly Payment: 2233
Remaining Balance: 58000
Remaining Years: 3"
Export,634,202710,Undergraduate,denied,"Greenfield College, Bir Hassan",0,0,1,house,مؤسسة العامة للاسكان,hadath home,2009-12-03,2024-12-03,"180, 000, 000 L.L.",180.0,lbp,lbp,0,0.0,0,0.0,0,المتبقي هو الفوائد والمعاملة بالاسكان (بانتظار الفوائد),,loan_section_key_value,1,remaining_years_unparsed,"Reason: house
Source: مؤسسة العامة للاسكان
Mortgaged Asset: hadath home
Start Date: 2009-12-03
End Date: 2024-12-03
Total Amount: 180, 000, 000 L.L.
Monthly Payment: 0
Remaining Balance: 0
Remaining Years: المتبقي هو الفوائد والمعاملة بالاسكان (بانتظار الفوائد)"
Export,638,202520,Undergraduate,denied,,1,3,1,To pay Aub tuition fees,Emirates Bank loan,No,2024-07-01,2027-06-01,"92,000",92000.0,,unknown,"2,560",2560.0,"76,700",76700.0,0,3 years,3.0,loan_section_key_value,0,,"Reason: To pay Aub tuition fees
Source: Emirates Bank loan
Mortgaged Asset: No
Start Date: 2024-07-01
End Date: 2027-06-01
Total Amount: 92,000
Monthly Payment: 2,560
Remaining Balance: 76,700
Remaining Years: 3 years"
Export,638,202520,Undergraduate,denied,,1,3,2,To pay Aub tuition fees,BSF bank,No,2024-02-01,2026-01-01,"18,500",18500.0,,unknown,770,770.0,"10,040",10040.0,0,1 year and 2 months,2.0,loan_section_key_value,0,,"Reason: To pay Aub tuition fees
Source: BSF bank
Mortgaged Asset: No
Start Date: 2024-02-01
End Date: 2026-01-01
Total Amount: 18,500
Monthly Payment: 770
Remaining Balance: 10,040
Remaining Years: 1 year and 2 months"
Export,652,202610,Undergraduate,,"Irfan Secondary School, Chouf",1,1,1,School Tuition,Al Qard Al-Hassan Association,Gold,2023-10-01,2025-10-01,1250,1250.0,,unknown,50,50.0,650,650.0,0,1,1.0,loan_section_key_value,0,,"Reason: School Tuition
Source: Al Qard Al-Hassan Association
Mortgaged Asset: Gold
Start Date: 2023-10-01
End Date: 2025-10-01
Total Amount: 1250
Monthly Payment: 50
Remaining Balance: 650
Remaining Years: 1"
Export,652,202610,Undergraduate,,"Irfan Secondary School, Chouf",1,1,2,University Tuition,Al Qard Al-Hassan Association,Gold,2024-04-01,2025-09-01,1597,1597.0,,unknown,88,88.0,1069,1069.0,0,1,1.0,loan_section_key_value,0,,"Reason: University Tuition
Source: Al Qard Al-Hassan Association
Mortgaged Asset: Gold
Start Date: 2024-04-01
End Date: 2025-09-01
Total Amount: 1597
Monthly Payment: 88
Remaining Balance: 1069
Remaining Years: 1"
Export,671,202610,Undergraduate,awarded,"Rafic Hariri High School (RHHS), Saida",1,1,1,housing,BLOM Bank,house,2010-07-14,2040-07-14,168750000 L.L,168750000.0,lbp,lbp,1050000,1050000.0,remaining payment scheduling ia under process by the Public Corporation for Housing,,0,15,15.0,loan_section_key_value,1,remaining_balance_unparsed,"Reason: housing
Source: BLOM Bank
Mortgaged Asset: house
Start Date: 2010-07-14
End Date: 2040-07-14
Total Amount: 168750000 L.L
Monthly Payment: 1050000
Remaining Balance: remaining payment scheduling ia under process by the Public Corporation for Housing
Remaining Years: 15"
Export,681,202711,Professional,awarded,,1,2,1,Liquid assistance,interior security forces,0,2025-06-01,2027-06-06,1575.74,1575.74,,unknown,39.11,39.11,1302,1302.0,0,1.5,1.5,loan_section_key_value,0,,"Reason: Liquid assistance
Source: interior security forces
Mortgaged Asset: 0
Start Date: 2025-06-01
End Date: 2027-06-06
Total Amount: 1575.74
Monthly Payment: 39.11
Remaining Balance: 1302
Remaining Years: 1.5"
Export,683,202710,Undergraduate,denied,"The International School of Choueifat - Dubai Investments Park, Dubai",0,0,1,Personal Loan- Top up on existing Loan,Emirates NBD Bank,Retirment,2025-09-01,2029-09-01,"117,000",117000.0,,unknown,2760,2760.0,"117,000",117000.0,0,4,4.0,loan_section_key_value,0,,"Reason: Personal Loan- Top up on existing Loan
Source: Emirates NBD Bank
Mortgaged Asset: Retirment
Start Date: 2025-09-01
End Date: 2029-09-01
Total Amount: 117,000
Monthly Payment: 2760
Remaining Balance: 117,000
Remaining Years: 4"
Export,700,202611,Professional,awarded,,1,3,1,House loan,Public corporation for housing Lebanon (المؤسسة العامة للإسكان),House,2015-07-10,2030-08-10,"216,000,000 LBP (without interest)",216000000.0,lbp,lbp,"1,200,000 LBP",1200000.0,"79,200,000 LBP (without interest)",79200000.0,0,5.5,5.5,loan_section_key_value,0,,"Reason: House loan
Source: Public corporation for housing Lebanon (المؤسسة العامة للإسكان)
Mortgaged Asset: House
Start Date: 2015-07-10
End Date: 2030-08-10
Total Amount: 216,000,000 LBP (without interest)
Monthly Payment: 1,200,000 LBP
Remaining Balance: 79,200,000 LBP (without interest)
Remaining Years: 5.5"
Export,702,202610,Undergraduate,awarded,"Rafic Hariri High School (RHHS), Saida",0,0,1,housing loan,المؤسسة العامة للاسكان,house,2014-12-05,2029-12-05,3034,3034.0,,unknown,20,20.0,1040,1040.0,0,5,5.0,loan_section_key_value,0,,"Reason: housing loan
Source: المؤسسة العامة للاسكان
Mortgaged Asset: house
Start Date: 2014-12-05
End Date: 2029-12-05
Total Amount: 3034
Monthly Payment: 20
Remaining Balance: 1040
Remaining Years: 5"
Export,708,202610,Undergraduate,awarded,"College Notre Dame de Jamhour, Baabda",0,0,1,Home,Newrez,"100,000$",2020-07-01,2044-07-01,"390,000$",390000.0,usd,usd,"2,542.19$",2542.19,"365,000$",365000.0,0,26,26.0,loan_section_key_value,0,,"Reason: Home
Source: Newrez
Mortgaged Asset: 100,000$
Start Date: 2020-07-01
End Date: 2044-07-01
Total Amount: 390,000$
Monthly Payment: 2,542.19$
Remaining Balance: 365,000$
Remaining Years: 26"
Export,708,202610,Undergraduate,awarded,"College Notre Dame de Jamhour, Baabda",0,0,2,Car,Honda,0,2020-11-01,2025-11-01,"22,260$",22260.0,usd,usd,389.45$,389.45,"5,452.3$",5452.3,0,1,1.0,loan_section_key_value,0,,"Reason: Car
Source: Honda
Mortgaged Asset: 0
Start Date: 2020-11-01
End Date: 2025-11-01
Total Amount: 22,260$
Monthly Payment: 389.45$
Remaining Balance: 5,452.3$
Remaining Years: 1"
Export,708,202610,Undergraduate,awarded,"College Notre Dame de Jamhour, Baabda",0,0,3,Furniture,Synchrony Bank,0,2019-01-01,2025-01-01,"18,000$",18000.0,usd,usd,286$,286.0,858$,858.0,0,0,0.0,loan_section_key_value,0,,"Reason: Furniture
Source: Synchrony Bank
Mortgaged Asset: 0
Start Date: 2019-01-01
End Date: 2025-01-01
Total Amount: 18,000$
Monthly Payment: 286$
Remaining Balance: 858$
Remaining Years: 0"
Export,728,202611,Professional,awarded,,1,2,1,Student Loan,Federal and Provincial Student Loan,N/A,2020-09-05,2024-04-30,"$39,314 (CAD)",39314.0,usd,usd,$188.63 (CAD),188.63,"$32,631.37 (CAD)",32631.37,0,14.5 years,14.5,loan_section_key_value,0,,"Reason: Student Loan
Source: Federal and Provincial Student Loan
Mortgaged Asset: N/A
Start Date: 2020-09-05
End Date: 2024-04-30
Total Amount: $39,314 (CAD)
Monthly Payment: $188.63 (CAD)
Remaining Balance: $32,631.37 (CAD)
Remaining Years: 14.5 years"
Export,728,202611,Professional,awarded,,1,2,2,Car Loan,STEELE MITSUBISHI 3321421 NOVA SCOTIA LIMITED,N/A,2021-08-23,2028-07-31,"$40,495.00 (CAD)",40495.0,usd,usd,$445.00 (CAD),445.0,"$19,800 (CAD)",19800.0,0,3.67,3.67,loan_section_key_value,0,,"Reason: Car Loan
Source: STEELE MITSUBISHI 3321421 NOVA SCOTIA LIMITED
Mortgaged Asset: N/A
Start Date: 2021-08-23
End Date: 2028-07-31
Total Amount: $40,495.00 (CAD)
Monthly Payment: $445.00 (CAD)
Remaining Balance: $19,800 (CAD)
Remaining Years: 3.67"
Export,733,202710,Undergraduate,,The International School of Choueifat - Choueifat,1,1,1,Cannot Afford,Car,No,2025-04-16,2028-03-27,22159,22159.0,,unknown,175,175.0,13651,13651.0,0,2,2.0,loan_section_key_value,0,,"Reason: Cannot Afford
Source: Car
Mortgaged Asset: No
Start Date: 2025-04-16
End Date: 2028-03-27
Total Amount: 22159
Monthly Payment: 175
Remaining Balance: 13651
Remaining Years: 2"
Export,737,202610,Undergraduate,awarded,"College Protestant Francais (CPF), Koraytem Beirut",0,0,1,House,Audi Bank,house,2012-09-05,2033-09-05,"$370,000",370000.0,usd,usd,$2500,2500.0,"150,000",150000.0,0,8 years,8.0,loan_section_key_value,0,,"Reason: House
Source: Audi Bank
Mortgaged Asset: house
Start Date: 2012-09-05
End Date: 2033-09-05
Total Amount: $370,000
Monthly Payment: $2500
Remaining Balance: 150,000
Remaining Years: 8 years"
Export,738,202610,Undergraduate,awarded,"Lycee D'Orient, Daraya",1,1,1,house rennovation,Bnque De L habitat,house,2016-05-18,2033-05-18,"140,000,000 l.l.",140000000.0,lbp,lbp,"910,000 l.l.",910000.0,"65,330,000 l.l.",65330000.0,0,9,9.0,loan_section_key_value,0,,"Reason: house rennovation
Source: Bnque De L habitat
Mortgaged Asset: house
Start Date: 2016-05-18
End Date: 2033-05-18
Total Amount: 140,000,000 l.l.
Monthly Payment: 910,000 l.l.
Remaining Balance: 65,330,000 l.l.
Remaining Years: 9"
Export,748,202610,Undergraduate,awarded,"Tahwita Modern School (TMS), Tahouitet El Ghadir",1,1,1,To pay for school,Kard Al Hasan,Gold,2024-06-09,2027-05-09,4400$,4400.0,usd,usd,122$,122.0,4034$,4034.0,0,3,3.0,loan_section_key_value,0,,"Reason: To pay for school
Source: Kard Al Hasan
Mortgaged Asset: Gold
Start Date: 2024-06-09
End Date: 2027-05-09
Total Amount: 4400$
Monthly Payment: 122$
Remaining Balance: 4034$
Remaining Years: 3"
Export,748,202610,Undergraduate,awarded,"Tahwita Modern School (TMS), Tahouitet El Ghadir",1,1,2,To pay for school,Kard Al Hasan,Gold,2024-03-12,2026-02-12,45720000L.L,,lbp,lbp,1905000L.L,,30600000L.L,,0,2,2.0,loan_section_key_value,1,total_amount_unparsed; monthly_payment_unparsed; remaining_balance_unparsed,"Reason: To pay for school
Source: Kard Al Hasan
Mortgaged Asset: Gold
Start Date: 2024-03-12
End Date: 2026-02-12
Total Amount: 45720000L.L
Monthly Payment: 1905000L.L
Remaining Balance: 30600000L.L
Remaining Years: 2"
Export,748,202610,Undergraduate,awarded,"Tahwita Modern School (TMS), Tahouitet El Ghadir",1,1,3,To complete the remaining payment for the house,بنك الاعتماد,House itself,2014-11-30,2037-11-30,67000000L.L,,lbp,lbp,500000L.L,,30000000L.L,,0,13,13.0,loan_section_key_value,1,total_amount_unparsed; monthly_payment_unparsed; remaining_balance_unparsed,"Reason: To complete the remaining payment for the house
Source: بنك الاعتماد
Mortgaged Asset: House itself
Start Date: 2014-11-30
End Date: 2037-11-30
Total Amount: 67000000L.L
Monthly Payment: 500000L.L
Remaining Balance: 30000000L.L
Remaining Years: 13"
Export,755,202610,Undergraduate,usaid,"Bissan Secondary School UNRWA, Saida",0,0,1,universital reason,AL -Qard AL-Hasan,Gold,2024-05-04,2027-05-04,"7,124",7124.0,,unknown,197,197.0,6336,6336.0,0,3,3.0,loan_section_key_value,0,,"Reason: universital reason
Source: AL -Qard AL-Hasan
Mortgaged Asset: Gold
Start Date: 2024-05-04
End Date: 2027-05-04
Total Amount: 7,124
Monthly Payment: 197
Remaining Balance: 6336
Remaining Years: 3"
Export,755,202610,Undergraduate,usaid,"Bissan Secondary School UNRWA, Saida",0,0,2,universital reason,AL -Qard AL-Hasan,Gold,2024-05-04,2026-11-04,1320,1320.0,,unknown,44,44.0,1144,1144.0,0,2,2.0,loan_section_key_value,0,,"Reason: universital reason
Source: AL -Qard AL-Hasan
Mortgaged Asset: Gold
Start Date: 2024-05-04
End Date: 2026-11-04
Total Amount: 1320
Monthly Payment: 44
Remaining Balance: 1144
Remaining Years: 2"
Export,758,202710,Undergraduate,denied,"College Protestant Francais (CPF), Koraytem Beirut",0,0,1,university tuition,family member,no,2025-01-01,2033-03-01,51 468 $,51.0,usd,usd,468 $,468.0,46 788$,46.0,0,8 years,8.0,loan_section_key_value,0,,"Reason: university tuition
Source: family member
Mortgaged Asset: no
Start Date: 2025-01-01
End Date: 2033-03-01
Total Amount: 51 468 $
Monthly Payment: 468 $
Remaining Balance: 46 788$
Remaining Years: 8 years"
Export,776,202610,Undergraduate,awarded,"Beirut Evangelical School for Boys and Girls (BESBG), Antelias",1,1,1,House Loan,Bank,Unknown,2015-08-24,2026-08-24,209000000,209000000.0,,likely_lbp_unmarked,1850000,1850000.0,37000000,37000000.0,0,1.5,1.5,loan_section_key_value,0,,"Reason: House Loan
Source: Bank
Mortgaged Asset: Unknown
Start Date: 2015-08-24
End Date: 2026-08-24
Total Amount: 209000000
Monthly Payment: 1850000
Remaining Balance: 37000000
Remaining Years: 1.5"
Export,784,202510,Undergraduate,awarded,Al-Hayat International School,0,0,1,N/A,N/A,N/A,,,N/A,,,,N/A,,N/A,,0,N/A,,loan_section_key_value,1,total_amount_unparsed; monthly_payment_unparsed; remaining_balance_unparsed; remaining_years_unparsed,"Reason: N/A
Source: N/A
Mortgaged Asset: N/A
Start Date:
End Date:
Total Amount: N/A
Monthly Payment: N/A
Remaining Balance: N/A
Remaining Years: N/A"
Export,786,202610,Undergraduate,denied,"College des Saints Coeurs Sioufi, Achrafieh",0,0,1,Personal Loan - Car purchase,HSBC Bank,0,2024-04-20,2028-04-20,"24,658$",24658.0,usd,usd,589$,589.0,"21,458$",21458.0,0,4,4.0,loan_section_key_value,0,,"Reason: Personal Loan - Car purchase
Source: HSBC Bank
Mortgaged Asset: 0
Start Date: 2024-04-20
End Date: 2028-04-20
Total Amount: 24,658$
Monthly Payment: 589$
Remaining Balance: 21,458$
Remaining Years: 4"
Export,796,202710,Undergraduate,awarded,"Ahliah School, Wadi Abou Jamil",0,0,1,Travel purposes,Qard Al Hassan,Gold,2025-07-08,2026-05-08,3233,3233.0,,unknown,323,323.0,2583,2583.0,0,8 months,8.0,loan_section_key_value,0,,"Reason: Travel purposes
Source: Qard Al Hassan
Mortgaged Asset: Gold
Start Date: 2025-07-08
End Date: 2026-05-08
Total Amount: 3233
Monthly Payment: 323
Remaining Balance: 2583
Remaining Years: 8 months"
Export,800,202710,Undergraduate,awarded,"Sagesse High School, Ain Saade",0,0,1,Housing,Byblos Bank,yes,2005-10-19,2035-10-19,83000000 LL,83000000.0,lbp,lbp,480000 LL,480000.0,51000000 LL,51000000.0,0,10,10.0,loan_section_key_value,0,,"Reason: Housing
Source: Byblos Bank
Mortgaged Asset: yes
Start Date: 2005-10-19
End Date: 2035-10-19
Total Amount: 83000000 LL
Monthly Payment: 480000 LL
Remaining Balance: 51000000 LL
Remaining Years: 10"
Export,802,202510,Graduate,awarded,,1,3,1,House purchase,BLC bank,"nothing, it is Iskan loan",2015-12-26,2027-10-31,"130,000,000 L.L",130000000.0,lbp,lbp,"991,711 L.L",991711.0,"40,000,000",40000000.0,0,3,3.0,loan_section_key_value,0,,"Reason: House purchase
Source: BLC bank
Mortgaged Asset: nothing, it is Iskan loan
Start Date: 2015-12-26
End Date: 2027-10-31
Total Amount: 130,000,000 L.L
Monthly Payment: 991,711 L.L
Remaining Balance: 40,000,000
Remaining Years: 3"
Export,820,202610,Undergraduate,awarded,"Eastwood College, Kfarshima",0,0,1,car loan,National bank of dubai,car,2022-02-01,2027-02-04,"$26,388",26388.0,usd,usd,$400,400.0,$8800,8800.0,0,2 years,2.0,loan_section_key_value,0,,"Reason: car loan
Source: National bank of dubai
Mortgaged Asset: car
Start Date: 2022-02-01
End Date: 2027-02-04
Total Amount: $26,388
Monthly Payment: $400
Remaining Balance: $8800
Remaining Years: 2 years"
Export,820,202610,Undergraduate,awarded,"Eastwood College, Kfarshima",0,0,2,personal loan,commercial bank of dubai,none,2020-03-01,2026-03-01,"$60,000",60000.0,usd,usd,"$1,111",1111.0,"$13,000",13000.0,0,1 year,1.0,loan_section_key_value,0,,"Reason: personal loan
Source: commercial bank of dubai
Mortgaged Asset: none
Start Date: 2020-03-01
End Date: 2026-03-01
Total Amount: $60,000
Monthly Payment: $1,111
Remaining Balance: $13,000
Remaining Years: 1 year"
Export,832,202710,Undergraduate,awarded,"Der Yassin Coeducational Secondary School UNRWA, Tyre",1,2,1,buy an appartment,UNRWA,YES,2016-10-01,2026-11-01,10000,10000.0,,unknown,82.92 $,82.92,876.64 $,876.64,0,1,1.0,loan_section_key_value,0,,"Reason: buy an appartment
Source: UNRWA
Mortgaged Asset: YES
Start Date: 2016-10-01
End Date: 2026-11-01
Total Amount: 10000
Monthly Payment: 82.92 $
Remaining Balance: 876.64 $
Remaining Years: 1"
Export,832,202710,Undergraduate,awarded,"Der Yassin Coeducational Secondary School UNRWA, Tyre",1,2,2,buy an appartment,Lebanese,Yes,2016-11-10,2036-10-10,78000000 LL,78000000.0,lbp,lbp,650000 LL,650000.0,30000000,30000000.0,0,11,11.0,loan_section_key_value,0,,"Reason: buy an appartment
Source: Lebanese
Mortgaged Asset: Yes
Start Date: 2016-11-10
End Date: 2036-10-10
Total Amount: 78000000 LL
Monthly Payment: 650000 LL
Remaining Balance: 30000000
Remaining Years: 11"
Export,837,202610,Undergraduate,denied,New English School,0,0,1,took out a loan to cover for debts,Commercial Facilities kuwait,none,2023-06-26,2027-07-25,"$22,516.23",22516.23,usd,usd,$469.90,469.9,"$14,789.45",14789.45,0,3 years,3.0,loan_section_key_value,0,,"Reason: took out a loan to cover for debts
Source: Commercial Facilities kuwait
Mortgaged Asset: none
Start Date: 2023-06-26
End Date: 2027-07-25
Total Amount: $22,516.23
Monthly Payment: $469.90
Remaining Balance: $14,789.45
Remaining Years: 3 years"
Export,863,202710,Undergraduate,,American Academy School,1,1,1,the loan is taken to address essential family and household expenses during a period of financial difficulty,bank,0,2024-08-22,2027-08-22,"250,000",250000.0,,unknown,"7,840.68",7840.68,"156,813.49",156813.49,0,1 year and 8 months,8.0,loan_section_key_value,0,,"Reason: the loan is taken to address essential family and household expenses during a period of financial difficulty
Source: bank
Mortgaged Asset: 0
Start Date: 2024-08-22
End Date: 2027-08-22
Total Amount: 250,000
Monthly Payment: 7,840.68
Remaining Balance: 156,813.49
Remaining Years: 1 year and 8 months"
Export,866,202710,Undergraduate,denied,"Antonine International School (AIS), Ajaltoun",0,0,1,New House,BOB bank,Baouchrieh - 1395- 15,2013-07-11,2026-05-08,147000$,147000.0,usd,usd,1233$,1233.0,9866$,9866.0,0,9 month,9.0,loan_section_key_value,0,,"Reason: New House
Source: BOB bank
Mortgaged Asset: Baouchrieh - 1395- 15
Start Date: 2013-07-11
End Date: 2026-05-08
Total Amount: 147000$
Monthly Payment: 1233$
Remaining Balance: 9866$
Remaining Years: 9 month"
Export,870,202610,Undergraduate,denied,"Le Lycee National, Choueifat",0,0,1,Apartment Loan,BBAC,"150,000",2013-11-05,2026-10-05,"150,000",150000.0,,unknown,19.23,19.23,443.52,443.52,0,2,2.0,loan_section_key_value,0,,"Reason: Apartment Loan
Source: BBAC
Mortgaged Asset: 150,000
Start Date: 2013-11-05
End Date: 2026-10-05
Total Amount: 150,000
Monthly Payment: 19.23
Remaining Balance: 443.52
Remaining Years: 2"
Export,872,202610,Undergraduate,denied,"Beirut Annuciation Orthodox College (BAC), Achrafieh",0,0,1,Education loan for Aya,UNFCU,N/A,2024-10-31,2025-09-30,21297.74,21297.74,,unknown,1774.82,1774.82,15973.28,15973.28,0,1,1.0,loan_section_key_value,0,,"Reason: Education loan for Aya
Source: UNFCU
Mortgaged Asset: N/A
Start Date: 2024-10-31
End Date: 2025-09-30
Total Amount: 21297.74
Monthly Payment: 1774.82
Remaining Balance: 15973.28
Remaining Years: 1"
Export,872,202610,Undergraduate,denied,"Beirut Annuciation Orthodox College (BAC), Achrafieh",0,0,2,Education loan,LAU,0,2024-09-15,2025-09-14,39252,39252.0,,unknown,0,0.0,39252,39252.0,0,TBD,,loan_section_key_value,1,remaining_years_unparsed,"Reason: Education loan
Source: LAU
Mortgaged Asset: 0
Start Date: 2024-09-15
End Date: 2025-09-14
Total Amount: 39252
Monthly Payment: 0
Remaining Balance: 39252
Remaining Years: TBD"
Export,872,202610,Undergraduate,denied,"Beirut Annuciation Orthodox College (BAC), Achrafieh",0,0,3,Education and expenses for my sister,Mother's Salary from UNICEF,0,2024-07-01,2025-08-01,32932.75,32932.75,,unknown,2744.4,2744.4,19210.75,19210.75,0,1,1.0,loan_section_key_value,0,,"Reason: Education and expenses for my sister
Source: Mother's Salary from UNICEF
Mortgaged Asset: 0
Start Date: 2024-07-01
End Date: 2025-08-01
Total Amount: 32932.75
Monthly Payment: 2744.4
Remaining Balance: 19210.75
Remaining Years: 1"
Export,880,202610,Undergraduate,denied,"Rafic Hariri High School (RHHS), Saida",0,0,1,Credit Card Loans,Saudi Awwal Bank (SAB),Credit Card,2024-10-17,2026-12-31,58168,58168.0,,unknown,2423,2423.0,58168,58168.0,0,2,2.0,loan_section_key_value,0,,"Reason: Credit Card Loans
Source: Saudi Awwal Bank (SAB)
Mortgaged Asset: Credit Card
Start Date: 2024-10-17
End Date: 2026-12-31
Total Amount: 58168
Monthly Payment: 2423
Remaining Balance: 58168
Remaining Years: 2"
Export,884,202610,Undergraduate,awarded,"Saint Mary's Orthodox College (SMOC), Beirut",0,0,1,Moving Houses,My Aunt,No Mortgaged Asset,2022-06-08,2037-01-01,125000 usd,125000.0,usd,usd,750 usd,750.0,112500 usd,112500.0,0,12,12.0,loan_section_key_value,0,,"Reason: Moving Houses
Source: My Aunt
Mortgaged Asset: No Mortgaged Asset
Start Date: 2022-06-08
End Date: 2037-01-01
Total Amount: 125000 usd
Monthly Payment: 750 usd
Remaining Balance: 112500 usd
Remaining Years: 12"
Export,884,202610,Undergraduate,awarded,"Saint Mary's Orthodox College (SMOC), Beirut",0,0,2,Living support,father's Brother in law,no Mortgaged Asset,2019-09-10,2030-01-01,75000 usd,75000.0,usd,usd,Whatever Possible (family loan),,75000,75000.0,0,5,5.0,loan_section_key_value,1,monthly_payment_unparsed,"Reason: Living support
Source: father's Brother in law
Mortgaged Asset: no Mortgaged Asset
Start Date: 2019-09-10
End Date: 2030-01-01
Total Amount: 75000 usd
Monthly Payment: Whatever Possible (family loan)
Remaining Balance: 75000
Remaining Years: 5"
Export,888,202710,Undergraduate,denied,"Lycee Emmanuel, Kfarshima",0,0,1,housing loan,Bank med,House,2008-06-01,2038-06-01,"75,000,000",75000000.0,,unknown,300L.l,,"30,000,000l.l",30000.0,0,15,15.0,loan_section_key_value,1,monthly_payment_unparsed,"Reason: housing loan
Source: Bank med
Mortgaged Asset: House
Start Date: 2008-06-01
End Date: 2038-06-01
Total Amount: 75,000,000
Monthly Payment: 300L.l
Remaining Balance: 30,000,000l.l
Remaining Years: 15"
Export,892,202610,Undergraduate,denied,"Houssameddine Hariri High School, Saida",0,0,1,Car Purchase,Abu Dhabi Islamic Bank,0,2023-01-16,2026-01-15,28000,28000.0,,unknown,697.97,697.97,"10,469.49",10469.49,0,2,2.0,loan_section_key_value,0,,"Reason: Car Purchase
Source: Abu Dhabi Islamic Bank
Mortgaged Asset: 0
Start Date: 2023-01-16
End Date: 2026-01-15
Total Amount: 28000
Monthly Payment: 697.97
Remaining Balance: 10,469.49
Remaining Years: 2"
Export,895,202610,Undergraduate,awarded,The International School of Choueifat - Choueifat,0,0,1,"Paying off debts, tuitions.",Emirates NBD Bank,0,2022-01-01,2025-03-20,"26,185 dirhams",26185.0,,unknown,1000-2000 dirhams,1500.0,"17,200",17200.0,0,unknown,,loan_section_key_value,1,remaining_years_unparsed,"Reason: Paying off debts, tuitions.
Source: Emirates NBD Bank
Mortgaged Asset: 0
Start Date: 2022-01-01
End Date: 2025-03-20
Total Amount: 26,185 dirhams
Monthly Payment: 1000-2000 dirhams
Remaining Balance: 17,200
Remaining Years: unknown"
Export,899,202710,Undergraduate,,"College Des Soeurs des Saints Coeurs (SSCC), Batroun",1,1,1,Educational loan,Lebanese American University,0,2022-03-29,2031-03-29,54115,54115.0,,unknown,0,0.0,54115,54115.0,0,9,9.0,loan_section_key_value,0,,"Reason: Educational loan
Source: Lebanese American University
Mortgaged Asset: 0
Start Date: 2022-03-29
End Date: 2031-03-29
Total Amount: 54115
Monthly Payment: 0
Remaining Balance: 54115
Remaining Years: 9"
Export,899,202710,Undergraduate,,"College Des Soeurs des Saints Coeurs (SSCC), Batroun",1,1,2,Educational loan,Lebanese American University,0,2024-09-15,2027-09-15,6887,6887.0,,unknown,0,0.0,6887,6887.0,0,3,3.0,loan_section_key_value,0,,"Reason: Educational loan
Source: Lebanese American University
Mortgaged Asset: 0
Start Date: 2024-09-15
End Date: 2027-09-15
Total Amount: 6887
Monthly Payment: 0
Remaining Balance: 6887
Remaining Years: 3"
Export,909,202710,Undergraduate,awarded,"L'Athenee de Beyrouth, Bsalim",0,0,1,car purchase,The Bible Society,none,2025-04-28,2025-12-31,10000,10000.0,,unknown,1100,1100.0,2300,2300.0,0,0,0.0,loan_section_key_value,0,,"Reason: car purchase
Source: The Bible Society
Mortgaged Asset: none
Start Date: 2025-04-28
End Date: 2025-12-31
Total Amount: 10000
Monthly Payment: 1100
Remaining Balance: 2300
Remaining Years: 0"
Export,934,202710,Undergraduate,awarded,"Lycee National Schools Bekaata, Bakaata",0,0,1,Housing Loan,Credit Libanais Bank,Home,2011-05-09,2036-05-08,1900,1900.0,,unknown,14,14.0,1043,1043.0,0,11,11.0,loan_section_key_value,0,,"Reason: Housing Loan
Source: Credit Libanais Bank
Mortgaged Asset: Home
Start Date: 2011-05-09
End Date: 2036-05-08
Total Amount: 1900
Monthly Payment: 14
Remaining Balance: 1043
Remaining Years: 11"
Export,934,202710,Undergraduate,awarded,"Lycee National Schools Bekaata, Bakaata",0,0,2,Housing Loan,Credit Libanais Bank,Home,2011-05-09,2036-05-08,1117,1117.0,,unknown,9.3,9.3,457,457.0,0,11,11.0,loan_section_key_value,0,,"Reason: Housing Loan
Source: Credit Libanais Bank
Mortgaged Asset: Home
Start Date: 2011-05-09
End Date: 2036-05-08
Total Amount: 1117
Monthly Payment: 9.3
Remaining Balance: 457
Remaining Years: 11"
Export,935,202610,Undergraduate,denied,"International College (IC), Beirut",1,2,1,housing,credit libanais,House,2010-10-10,2025-11-10,"975,000,000 LBP",975000000.0,lbp,lbp,"6,000,000 LBP",6000000.0,"85,000,000 LBP",85000000.0,0,1,1.0,loan_section_key_value,0,,"Reason: housing
Source: credit libanais
Mortgaged Asset: House
Start Date: 2010-10-10
End Date: 2025-11-10
Total Amount: 975,000,000 LBP
Monthly Payment: 6,000,000 LBP
Remaining Balance: 85,000,000 LBP
Remaining Years: 1"
Export,942,202610,Undergraduate,,"Abu Dhabi Grammar School,Canad",1,1,1,Car,First Abu Dhabi Bank,Car,2022-01-01,2027-01-01,22857,22857.0,,unknown,426,426.0,10911,10911.0,0,3,3.0,loan_section_key_value,0,,"Reason: Car
Source: First Abu Dhabi Bank
Mortgaged Asset: Car
Start Date: 2022-01-01
End Date: 2027-01-01
Total Amount: 22857
Monthly Payment: 426
Remaining Balance: 10911
Remaining Years: 3"
Export,942,202610,Undergraduate,,"Abu Dhabi Grammar School,Canad",1,1,2,Car,First Abu Dhabi Bank,Car,2022-06-01,2027-06-01,19591,19591.0,,unknown,364.5,364.5,11007,11007.0,0,3,3.0,loan_section_key_value,0,,"Reason: Car
Source: First Abu Dhabi Bank
Mortgaged Asset: Car
Start Date: 2022-06-01
End Date: 2027-06-01
Total Amount: 19591
Monthly Payment: 364.5
Remaining Balance: 11007
Remaining Years: 3"
Export,944,202610,Undergraduate,denied,"Al Kawthar School, Bir Hassan",0,0,1,To complete my brother's University tuition fees,Al kared Al Hassan,0,2024-09-16,2026-01-16,5000 $,5000.0,usd,usd,312 $,312.0,4688 $,4688.0,0,1 year and 1 month,1.0,loan_section_key_value,0,,"Reason: To complete my brother's University tuition fees
Source: Al kared Al Hassan
Mortgaged Asset: 0
Start Date: 2024-09-16
End Date: 2026-01-16
Total Amount: 5000 $
Monthly Payment: 312 $
Remaining Balance: 4688 $
Remaining Years: 1 year and 1 month"
Export,949,202510,Graduate,denied,,1,2,1,Personal,Emirates NBD,N/A,2018-04-18,2022-02-23,"600,000 AED",600000.0,,unknown,"14,226 AED",14226.0,"202,100 AED",202100.0,0,Negotiation with the bank to be settled by the end of 2024.,2024.0,loan_section_key_value,0,,"Reason: Personal
Source: Emirates NBD
Mortgaged Asset: N/A
Start Date: 2018-04-18
End Date: 2022-02-23
Total Amount: 600,000 AED
Monthly Payment: 14,226 AED
Remaining Balance: 202,100 AED
Remaining Years: Negotiation with the bank to be settled by the end of 2024."
Export,964,202610,Undergraduate,awarded,"College de La Sagesse, Achrafieh",1,2,1,To buy a house,Blom Bank,house,2010-05-27,2040-04-27,360000000,360000000.0,,likely_lbp_unmarked,1150000,1150000.0,~180000000,180000000.0,0,16,16.0,loan_section_key_value,0,,"Reason: To buy a house
Source: Blom Bank
Mortgaged Asset: house
Start Date: 2010-05-27
End Date: 2040-04-27
Total Amount: 360000000
Monthly Payment: 1150000
Remaining Balance: ~180000000
Remaining Years: 16"
Export,965,202610,Undergraduate,,,1,4,1,Help Pay Istituo Marangoni Tuition Fees,HSBC,No,2025-04-01,2026-03-01,4000,4000.0,,unknown,397,397.0,397,397.0,0,0,0.0,loan_section_key_value,0,,"Reason: Help Pay Istituo Marangoni Tuition Fees
Source: HSBC
Mortgaged Asset: No
Start Date: 2025-04-01
End Date: 2026-03-01
Total Amount: 4000
Monthly Payment: 397
Remaining Balance: 397
Remaining Years: 0"
Export,965,202610,Undergraduate,,,1,4,2,Help pay Istituo Maranngoni Tuition Fees,HSBC,No,2025-08-01,2027-08-01,11800,11800.0,,unknown,543,543.0,9231,9231.0,0,1.5,1.5,loan_section_key_value,0,,"Reason: Help pay Istituo Maranngoni Tuition Fees
Source: HSBC
Mortgaged Asset: No
Start Date: 2025-08-01
End Date: 2027-08-01
Total Amount: 11800
Monthly Payment: 543
Remaining Balance: 9231
Remaining Years: 1.5"
Export,970,202610,Undergraduate,awarded,"Jesus & Mary School, Rabweh",1,1,1,Appartment purchase,Lebanese National Housing Corporation,salaries as state officials,2012-08-18,2026-09-05,245000000 L.L.,245000000.0,lbp,lbp,1910000L.L.,,42009406,42009406.0,0,2,2.0,loan_section_key_value,1,monthly_payment_unparsed,"Reason: Appartment purchase
Source: Lebanese National Housing Corporation
Mortgaged Asset: salaries as state officials
Start Date: 2012-08-18
End Date: 2026-09-05
Total Amount: 245000000 L.L.
Monthly Payment: 1910000L.L.
Remaining Balance: 42009406
Remaining Years: 2"
Export,975,202610,Undergraduate,awarded,"International College (IC), Beirut",0,0,1,school tution,ADCB,salary,2025-01-10,2027-01-05,8700,8700.0,,unknown,460,460.0,all,,0,2,2.0,loan_section_key_value,1,remaining_balance_unparsed,"Reason: school tution
Source: ADCB
Mortgaged Asset: salary
Start Date: 2025-01-10
End Date: 2027-01-05
Total Amount: 8700
Monthly Payment: 460
Remaining Balance: all
Remaining Years: 2"
Export,975,202610,Undergraduate,awarded,"International College (IC), Beirut",0,0,2,credit cover,ADCB,salary,2025-01-10,2026-01-05,4400,4400.0,,unknown,400,400.0,all,,0,1,1.0,loan_section_key_value,1,remaining_balance_unparsed,"Reason: credit cover
Source: ADCB
Mortgaged Asset: salary
Start Date: 2025-01-10
End Date: 2026-01-05
Total Amount: 4400
Monthly Payment: 400
Remaining Balance: all
Remaining Years: 1"
Export,980,202610,Undergraduate,denied,"Rafic Hariri High School (RHHS), Saida",0,0,1,Expenses during the war,NBK-,Salary domiciliation,2024-11-25,2025-11-25,2000,2000.0,,unknown,125,125.0,1750,1750.0,0,1,1.0,loan_section_key_value,0,,"Reason: Expenses during the war
Source: NBK-
Mortgaged Asset: Salary domiciliation
Start Date: 2024-11-25
End Date: 2025-11-25
Total Amount: 2000
Monthly Payment: 125
Remaining Balance: 1750
Remaining Years: 1"
Export,1010,202610,Undergraduate,awarded,"Phoenix International School, Haret Hreik",1,1,1,House Loan,المؤسسة العامة للإسكان,Byblos Bank,2016-08-27,2031-08-27,"225,000,000 L.L",225000000.0,lbp,lbp,"1,250,000 L.L",1250000.0,الفوائد على قيمة القرض,,0,حسب تحديد الفوائد وقيمتها وطريقة دفعها,,loan_section_key_value,1,remaining_balance_unparsed; remaining_years_unparsed,"Reason: House Loan
Source: المؤسسة العامة للإسكان
Mortgaged Asset: Byblos Bank
Start Date: 2016-08-27
End Date: 2031-08-27
Total Amount: 225,000,000 L.L
Monthly Payment: 1,250,000 L.L
Remaining Balance: الفوائد على قيمة القرض
Remaining Years: حسب تحديد الفوائد وقيمتها وطريقة دفعها"
Export,1012,202610,Undergraduate,awarded,"Christian Teaching Institute (CTI), Sin El Fil Maten",0,0,1,Schooling Loan,Jacob Rothman,nothing,2019-01-01,2030-12-30,30000,30000.0,,unknown,0,0.0,30000 and increasing,30000.0,0,5,5.0,loan_section_key_value,0,,"Reason: Schooling Loan
Source: Jacob Rothman
Mortgaged Asset: nothing
Start Date: 2019-01-01
End Date: 2030-12-30
Total Amount: 30000
Monthly Payment: 0
Remaining Balance: 30000 and increasing
Remaining Years: 5"
Export,1020,202610,Undergraduate,denied,Sagesse Saint Jean Brasilia,0,0,1,buy a home,bank of habitat,HOME,2011-01-03,2027-01-03,165 000 000 LBP,165.0,lbp,lbp,1 500 000 LBP,1.0,IDK THE BANK IS CLOSED,,0,3,3.0,loan_section_key_value,1,remaining_balance_unparsed,"Reason: buy a home
Source: bank of habitat
Mortgaged Asset: HOME
Start Date: 2011-01-03
End Date: 2027-01-03
Total Amount: 165 000 000 LBP
Monthly Payment: 1 500 000 LBP
Remaining Balance: IDK THE BANK IS CLOSED
Remaining Years: 3"
Export,1024,202610,Undergraduate,denied,Collège Saint Joseph Antoura,0,0,1,Housing,Bank,Apartment,2015-06-25,2030-06-25,"5,027$",5027.0,usd,usd,44.91$,44.91,"2,964$",2964.0,0,5.5,5.5,loan_section_key_value,0,,"Reason: Housing
Source: Bank
Mortgaged Asset: Apartment
Start Date: 2015-06-25
End Date: 2030-06-25
Total Amount: 5,027$
Monthly Payment: 44.91$
Remaining Balance: 2,964$
Remaining Years: 5.5"
Export,1033,202520,Graduate,denied,,1,2,1,Housing Loan,Banque de l'habitat,The house itself,2018-02-02,2044-05-02,420 000 000 LBP,420.0,lbp,lbp,2 200 000 LBP,2.0,260 000 000 LBP,260.0,0,24 years,24.0,loan_section_key_value,0,,"Reason: Housing Loan
Source: Banque de l'habitat
Mortgaged Asset: The house itself
Start Date: 2018-02-02
End Date: 2044-05-02
Total Amount: 420 000 000 LBP
Monthly Payment: 2 200 000 LBP
Remaining Balance: 260 000 000 LBP
Remaining Years: 24 years"
Export,1042,202610,Undergraduate,awarded,"Secondary Evangelical School Zahle, Zahle",0,0,1,residential,Blom bank,appartment,2015-05-01,2037-05-01,"5,455",5455.0,,unknown,20.9,20.9,3214.2,3214.2,0,13,13.0,loan_section_key_value,0,,"Reason: residential
Source: Blom bank
Mortgaged Asset: appartment
Start Date: 2015-05-01
End Date: 2037-05-01
Total Amount: 5,455
Monthly Payment: 20.9
Remaining Balance: 3214.2
Remaining Years: 13"
Export,1044,202610,Undergraduate,denied,"College Notre Dame de Jamhour, Baabda",0,0,1,To buy a home,House loan (Banque de l'habitat),yes,2018-01-12,2032-01-11,300.000.000 L.L,300.0,lbp,lbp,2.894.000L.L,2.894,120.000.000,120.0,0,7,7.0,loan_section_key_value,0,,"Reason: To buy a home
Source: House loan (Banque de l'habitat)
Mortgaged Asset: yes
Start Date: 2018-01-12
End Date: 2032-01-11
Total Amount: 300.000.000 L.L
Monthly Payment: 2.894.000L.L
Remaining Balance: 120.000.000
Remaining Years: 7"
Export,1047,202520,Undergraduate,awarded,,1,3,1,Appartment,Fransabank,1 187 500 $,2012-06-01,2035-05-01,850 000 $,850.0,usd,usd,Around 5 500$,5.0,Around 609 000 $,609.0,0,11 years,11.0,loan_section_key_value,0,,"Reason: Appartment
Source: Fransabank
Mortgaged Asset: 1 187 500 $
Start Date: 2012-06-01
End Date: 2035-05-01
Total Amount: 850 000 $
Monthly Payment: Around 5 500$
Remaining Balance: Around 609 000 $
Remaining Years: 11 years"
Export,1049,202520,Undergraduate,denied,,1,3,1,to buy a house,lebanese housing bank/ bbac,house,2016-09-17,2028-09-17,270 000 000 LL,270.0,lbp,lbp,1 875 000 LL,1.0,90 000 000 LL,90.0,0,4 years,4.0,loan_section_key_value,0,,"Reason: to buy a house
Source: lebanese housing bank/ bbac
Mortgaged Asset: house
Start Date: 2016-09-17
End Date: 2028-09-17
Total Amount: 270 000 000 LL
Monthly Payment: 1 875 000 LL
Remaining Balance: 90 000 000 LL
Remaining Years: 4 years"
Export,1052,202610,Undergraduate,denied,Saint Louis De Gonzague,0,0,1,PROPERTY PURCHASE,0,0,2017-06-10,2032-06-04,176000,176000.0,,unknown,1061,1061.0,87712,87712.0,0,7,7.0,loan_section_key_value,0,,"Reason: PROPERTY PURCHASE
Source: 0
Mortgaged Asset: 0
Start Date: 2017-06-10
End Date: 2032-06-04
Total Amount: 176000
Monthly Payment: 1061
Remaining Balance: 87712
Remaining Years: 7"
Export,1071,202611,Professional,awarded,,1,2,1,Brother's Student Loan,Lebanese American University,Not applicable,2024-12-31,2027-05-31,10560,10560.0,,unknown,350,350.0,10172,10172.0,0,2.5,2.5,loan_section_key_value,0,,"Reason: Brother's Student Loan
Source: Lebanese American University
Mortgaged Asset: Not applicable
Start Date: 2024-12-31
End Date: 2027-05-31
Total Amount: 10560
Monthly Payment: 350
Remaining Balance: 10172
Remaining Years: 2.5"
Export,1073,202510,Graduate,awarded,,1,2,1,Housing,Bank,Appartment,2011-03-03,2027-09-03,2455,2455.0,,unknown,15,15.0,300,300.0,0,3,3.0,loan_section_key_value,0,,"Reason: Housing
Source: Bank
Mortgaged Asset: Appartment
Start Date: 2011-03-03
End Date: 2027-09-03
Total Amount: 2455
Monthly Payment: 15
Remaining Balance: 300
Remaining Years: 3"
Export,1075,202520,Undergraduate,awarded,"Al Kawthar School, Bir Hassan",0,0,1,solar pannel,kard al hassan,gold,2022-08-01,2027-08-01,4790,4790.0,,unknown,79,79.0,2880,2880.0,0,3,3.0,loan_section_key_value,0,,"Reason: solar pannel
Source: kard al hassan
Mortgaged Asset: gold
Start Date: 2022-08-01
End Date: 2027-08-01
Total Amount: 4790
Monthly Payment: 79
Remaining Balance: 2880
Remaining Years: 3"
Export,1089,202610,Undergraduate,awarded,"Amjad School, Choueifat",0,0,1,University and School Tuition,sisters,0,2022-08-25,2026-08-25,15000,15000.0,,unknown,not determined,,15000,15000.0,0,2,2.0,loan_section_key_value,1,monthly_payment_unparsed,"Reason: University and School Tuition
Source: sisters
Mortgaged Asset: 0
Start Date: 2022-08-25
End Date: 2026-08-25
Total Amount: 15000
Monthly Payment: not determined
Remaining Balance: 15000
Remaining Years: 2"
Export,1090,202610,Undergraduate,awarded,"Al Makassed Omar Bin Al Khattab College, Beirut",0,0,1,To cover school tuitions(2023-2024 year),The company my father works at,Nothing,2024-04-17,2025-01-01,2000,2000.0,,unknown,300-400$,350.0,350,350.0,0,1 month,1.0,loan_section_key_value,0,,"Reason: To cover school tuitions(2023-2024 year)
Source: The company my father works at
Mortgaged Asset: Nothing
Start Date: 2024-04-17
End Date: 2025-01-01
Total Amount: 2000
Monthly Payment: 300-400$
Remaining Balance: 350
Remaining Years: 1 month"
Export,1090,202610,Undergraduate,awarded,"Al Makassed Omar Bin Al Khattab College, Beirut",0,0,2,Grandmother Entering to the hospital,Friend,Nothing,2024-10-14,2025-07-14,1500$,1500.0,usd,usd,150,150.0,1200,1200.0,0,8 months,8.0,loan_section_key_value,0,,"Reason: Grandmother Entering to the hospital
Source: Friend
Mortgaged Asset: Nothing
Start Date: 2024-10-14
End Date: 2025-07-14
Total Amount: 1500$
Monthly Payment: 150
Remaining Balance: 1200
Remaining Years: 8 months"
Export,1090,202610,Undergraduate,awarded,"Al Makassed Omar Bin Al Khattab College, Beirut",0,0,3,For school tuition,City Modern School,Nothing,2024-06-17,2025-05-17,1000$,1000.0,usd,usd,100$,100.0,600$,600.0,0,6 months,6.0,loan_section_key_value,0,,"Reason: For school tuition
Source: City Modern School
Mortgaged Asset: Nothing
Start Date: 2024-06-17
End Date: 2025-05-17
Total Amount: 1000$
Monthly Payment: 100$
Remaining Balance: 600$
Remaining Years: 6 months"
Export,1098,202710,Undergraduate,,"Jesus & Mary School, Rabweh",1,1,1,House,Ministry of housing,"60,000",2007-04-10,2031-04-10,"60,000",60000.0,,unknown,400,400.0,400,400.0,0,5,5.0,loan_section_key_value,0,,"Reason: House
Source: Ministry of housing
Mortgaged Asset: 60,000
Start Date: 2007-04-10
End Date: 2031-04-10
Total Amount: 60,000
Monthly Payment: 400
Remaining Balance: 400
Remaining Years: 5"
Export,1101,202610,Undergraduate,denied,"Lycée Franco Libanais, Verdun",1,2,1,housing,central bank of lebanon,appartment,2012-11-07,2036-11-01,"327,984,000 LBP",327984000.0,lbp,lbp,"976,759 LBP",976759.0,"110,429,625 LBP",110429625.0,0,11,11.0,loan_section_key_value,0,,"Reason: housing
Source: central bank of lebanon
Mortgaged Asset: appartment
Start Date: 2012-11-07
End Date: 2036-11-01
Total Amount: 327,984,000 LBP
Monthly Payment: 976,759 LBP
Remaining Balance: 110,429,625 LBP
Remaining Years: 11"
Export,1101,202610,Undergraduate,denied,"Lycée Franco Libanais, Verdun",1,2,2,credit card,central bank of lebanon,none,2008-07-04,2036-12-31,105000000 LBP,105000000.0,lbp,lbp,73000 LBP,73000.0,105000000 LBP,105000000.0,0,11 YEARS,11.0,loan_section_key_value,0,,"Reason: credit card
Source: central bank of lebanon
Mortgaged Asset: none
Start Date: 2008-07-04
End Date: 2036-12-31
Total Amount: 105000000 LBP
Monthly Payment: 73000 LBP
Remaining Balance: 105000000 LBP
Remaining Years: 11 YEARS"
Export,1111,202610,Undergraduate,awarded,Collège Saint Joseph Antoura,0,0,1,Living expenses,Loan,0,2024-03-06,2024-03-06,1000$,1000.0,usd,usd,300$,300.0,0,0.0,0,0,0.0,loan_section_key_value,0,,"Reason: Living expenses
Source: Loan
Mortgaged Asset: 0
Start Date: 2024-03-06
End Date: 2024-03-06
Total Amount: 1000$
Monthly Payment: 300$
Remaining Balance: 0
Remaining Years: 0"
Export,1111,202610,Undergraduate,awarded,Collège Saint Joseph Antoura,0,0,2,Living expenses,Loan,0,2025-02-10,2025-02-10,2000$,2000.0,usd,usd,0,0.0,2000$,2000.0,0,0,0.0,loan_section_key_value,0,,"Reason: Living expenses
Source: Loan
Mortgaged Asset: 0
Start Date: 2025-02-10
End Date: 2025-02-10
Total Amount: 2000$
Monthly Payment: 0
Remaining Balance: 2000$
Remaining Years: 0"
Export,1111,202610,Undergraduate,awarded,Collège Saint Joseph Antoura,0,0,3,Living expenses,loan,Property in my mother's village,2025-03-15,2025-03-15,850$,850.0,usd,usd,0,0.0,850$,850.0,0,0,0.0,loan_section_key_value,0,,"Reason: Living expenses
Source: loan
Mortgaged Asset: Property in my mother's village
Start Date: 2025-03-15
End Date: 2025-03-15
Total Amount: 850$
Monthly Payment: 0
Remaining Balance: 850$
Remaining Years: 0"
Export,1127,202610,Undergraduate,denied,"International College (IC), Beirut",0,0,1,Currently paying sisters student loan in USA,UT Austin,0,2023-06-15,2028-06-15,"40,000",40000.0,,unknown,500,500.0,"31,000",31000.0,0,5,5.0,loan_section_key_value,0,,"Reason: Currently paying sisters student loan in USA
Source: UT Austin
Mortgaged Asset: 0
Start Date: 2023-06-15
End Date: 2028-06-15
Total Amount: 40,000
Monthly Payment: 500
Remaining Balance: 31,000
Remaining Years: 5"
Export,1129,202610,Undergraduate,awarded,"College Notre Dame de Nazareth (NDN), Achrafieh",0,0,1,Household,Bank,Apartment,2017-05-08,2037-05-08,5366,5366.0,,unknown,25,25.0,3900,3900.0,0,13,13.0,loan_section_key_value,0,,"Reason: Household
Source: Bank
Mortgaged Asset: Apartment
Start Date: 2017-05-08
End Date: 2037-05-08
Total Amount: 5366
Monthly Payment: 25
Remaining Balance: 3900
Remaining Years: 13"
Export,1136,202710,Undergraduate,denied,"College Saint Joseph Des Soeurs Antonines, Ksara",0,0,1,payment of school fees,lebanese army,0,2024-11-01,2026-11-01,1300$,1300.0,usd,usd,60$,60.0,720$,720.0,0,1,1.0,loan_section_key_value,0,,"Reason: payment of school fees
Source: lebanese army
Mortgaged Asset: 0
Start Date: 2024-11-01
End Date: 2026-11-01
Total Amount: 1300$
Monthly Payment: 60$
Remaining Balance: 720$
Remaining Years: 1"
Export,1137,202710,Undergraduate,awarded,"Sagesse High School, Ain Saade",0,0,1,Personal Loan,Bank Audi,N/A,2025-10-25,2028-10-25,"18,000 USD",18000.0,usd,usd,520 USD,520.0,"17,480 USD",17480.0,0,3,3.0,loan_section_key_value,0,,"Reason: Personal Loan
Source: Bank Audi
Mortgaged Asset: N/A
Start Date: 2025-10-25
End Date: 2028-10-25
Total Amount: 18,000 USD
Monthly Payment: 520 USD
Remaining Balance: 17,480 USD
Remaining Years: 3"
Export,1141,202610,Undergraduate,awarded,"Khaled Bin Al Walid, Beirut",0,0,1,university tuition,LAU,N/A,2024-08-26,2033-08-26,41905,41905.0,,unknown,not decided yet,,41905,41905.0,0,13 years,13.0,loan_section_key_value,1,monthly_payment_unparsed,"Reason: university tuition
Source: LAU
Mortgaged Asset: N/A
Start Date: 2024-08-26
End Date: 2033-08-26
Total Amount: 41905
Monthly Payment: not decided yet
Remaining Balance: 41905
Remaining Years: 13 years"
Export,1153,202610,Undergraduate,denied,"Antonine International School (AIS), Ajaltoun",0,0,1,housing (achrafieh),family,actual home (ballouneh),2023-11-20,2035-11-20,324000,324000.0,,unknown,2000,2000.0,300000,300000.0,0,12,12.0,loan_section_key_value,0,,"Reason: housing (achrafieh)
Source: family
Mortgaged Asset: actual home (ballouneh)
Start Date: 2023-11-20
End Date: 2035-11-20
Total Amount: 324000
Monthly Payment: 2000
Remaining Balance: 300000
Remaining Years: 12"
Export,1157,202610,Undergraduate,denied,"Lycée Franco Libanais, Verdun",0,0,1,Bakery renovation,Cedar Oxygen,showroom,2022-05-15,2026-10-15,400000,400000.0,,unknown,13000,13000.0,161000,161000.0,0,1 year 10 months,10.0,loan_section_key_value,0,,"Reason: Bakery renovation
Source: Cedar Oxygen
Mortgaged Asset: showroom
Start Date: 2022-05-15
End Date: 2026-10-15
Total Amount: 400000
Monthly Payment: 13000
Remaining Balance: 161000
Remaining Years: 1 year 10 months"
Export,1159,202710,Undergraduate,,"International College (IC), Beirut",1,1,1,Personal,Salary,0,2021-11-28,2027-09-28,81000,81000.0,,unknown,1130,1130.0,26500,26500.0,0,2,2.0,loan_section_key_value,0,,"Reason: Personal
Source: Salary
Mortgaged Asset: 0
Start Date: 2021-11-28
End Date: 2027-09-28
Total Amount: 81000
Monthly Payment: 1130
Remaining Balance: 26500
Remaining Years: 2"
Export,1170,202610,Undergraduate,awarded,"Antonine International School, Dekwaneh",0,0,1,House Payment,"PCH, المؤسسة العامة للإسكان",House,2006-05-17,2026-05-02,77 944 000 L.L.,77.0,lbp,lbp,135 000 L.L.,135.0,2 565 000 L.L.,2.0,0,1.6,1.6,loan_section_key_value,0,,"Reason: House Payment
Source: PCH, المؤسسة العامة للإسكان
Mortgaged Asset: House
Start Date: 2006-05-17
End Date: 2026-05-02
Total Amount: 77 944 000 L.L.
Monthly Payment: 135 000 L.L.
Remaining Balance: 2 565 000 L.L.
Remaining Years: 1.6"
Export,1179,202610,Undergraduate,denied,"Grand Lycee Franco Libanais, Achrafieh",1,2,1,Home loan,Bank,The home itself,2013-01-01,2043-01-01,270000000,270000000.0,,likely_lbp_unmarked,1500000,1500000.0,100000000,100000000.0,0,18,18.0,loan_section_key_value,0,,"Reason: Home loan
Source: Bank
Mortgaged Asset: The home itself
Start Date: 2013-01-01
End Date: 2043-01-01
Total Amount: 270000000
Monthly Payment: 1500000
Remaining Balance: 100000000
Remaining Years: 18"
Export,1214,202610,Undergraduate,denied,"Amjad School, Choueifat",0,0,1,housing,bank,blom bank,2015-02-19,2040-02-19,230625,230625.0,,unknown,1500,1500.0,2400,2400.0,0,15,15.0,loan_section_key_value,0,,"Reason: housing
Source: bank
Mortgaged Asset: blom bank
Start Date: 2015-02-19
End Date: 2040-02-19
Total Amount: 230625
Monthly Payment: 1500
Remaining Balance: 2400
Remaining Years: 15"
Export,1219,202510,Graduate,denied,,1,2,1,to buy a business premise,Bank,first business premise,2017-09-01,2025-01-01,45000000 LBP,45000000.0,lbp,lbp,625000 LBP,625000.0,3750000 LBP,3750000.0,0,0.5,0.5,loan_section_key_value,0,,"Reason: to buy a business premise
Source: Bank
Mortgaged Asset: first business premise
Start Date: 2017-09-01
End Date: 2025-01-01
Total Amount: 45000000 LBP
Monthly Payment: 625000 LBP
Remaining Balance: 3750000 LBP
Remaining Years: 0.5"
Export,1227,202510,Graduate,awarded,,1,2,1,buy a house (my parents house that we live in),Banque De L'habitat,house,1998-08-10,2018-08-10,37 Millions LL,37000000.0,lbp,lbp,450 LL,450.0,0,0.0,0,0,0.0,loan_section_key_value,0,,"Reason: buy a house (my parents house that we live in)
Source: Banque De L'habitat
Mortgaged Asset: house
Start Date: 1998-08-10
End Date: 2018-08-10
Total Amount: 37 Millions LL
Monthly Payment: 450 LL
Remaining Balance: 0
Remaining Years: 0"
Export,1229,202710,Undergraduate,denied,"L'Athenee de Beyrouth, Bsalim",0,0,1,tuition for my sister,social service USJ,no mortgaged asset,2027-08-01,2030-07-01,7616,7616.0,,unknown,212,212.0,7616,7616.0,0,3 years starting 1 august 2027,2027.0,loan_section_key_value,0,,"Reason: tuition for my sister
Source: social service USJ
Mortgaged Asset: no mortgaged asset
Start Date: 2027-08-01
End Date: 2030-07-01
Total Amount: 7616
Monthly Payment: 212
Remaining Balance: 7616
Remaining Years: 3 years starting 1 august 2027"
Export,1229,202710,Undergraduate,denied,"L'Athenee de Beyrouth, Bsalim",0,0,2,tuition costs for my brother,social service USJ,no mortgaged asset,2029-08-01,2032-07-01,9922,9922.0,,unknown,275.6,275.6,9922,9922.0,0,3,3.0,loan_section_key_value,0,,"Reason: tuition costs for my brother
Source: social service USJ
Mortgaged Asset: no mortgaged asset
Start Date: 2029-08-01
End Date: 2032-07-01
Total Amount: 9922
Monthly Payment: 275.6
Remaining Balance: 9922
Remaining Years: 3"
Export,1232,202610,Undergraduate,awarded,"Christian Teaching Institute (CTI), Sin El Fil Maten",1,1,1,Buying Apartment,Credi Libanais,Apartment,2015-09-30,2030-09-30,"250,000,000 LBP",250000000.0,lbp,lbp,"1,389,000 + 150,000 Insurance",1539000.0,"98,599,000",98599000.0,0,6 years + 15 years interest,15.0,loan_section_key_value,0,,"Reason: Buying Apartment
Source: Credi Libanais
Mortgaged Asset: Apartment
Start Date: 2015-09-30
End Date: 2030-09-30
Total Amount: 250,000,000 LBP
Monthly Payment: 1,389,000 + 150,000 Insurance
Remaining Balance: 98,599,000
Remaining Years: 6 years + 15 years interest"
Export,1246,202520,Undergraduate,awarded,"Sagesse Saint Jean Brasilia, Baabda",1,1,1,house lan,Byblos bank,-,2011-06-01,2039-06-01,"192,000,000 LBP",192000000.0,lbp,lbp,"1,434,858 LBP",1434858.0,"26,000,000",26000000.0,0,18,18.0,loan_section_key_value,0,,"Reason: house lan
Source: Byblos bank
Mortgaged Asset: -
Start Date: 2011-06-01
End Date: 2039-06-01
Total Amount: 192,000,000 LBP
Monthly Payment: 1,434,858 LBP
Remaining Balance: 26,000,000
Remaining Years: 18"
Export,1267,202710,Undergraduate,awarded,"Saint Mary's Orthodox College (SMOC), Beirut",1,1,1,Housing,PCH,House,2014-03-03,2029-03-03,266760000,266760000.0,,likely_lbp_unmarked,1482000,1482000.0,0,0.0,0,0,0.0,loan_section_key_value,0,,"Reason: Housing
Source: PCH
Mortgaged Asset: House
Start Date: 2014-03-03
End Date: 2029-03-03
Total Amount: 266760000
Monthly Payment: 1482000
Remaining Balance: 0
Remaining Years: 0"
Export,1286,202510,Graduate,awarded,,1,3,1,PAYING SCHOOL FEES AND REQUIREMENTS FOR THE DEPENDANT,VILLAGE SAVINGS AND LOANS ASSOCIATION GROUP,SAVINGS,2024-02-07,2024-05-07,"2,000,000",2000000.0,,unknown,0,0.0,"2,200,000/=",2200000.0,0,8 Months,8.0,loan_section_key_value,0,,"Reason: PAYING SCHOOL FEES AND REQUIREMENTS FOR THE DEPENDANT
Source: VILLAGE SAVINGS AND LOANS ASSOCIATION GROUP
Mortgaged Asset: SAVINGS
Start Date: 2024-02-07
End Date: 2024-05-07
Total Amount: 2,000,000
Monthly Payment: 0
Remaining Balance: 2,200,000/=
Remaining Years: 8 Months"
Export,1291,202610,Undergraduate,denied,Collège Saint Joseph Antoura,0,0,1,HOUSE,BANQUE DE L'HABITAT,HOUSE,2011-04-07,2031-04-07,"220,000",220000.0,,unknown,60.6,60.6,4543,4543.0,0,6,6.0,loan_section_key_value,0,,"Reason: HOUSE
Source: BANQUE DE L'HABITAT
Mortgaged Asset: HOUSE
Start Date: 2011-04-07
End Date: 2031-04-07
Total Amount: 220,000
Monthly Payment: 60.6
Remaining Balance: 4543
Remaining Years: 6"
Export,1315,202610,Undergraduate,awarded,"International College (IC), Beirut",0,0,1,Brother Surgery,Rajhi Bank,0,2025-03-21,2025-03-31,60000,60000.0,,unknown,0,0.0,0,0.0,0,0,0.0,loan_section_key_value,0,,"Reason: Brother Surgery
Source: Rajhi Bank
Mortgaged Asset: 0
Start Date: 2025-03-21
End Date: 2025-03-31
Total Amount: 60000
Monthly Payment: 0
Remaining Balance: 0
Remaining Years: 0"
Export,1323,202610,Undergraduate,awarded,"Irfan High School Hasbaya, Hasbaya",0,0,1,Home Maintenance,AM Bank,0,2018-06-21,2026-07-01,20160,20160.0,,unknown,276,276.0,110,110.0,0,2,2.0,loan_section_key_value,0,,"Reason: Home Maintenance
Source: AM Bank
Mortgaged Asset: 0
Start Date: 2018-06-21
End Date: 2026-07-01
Total Amount: 20160
Monthly Payment: 276
Remaining Balance: 110
Remaining Years: 2"
Export,1327,202610,Undergraduate,awarded,"College Notre Dame de Jamhour, Baabda",0,0,1,Cost of living,Family,Nothing,2020-05-01,2027-05-01,"15,000$",15000.0,usd,usd,180$,180.0,4200,4200.0,0,2years,,loan_section_key_value,1,remaining_years_unparsed,"Reason: Cost of living
Source: Family
Mortgaged Asset: Nothing
Start Date: 2020-05-01
End Date: 2027-05-01
Total Amount: 15,000$
Monthly Payment: 180$
Remaining Balance: 4200
Remaining Years: 2years"
Export,1329,202610,Undergraduate,denied,Antonine Sisters School - Mar Elias Ghazir,0,0,1,"We do not have savings, dad can't afford my tuition and is struggling to pay my sister's last year of medical school at AUB.",Bank,No,2024-10-01,2029-09-01,"$135,723.79",135723.79,usd,usd,"$2,262.07",2262.07,"$126,675.52",126675.52,0,4,4.0,loan_section_key_value,0,,"Reason: We do not have savings, dad can't afford my tuition and is struggling to pay my sister's last year of medical school at AUB.
Source: Bank
Mortgaged Asset: No
Start Date: 2024-10-01
End Date: 2029-09-01
Total Amount: $135,723.79
Monthly Payment: $2,262.07
Remaining Balance: $126,675.52
Remaining Years: 4"
Export,1334,202610,Undergraduate,awarded,Beirut Babptist School,0,0,1,Needed money,Sharjah Islamic Bank,none,2024-05-24,2028-06-28,135307,135307.0,,unknown,3488,3488.0,135307,135307.0,0,3,3.0,loan_section_key_value,0,,"Reason: Needed money
Source: Sharjah Islamic Bank
Mortgaged Asset: none
Start Date: 2024-05-24
End Date: 2028-06-28
Total Amount: 135307
Monthly Payment: 3488
Remaining Balance: 135307
Remaining Years: 3"
Export,1334,202610,Undergraduate,awarded,Beirut Babptist School,0,0,2,Needed Money,Credit Card Loan,none,2024-06-15,2026-06-15,11945,11945.0,,unknown,548,548.0,11945,11945.0,0,1,1.0,loan_section_key_value,0,,"Reason: Needed Money
Source: Credit Card Loan
Mortgaged Asset: none
Start Date: 2024-06-15
End Date: 2026-06-15
Total Amount: 11945
Monthly Payment: 548
Remaining Balance: 11945
Remaining Years: 1"
Export,1334,202610,Undergraduate,awarded,Beirut Babptist School,0,0,3,Needed Money,CreditCard loan,none,2023-04-10,2025-07-10,1643,1643.0,,unknown,273,273.0,1643,1643.0,0,0,0.0,loan_section_key_value,0,,"Reason: Needed Money
Source: CreditCard loan
Mortgaged Asset: none
Start Date: 2023-04-10
End Date: 2025-07-10
Total Amount: 1643
Monthly Payment: 273
Remaining Balance: 1643
Remaining Years: 0"
Export,1339,202710,Undergraduate,denied,"Ras Beirut International School, Ghobeiry",0,0,1,To pay life expenses specially after economic crisis in lebanon,Mashreq bank in UAE,Personal loan equal 20 times salary.,2022-12-27,2024-12-16,$160000,160000.0,usd,usd,$4000,4000.0,Transferred to DIB in Loan 2,2.0,0,0,0.0,loan_section_key_value,0,,"Reason: To pay life expenses specially after economic crisis in lebanon
Source: Mashreq bank in UAE
Mortgaged Asset: Personal loan equal 20 times salary.
Start Date: 2022-12-27
End Date: 2024-12-16
Total Amount: $160000
Monthly Payment: $4000
Remaining Balance: Transferred to DIB in Loan 2
Remaining Years: 0"
Export,1339,202710,Undergraduate,denied,"Ras Beirut International School, Ghobeiry",0,0,2,To close balance of first loan and top up the difference.,Dubai Islamic bank,Personal loan equal 20 times salary.,2025-01-02,2028-12-31,$143500,143500.0,usd,usd,$3385,3385.0,$125300,125300.0,0,3 years 1 months,3.0,loan_section_key_value,0,,"Reason: To close balance of first loan and top up the difference.
Source: Dubai Islamic bank
Mortgaged Asset: Personal loan equal 20 times salary.
Start Date: 2025-01-02
End Date: 2028-12-31
Total Amount: $143500
Monthly Payment: $3385
Remaining Balance: $125300
Remaining Years: 3 years 1 months"
Export,1341,202610,Undergraduate,awarded,"Amjad School, Choueifat",1,1,1,Insufficient finance,مؤسسة عامة للإسكان,House,2003-05-26,2027-05-26,"65,000,000LL",65000.0,lbp,lbp,"451,389LL",451.0,"48,750,012",48750012.0,0,3,3.0,loan_section_key_value,0,,"Reason: Insufficient finance
Source: مؤسسة عامة للإسكان
Mortgaged Asset: House
Start Date: 2003-05-26
End Date: 2027-05-26
Total Amount: 65,000,000LL
Monthly Payment: 451,389LL
Remaining Balance: 48,750,012
Remaining Years: 3"
Export,1360,202610,Undergraduate,denied,"College Des Saints Coeur Kfarhbab, Kfarhbab Keserwan",0,0,1,Needed For Work,Financement Auto,Car,2024-08-13,2031-07-22,76203,76203.0,,unknown,837.4,837.4,72853.4,72853.4,0,7,7.0,loan_section_key_value,0,,"Reason: Needed For Work
Source: Financement Auto
Mortgaged Asset: Car
Start Date: 2024-08-13
End Date: 2031-07-22
Total Amount: 76203
Monthly Payment: 837.4
Remaining Balance: 72853.4
Remaining Years: 7"
Export,1361,202510,Undergraduate,denied,College Des Saints Coeur Kfarhbab,0,0,1,Solar,Blom Bank,0,2022-08-05,2027-07-05,7580,7580.0,,unknown,127,127.0,5548,5548.0,0,4,4.0,loan_section_key_value,0,,"Reason: Solar
Source: Blom Bank
Mortgaged Asset: 0
Start Date: 2022-08-05
End Date: 2027-07-05
Total Amount: 7580
Monthly Payment: 127
Remaining Balance: 5548
Remaining Years: 4"
Export,1361,202510,Undergraduate,denied,College Des Saints Coeur Kfarhbab,0,0,2,Solar,Blom Bank,0,2022-09-09,2027-08-05,7580,7580.0,,unknown,127,127.0,5675,5675.0,0,4,4.0,loan_section_key_value,0,,"Reason: Solar
Source: Blom Bank
Mortgaged Asset: 0
Start Date: 2022-09-09
End Date: 2027-08-05
Total Amount: 7580
Monthly Payment: 127
Remaining Balance: 5675
Remaining Years: 4"
Export,1373,202710,Undergraduate,denied,"Deutsche Internationale Schule Beirut (DISB), Khaldah",0,0,1,To cover urgent travel expenses during the war and general debts,Saudi Arabia,0,2025-04-07,2029-04-06,80000,80000.0,,unknown,2000,2000.0,72000,72000.0,0,3.6 years,3.6,loan_section_key_value,0,,"Reason: To cover urgent travel expenses during the war and general debts
Source: Saudi Arabia
Mortgaged Asset: 0
Start Date: 2025-04-07
End Date: 2029-04-06
Total Amount: 80000
Monthly Payment: 2000
Remaining Balance: 72000
Remaining Years: 3.6 years"
Export,1379,202711,Professional,denied,,1,2,1,To open business in the past,Uncle,Yes,2018-12-01,2032-12-01,50000,50000.0,,unknown,200,200.0,50000,50000.0,0,7,7.0,loan_section_key_value,0,,"Reason: To open business in the past
Source: Uncle
Mortgaged Asset: Yes
Start Date: 2018-12-01
End Date: 2032-12-01
Total Amount: 50000
Monthly Payment: 200
Remaining Balance: 50000
Remaining Years: 7"
Export,1392,202610,Undergraduate,awarded,"Le Lycee National, Choueifat",0,0,1,Student loan for brother in France,Bank,21000,2020-09-10,2027-09-10,21000,21000.0,,unknown,452.55,452.55,15839.25,15839.25,0,3,3.0,loan_section_key_value,0,,"Reason: Student loan for brother in France
Source: Bank
Mortgaged Asset: 21000
Start Date: 2020-09-10
End Date: 2027-09-10
Total Amount: 21000
Monthly Payment: 452.55
Remaining Balance: 15839.25
Remaining Years: 3"
Export,1407,202610,Undergraduate,awarded,"The National Evangelical School in Nabatieh, Nabatieh",0,0,1,Housing Loan,General Establishment for Housing,250,2012-01-23,2038-01-23,2497,2497.0,,unknown,16,16.0,1050,1050.0,0,13,13.0,loan_section_key_value,0,,"Reason: Housing Loan
Source: General Establishment for Housing
Mortgaged Asset: 250
Start Date: 2012-01-23
End Date: 2038-01-23
Total Amount: 2497
Monthly Payment: 16
Remaining Balance: 1050
Remaining Years: 13"
Export,1411,202610,Undergraduate,denied,"College Mariste Champville, Antelias",0,0,1,purchase a house,BBAC,House,2010-06-10,2025-06-10,N/A,,,,N/A,,N/A,,0,N/A,,loan_section_key_value,1,total_amount_unparsed; monthly_payment_unparsed; remaining_balance_unparsed; remaining_years_unparsed,"Reason: purchase a house
Source: BBAC
Mortgaged Asset: House
Start Date: 2010-06-10
End Date: 2025-06-10
Total Amount: N/A
Monthly Payment: N/A
Remaining Balance: N/A
Remaining Years: N/A"
Export,1429,202610,Undergraduate,awarded,"Rafic Hariri High School (RHHS), Saida",1,2,1,housing,med bank,house,2015-04-08,2030-10-31,LBP 568366473,568366473.0,lbp,lbp,LBP 3000000,3000000.0,186358484,186358484.0,0,6 years,6.0,loan_section_key_value,0,,"Reason: housing
Source: med bank
Mortgaged Asset: house
Start Date: 2015-04-08
End Date: 2030-10-31
Total Amount: LBP 568366473
Monthly Payment: LBP 3000000
Remaining Balance: 186358484
Remaining Years: 6 years"
Export,1430,202610,Undergraduate,awarded,"Lycee Abdel Kader, Beirut",0,0,1,Housing,Central Bank Of Lebanon,Apartment,2013-03-27,2036-03-27,191421,191421.0,,unknown,10,10.0,2000,2000.0,0,12,12.0,loan_section_key_value,0,,"Reason: Housing
Source: Central Bank Of Lebanon
Mortgaged Asset: Apartment
Start Date: 2013-03-27
End Date: 2036-03-27
Total Amount: 191421
Monthly Payment: 10
Remaining Balance: 2000
Remaining Years: 12"
Export,1431,202510,Undergraduate,awarded,"Hariri High School II, Beirut",1,2,1,Housing,Banque De L'habitat,appartment,2014-08-21,2040-08-31,"540,000,000 LBP",540000000.0,lbp,lbp,"2,123,990 LBP",2123990.0,"377,731,261 LBP",377731261.0,0,17,17.0,loan_section_key_value,0,,"Reason: Housing
Source: Banque De L'habitat
Mortgaged Asset: appartment
Start Date: 2014-08-21
End Date: 2040-08-31
Total Amount: 540,000,000 LBP
Monthly Payment: 2,123,990 LBP
Remaining Balance: 377,731,261 LBP
Remaining Years: 17"
Export,1438,202610,Undergraduate,awarded,"College Mariste Champville, Antelias",0,0,1,Student Loan,FAFSA,NA,2023-12-27,2031-12-27,$19509,19509.0,usd,usd,$196.77,196.77,$17345,17345.0,0,8,8.0,loan_section_key_value,0,,"Reason: Student Loan
Source: FAFSA
Mortgaged Asset: NA
Start Date: 2023-12-27
End Date: 2031-12-27
Total Amount: $19509
Monthly Payment: $196.77
Remaining Balance: $17345
Remaining Years: 8"
Export,1438,202610,Undergraduate,awarded,"College Mariste Champville, Antelias",0,0,2,Student loan,FAFSA,NA,2023-10-17,2036-06-17,$30750,30750.0,usd,usd,$196,196.0,$27514,27514.0,0,13,13.0,loan_section_key_value,0,,"Reason: Student loan
Source: FAFSA
Mortgaged Asset: NA
Start Date: 2023-10-17
End Date: 2036-06-17
Total Amount: $30750
Monthly Payment: $196
Remaining Balance: $27514
Remaining Years: 13"
Export,1439,202710,Undergraduate,awarded,"Khaled Bin Al Walid, Beirut",0,0,1,Educational loan,Ibad al-Rahman Association,None,2023-09-01,2045-12-31,13301$,13301.0,usd,usd,200$,200.0,8000$,8000.0,0,4,4.0,loan_section_key_value,0,,"Reason: Educational loan
Source: Ibad al-Rahman Association
Mortgaged Asset: None
Start Date: 2023-09-01
End Date: 2045-12-31
Total Amount: 13301$
Monthly Payment: 200$
Remaining Balance: 8000$
Remaining Years: 4"
Export,1445,202710,Undergraduate,awarded,"Irfan High School Hasbaya, Hasbaya",0,0,1,medication,AM bank,part of the money deposited in AM bank,2023-07-27,2029-06-01,7000$,7000.0,usd,usd,100$,100.0,4500$,4500.0,0,3 years and 9 months,9.0,loan_section_key_value,0,,"Reason: medication
Source: AM bank
Mortgaged Asset: part of the money deposited in AM bank
Start Date: 2023-07-27
End Date: 2029-06-01
Total Amount: 7000$
Monthly Payment: 100$
Remaining Balance: 4500$
Remaining Years: 3 years and 9 months"
Export,1463,202610,Undergraduate,denied,"Le Lycee National, Choueifat",1,1,1,buy an apartment,مصرف الاسكان,apartment,2015-02-06,2030-02-06,"255,560,000 LP",255560000.0,,likely_lbp_unmarked,"2,015,723 LP",2015723.0,"80,628,920 (estimate number until we recieve the contract)",80628920.0,0,3,3.0,loan_section_key_value,0,,"Reason: buy an apartment
Source: مصرف الاسكان
Mortgaged Asset: apartment
Start Date: 2015-02-06
End Date: 2030-02-06
Total Amount: 255,560,000 LP
Monthly Payment: 2,015,723 LP
Remaining Balance: 80,628,920 (estimate number until we recieve the contract)
Remaining Years: 3"
Export,1491,202610,Undergraduate,denied,"Rafic Hariri High School (RHHS), Saida",0,0,1,personal,Al-Qard Al-Hasan,gold,2024-02-20,2025-07-01,3143 $,3143.0,usd,usd,196 $,196.0,2156,2156.0,0,11 month,11.0,loan_section_key_value,0,,"Reason: personal
Source: Al-Qard Al-Hasan
Mortgaged Asset: gold
Start Date: 2024-02-20
End Date: 2025-07-01
Total Amount: 3143 $
Monthly Payment: 196 $
Remaining Balance: 2156
Remaining Years: 11 month"
Export,1491,202610,Undergraduate,denied,"Rafic Hariri High School (RHHS), Saida",0,0,2,personal,Al-Qard Al-Hasan,gold,2024-06-10,2025-09-10,1568 $,1568.0,usd,usd,105 $,105.0,1365 $,1365.0,0,one year,,loan_section_key_value,1,remaining_years_unparsed,"Reason: personal
Source: Al-Qard Al-Hasan
Mortgaged Asset: gold
Start Date: 2024-06-10
End Date: 2025-09-10
Total Amount: 1568 $
Monthly Payment: 105 $
Remaining Balance: 1365 $
Remaining Years: one year"
Export,1493,202710,Undergraduate,denied,"International College (IC), Beirut",0,0,1,Car Purchase,Emirates EBD,Car,2025-06-12,2028-07-02,32816,32816.0,,unknown,489.5,489.5,16643,16643.0,0,2.8,2.8,loan_section_key_value,0,,"Reason: Car Purchase
Source: Emirates EBD
Mortgaged Asset: Car
Start Date: 2025-06-12
End Date: 2028-07-02
Total Amount: 32816
Monthly Payment: 489.5
Remaining Balance: 16643
Remaining Years: 2.8"
Export,1499,202610,Undergraduate,denied,Lebanese Evangelical School for Boys and Girls,0,0,1,Housing,Bank of Beirut,House,2010-05-01,2025-05-01,180 000 000 LBP,180.0,lbp,lbp,1 000 000 LBP,1.0,6 000 000 LBP,6.0,0,1,1.0,loan_section_key_value,0,,"Reason: Housing
Source: Bank of Beirut
Mortgaged Asset: House
Start Date: 2010-05-01
End Date: 2025-05-01
Total Amount: 180 000 000 LBP
Monthly Payment: 1 000 000 LBP
Remaining Balance: 6 000 000 LBP
Remaining Years: 1"
Export,1502,202610,Undergraduate,denied,"LWIS City International School DT Beirut, Beirut",0,0,1,Moving,Friend,None,2024-10-15,2025-05-14,"8,000$",8000.0,usd,usd,"1,000$",1000.0,"5,000$",5000.0,0,5 months,5.0,loan_section_key_value,0,,"Reason: Moving
Source: Friend
Mortgaged Asset: None
Start Date: 2024-10-15
End Date: 2025-05-14
Total Amount: 8,000$
Monthly Payment: 1,000$
Remaining Balance: 5,000$
Remaining Years: 5 months"
Export,1509,202710,Undergraduate,denied,"Saint Mary's Orthodox College (SMOC), Beirut",0,0,1,Family support,Global Hub Company loan,0,2025-01-01,2026-03-31,4000,4000.0,,unknown,267,267.0,1600,1600.0,0,0.5,0.5,loan_section_key_value,0,,"Reason: Family support
Source: Global Hub Company loan
Mortgaged Asset: 0
Start Date: 2025-01-01
End Date: 2026-03-31
Total Amount: 4000
Monthly Payment: 267
Remaining Balance: 1600
Remaining Years: 0.5"
Export,1512,202610,Undergraduate,denied,International School Choueifat: Dubai,0,0,1,Car Loan,ADIB - Abu Dhabi Islamic Bank,Car,2023-10-25,2028-09-25,110882.40,110882.4,,unknown,1848.04,1848.04,86857.88,86857.88,0,4,4.0,loan_section_key_value,0,,"Reason: Car Loan
Source: ADIB - Abu Dhabi Islamic Bank
Mortgaged Asset: Car
Start Date: 2023-10-25
End Date: 2028-09-25
Total Amount: 110882.40
Monthly Payment: 1848.04
Remaining Balance: 86857.88
Remaining Years: 4"
Export,1514,202520,Undergraduate,denied,,1,4,1,Housing loan (under law suit),BLOM BANK,Apartment in Monteverde,2011-07-07,2031-07-07,"$204,000",204000.0,usd,usd,"$1,582",1582.0,"$107,000",107000.0,0,In law suit (attached file) as emaining balance was settled in LBP but rejected by bank,,loan_section_key_value,1,mixed_currency; remaining_years_unparsed,"Reason: Housing loan (under law suit)
Source: BLOM BANK
Mortgaged Asset: Apartment in Monteverde
Start Date: 2011-07-07
End Date: 2031-07-07
Total Amount: $204,000
Monthly Payment: $1,582
Remaining Balance: $107,000
Remaining Years: In law suit (attached file) as emaining balance was settled in LBP but rejected by bank"
Export,1516,202610,Undergraduate,awarded,"Saint Mary's Orthodox College (SMOC), Beirut",0,0,1,Housing Loan,BBAC SAL,Appartment,2016-09-05,2026-06-19,"$ 37,333",37333.0,usd,usd,$ 5.24,5.24,$ 104.8,104.8,0,1.5,1.5,loan_section_key_value,0,,"Reason: Housing Loan
Source: BBAC SAL
Mortgaged Asset: Appartment
Start Date: 2016-09-05
End Date: 2026-06-19
Total Amount: $ 37,333
Monthly Payment: $ 5.24
Remaining Balance: $ 104.8
Remaining Years: 1.5"
Export,1517,202610,Undergraduate,awarded,"Lycee Franco Libanais, Nahr Ibrahim",0,0,1,house renovation,Byblos bank,no,2018-07-04,2024-06-04,30000,30000.0,,unknown,709,709.0,22000,22000.0,0,0,0.0,loan_section_key_value,0,,"Reason: house renovation
Source: Byblos bank
Mortgaged Asset: no
Start Date: 2018-07-04
End Date: 2024-06-04
Total Amount: 30000
Monthly Payment: 709
Remaining Balance: 22000
Remaining Years: 0"
Export,1532,202610,Undergraduate,awarded,Education and Teaching Secondary School (ETSS),0,0,1,Housing,Bank of Beirut,Apartment,2008-08-01,2030-08-01,"60,800$",60800.0,usd,usd,344,344.0,23100,23100.0,0,5,5.0,loan_section_key_value,0,,"Reason: Housing
Source: Bank of Beirut
Mortgaged Asset: Apartment
Start Date: 2008-08-01
End Date: 2030-08-01
Total Amount: 60,800$
Monthly Payment: 344
Remaining Balance: 23100
Remaining Years: 5"
Export,1537,202520,Undergraduate,awarded,,1,3,1,Moved into apartment,Sold house yo move into apartment,House,2020-09-30,2027-12-31,230000,230000.0,,unknown,3200,3200.0,120000,120000.0,0,3,3.0,loan_section_key_value,0,,"Reason: Moved into apartment
Source: Sold house yo move into apartment
Mortgaged Asset: House
Start Date: 2020-09-30
End Date: 2027-12-31
Total Amount: 230000
Monthly Payment: 3200
Remaining Balance: 120000
Remaining Years: 3"
Export,1567,202510,Undergraduate,awarded,"Sagesse Saint Jean Brasilia, Baabda",1,2,1,"Buying a house, large purchase",Bank Audi,House,2012-12-02,2027-11-02,"570,452,000.00LL",570452000.0,lbp,lbp,"4,627,339.64LL",4627339.0,"191,490,598.28LL",191490598.0,0,4 years,4.0,loan_section_key_value,0,,"Reason: Buying a house, large purchase
Source: Bank Audi
Mortgaged Asset: House
Start Date: 2012-12-02
End Date: 2027-11-02
Total Amount: 570,452,000.00LL
Monthly Payment: 4,627,339.64LL
Remaining Balance: 191,490,598.28LL
Remaining Years: 4 years"
Export,1589,202510,Graduate,awarded,,1,2,1,personal loan,blom bank,0,2023-12-15,2026-12-15,3700,3700.0,,unknown,107,107.0,3500,3500.0,0,3,3.0,loan_section_key_value,0,,"Reason: personal loan
Source: blom bank
Mortgaged Asset: 0
Start Date: 2023-12-15
End Date: 2026-12-15
Total Amount: 3700
Monthly Payment: 107
Remaining Balance: 3500
Remaining Years: 3"
Export,1606,202710,Undergraduate,denied,"Antonine International School (AIS), Ajaltoun",0,0,1,Personal Loan / Restoration of our old house,Emirates NBD,Salary,2025-03-26,2028-02-26,"245,000 $ (900,000 AED)",245000.0,usd,usd,"7,395 $ (27,173 AED)",7395.0,"198,263 $ (728,619.44 AED)",198263.0,0,2.33 years,2.33,loan_section_key_value,0,,"Reason: Personal Loan / Restoration of our old house
Source: Emirates NBD
Mortgaged Asset: Salary
Start Date: 2025-03-26
End Date: 2028-02-26
Total Amount: 245,000 $ (900,000 AED)
Monthly Payment: 7,395 $ (27,173 AED)
Remaining Balance: 198,263 $ (728,619.44 AED)
Remaining Years: 2.33 years"
Export,1606,202710,Undergraduate,denied,"Antonine International School (AIS), Ajaltoun",0,0,2,Car Loan (Toyota Land Cruiser),Emirates NBD,The car ( Toyota Land Cruiser),2021-09-27,2026-08-27,"60,900 $ (223,808 AED)",60900.0,usd,usd,"1,116 $ (4,101 AED)",1116.0,"11,159 $ (41,009.84 AED)",11159.0,0,10 months (0.83 years),10.0,loan_section_key_value,0,,"Reason: Car Loan (Toyota Land Cruiser)
Source: Emirates NBD
Mortgaged Asset: The car ( Toyota Land Cruiser)
Start Date: 2021-09-27
End Date: 2026-08-27
Total Amount: 60,900 $ (223,808 AED)
Monthly Payment: 1,116 $ (4,101 AED)
Remaining Balance: 11,159 $ (41,009.84 AED)
Remaining Years: 10 months (0.83 years)"
Export,1619,202610,Undergraduate,awarded,Collège Saint Joseph Antoura,0,0,1,Personal needs,CFC for loans,None,2023-01-02,2025-12-02,"3,400 USD",3400.0,usd,usd,120 USD,120.0,"1,550 USD",1550.0,0,13 months,13.0,loan_section_key_value,0,,"Reason: Personal needs
Source: CFC for loans
Mortgaged Asset: None
Start Date: 2023-01-02
End Date: 2025-12-02
Total Amount: 3,400 USD
Monthly Payment: 120 USD
Remaining Balance: 1,550 USD
Remaining Years: 13 months"
Export,1619,202610,Undergraduate,awarded,Collège Saint Joseph Antoura,0,0,2,Credit Card,Bank Of Beirut,None,2024-01-02,2029-01-02,"1,000 USD",1000.0,usd,usd,50 USD (5 % minimum pay),50.0,950 USD,950.0,0,revolving credit card,,loan_section_key_value,1,remaining_years_unparsed,"Reason: Credit Card
Source: Bank Of Beirut
Mortgaged Asset: None
Start Date: 2024-01-02
End Date: 2029-01-02
Total Amount: 1,000 USD
Monthly Payment: 50 USD (5 % minimum pay)
Remaining Balance: 950 USD
Remaining Years: revolving credit card"
Export,1619,202610,Undergraduate,awarded,Collège Saint Joseph Antoura,0,0,3,Personal needs,Bank Of Beirut,None,2018-01-02,2026-12-30,580 USD,580.0,usd,usd,22 USD,22.0,580 USD,580.0,0,28 months,28.0,loan_section_key_value,0,,"Reason: Personal needs
Source: Bank Of Beirut
Mortgaged Asset: None
Start Date: 2018-01-02
End Date: 2026-12-30
Total Amount: 580 USD
Monthly Payment: 22 USD
Remaining Balance: 580 USD
Remaining Years: 28 months"
Export,1622,202611,Professional,awarded,,1,2,1,University tuition payment,Al majmoua,800,2024-10-07,2025-03-10,906,906.0,,unknown,150,150.0,450,450.0,0,0,0.0,loan_section_key_value,0,,"Reason: University tuition payment
Source: Al majmoua
Mortgaged Asset: 800
Start Date: 2024-10-07
End Date: 2025-03-10
Total Amount: 906
Monthly Payment: 150
Remaining Balance: 450
Remaining Years: 0"
Export,1634,202710,Undergraduate,denied,"Ahliah School, Wadi Abou Jamil",0,0,1,Car Purchase,GAC motors domasco,Car,2025-10-23,2029-10-23,29000,29000.0,,unknown,610,610.0,28400,28400.0,0,4,4.0,loan_section_key_value,0,,"Reason: Car Purchase
Source: GAC motors domasco
Mortgaged Asset: Car
Start Date: 2025-10-23
End Date: 2029-10-23
Total Amount: 29000
Monthly Payment: 610
Remaining Balance: 28400
Remaining Years: 4"
Export,1635,202510,Graduate,awarded,,1,2,1,To cover the cost of tuition fees for both school and university.,lebanese army,no mortgaged Asset,2023-03-01,2026-03-01,470,470.0,,unknown,9.79,9.79,323,323.0,0,2 years and 9 months,9.0,loan_section_key_value,0,,"Reason: To cover the cost of tuition fees for both school and university.
Source: lebanese army
Mortgaged Asset: no mortgaged Asset
Start Date: 2023-03-01
End Date: 2026-03-01
Total Amount: 470
Monthly Payment: 9.79
Remaining Balance: 323
Remaining Years: 2 years and 9 months"
Export,1638,202510,Undergraduate,awarded,"Jesus & Mary School, Rabweh",0,0,1,School fees,General Security,N/A,,,N/A,,,,N/A,,N/A,,0,N/A,,loan_section_key_value,1,total_amount_unparsed; monthly_payment_unparsed; remaining_balance_unparsed; remaining_years_unparsed,"Reason: School fees
Source: General Security
Mortgaged Asset: N/A
Start Date:
End Date:
Total Amount: N/A
Monthly Payment: N/A
Remaining Balance: N/A
Remaining Years: N/A"
Export,1651,202610,Undergraduate,awarded,"College Notre Dame de Nazareth (NDN), Achrafieh",1,2,1,Housing Loan,Banque de L'Habitat,Apartment,2018-02-10,2034-02-10,"LBP 525,000,000",525000000.0,lbp,lbp,"LBP 4,722,000 including insurance",4722000.0,"LBP 335,300,000",335300000.0,0,9,9.0,loan_section_key_value,0,,"Reason: Housing Loan
Source: Banque de L'Habitat
Mortgaged Asset: Apartment
Start Date: 2018-02-10
End Date: 2034-02-10
Total Amount: LBP 525,000,000
Monthly Payment: LBP 4,722,000 including insurance
Remaining Balance: LBP 335,300,000
Remaining Years: 9"
Export,1655,202510,Professional,denied,,1,2,1,Car payment,Bank Emirates NBD,car,2023-07-28,2028-06-28,47888,47888.0,,unknown,798,798.0,38304,38304.0,0,4,4.0,loan_section_key_value,0,,"Reason: Car payment
Source: Bank Emirates NBD
Mortgaged Asset: car
Start Date: 2023-07-28
End Date: 2028-06-28
Total Amount: 47888
Monthly Payment: 798
Remaining Balance: 38304
Remaining Years: 4"
Export,1658,202711,Professional,denied,,1,3,1,house loan,bank,yes (apartment),2017-04-10,2027-05-10,301000000 LBP,301000000.0,lbp,lbp,2166667 LBP,2166667.0,39000014 LBP,39000014.0,0,2,2.0,loan_section_key_value,0,,"Reason: house loan
Source: bank
Mortgaged Asset: yes (apartment)
Start Date: 2017-04-10
End Date: 2027-05-10
Total Amount: 301000000 LBP
Monthly Payment: 2166667 LBP
Remaining Balance: 39000014 LBP
Remaining Years: 2"
Export,1663,202520,Undergraduate,denied,,1,3,1,University fees,Bank,N/A,2024-09-10,2029-08-10,"25,000",25000.0,,unknown,410,410.0,"24,200",24200.0,0,5 years,5.0,loan_section_key_value,0,,"Reason: University fees
Source: Bank
Mortgaged Asset: N/A
Start Date: 2024-09-10
End Date: 2029-08-10
Total Amount: 25,000
Monthly Payment: 410
Remaining Balance: 24,200
Remaining Years: 5 years"
Export,1665,202710,Undergraduate,awarded,"Greenfield College, Bir Hassan",0,0,1,House,BLC Bank,house,2016-11-19,2026-11-19,2458.101,2458.101,,unknown,17.9,17.9,0(only interest remains which value hasnt been given to us yet),0.0,0,0 (only interest needs to be paid),0.0,loan_section_key_value,0,,"Reason: House
Source: BLC Bank
Mortgaged Asset: house
Start Date: 2016-11-19
End Date: 2026-11-19
Total Amount: 2458.101
Monthly Payment: 17.9
Remaining Balance: 0(only interest remains which value hasnt been given to us yet)
Remaining Years: 0 (only interest needs to be paid)"
Export,1667,202710,Undergraduate,awarded,The International School of Choueifat - Koura,0,0,1,LAU loan for my elder sister,LAU,No Mortagaged Asset,2025-10-31,2027-03-31,6254,6254.0,,unknown,350,350.0,6254,6254.0,0,1.5,1.5,loan_section_key_value,0,,"Reason: LAU loan for my elder sister
Source: LAU
Mortgaged Asset: No Mortagaged Asset
Start Date: 2025-10-31
End Date: 2027-03-31
Total Amount: 6254
Monthly Payment: 350
Remaining Balance: 6254
Remaining Years: 1.5"
Export,1684,202610,Undergraduate,awarded,"Amjad School, Choueifat",1,1,1,Housing,Bank Audi or Public Housing Corporation,Apartment,2015-05-07,2029-01-02,"160,000,000 L.L.",160000000.0,lbp,lbp,"952,000 L.L.",952000.0,"22,000,000 L.L.",22000000.0,0,"We are trying to completely pay the rest of the amount at once, but we are waiting for the approvement from The Public Housing Corporation. We dont own the house untill we get the approvement and pay the rest.",,loan_section_key_value,1,remaining_years_unparsed,"Reason: Housing
Source: Bank Audi or Public Housing Corporation
Mortgaged Asset: Apartment
Start Date: 2015-05-07
End Date: 2029-01-02
Total Amount: 160,000,000 L.L.
Monthly Payment: 952,000 L.L.
Remaining Balance: 22,000,000 L.L.
Remaining Years: We are trying to completely pay the rest of the amount at once, but we are waiting for the approvement from The Public Housing Corporation. We dont own the house untill we get the approvement and pay the rest."
Export,1690,202610,Undergraduate,awarded,"Ecole Des Soeurs Du Rosaire, Sin El Fil",0,0,1,housing,bank of housing,house,2008-01-15,2040-01-01,120 000 000,120.0,,unknown,1 000 0000,1.0,43 000 000,43.0,0,16,16.0,loan_section_key_value,0,,"Reason: housing
Source: bank of housing
Mortgaged Asset: house
Start Date: 2008-01-15
End Date: 2040-01-01
Total Amount: 120 000 000
Monthly Payment: 1 000 0000
Remaining Balance: 43 000 000
Remaining Years: 16"
Export,1695,202610,Undergraduate,awarded,"Greenfield College, Bir Hassan",1,1,1,Schools/Universities,Qard hassan,Gold,2024-07-18,2026-07-18,"6,980",6980.0,,unknown,290,290.0,"7,560",7560.0,0,2,2.0,loan_section_key_value,0,,"Reason: Schools/Universities
Source: Qard hassan
Mortgaged Asset: Gold
Start Date: 2024-07-18
End Date: 2026-07-18
Total Amount: 6,980
Monthly Payment: 290
Remaining Balance: 7,560
Remaining Years: 2"
Export,1714,202610,Undergraduate,denied,"Houssameddine Hariri High School, Saida",0,0,1,To settle visa payment for family needs,Saudi Birtish Bank,None,2023-11-12,2026-11-24,23796,23796.0,,unknown,661.34,661.34,"15,864",15864.0,0,2,2.0,loan_section_key_value,0,,"Reason: To settle visa payment for family needs
Source: Saudi Birtish Bank
Mortgaged Asset: None
Start Date: 2023-11-12
End Date: 2026-11-24
Total Amount: 23796
Monthly Payment: 661.34
Remaining Balance: 15,864
Remaining Years: 2"
Export,1717,202710,Undergraduate,awarded,"West Hill College, Kabershmoun",1,1,1,Housing,Public Corporation of Housing,House,2015-08-10,2030-07-10,"240,000,000(LBP)",240000000.0,lbp,lbp,"1,333,333(LBP)",1333333.0,"85,662,676(LBP)",85662676.0,0,5,5.0,loan_section_key_value,0,,"Reason: Housing
Source: Public Corporation of Housing
Mortgaged Asset: House
Start Date: 2015-08-10
End Date: 2030-07-10
Total Amount: 240,000,000(LBP)
Monthly Payment: 1,333,333(LBP)
Remaining Balance: 85,662,676(LBP)
Remaining Years: 5"
Export,1731,202710,Undergraduate,denied,"College Notre Dame de Jamhour, Baabda",1,1,1,Car loan Saudi Arabia,Emirates National Dubai Bank Ksa,Vehicle under auto finance,2024-12-22,2029-11-27,"61,732",61732.0,,unknown,920.8,920.8,70767,70767.0,0,4,4.0,loan_section_key_value,0,,"Reason: Car loan Saudi Arabia
Source: Emirates National Dubai Bank Ksa
Mortgaged Asset: Vehicle under auto finance
Start Date: 2024-12-22
End Date: 2029-11-27
Total Amount: 61,732
Monthly Payment: 920.8
Remaining Balance: 70767
Remaining Years: 4"
Export,1734,202610,Undergraduate,denied,The International School of Choueifat - Choueifat,0,0,1,Car,Bank,0,2023-10-01,2026-10-01,"$17,900",17900.0,usd,usd,$500,500.0,"$10,945",10945.0,0,2,2.0,loan_section_key_value,0,,"Reason: Car
Source: Bank
Mortgaged Asset: 0
Start Date: 2023-10-01
End Date: 2026-10-01
Total Amount: $17,900
Monthly Payment: $500
Remaining Balance: $10,945
Remaining Years: 2"
Export,1739,202710,Undergraduate,awarded,The International School of Choueifat - Choueifat,0,0,1,personal loan,blom bank,0,2025-09-30,2028-09-30,"2,435",2435.0,,unknown,94,94.0,2246,2246.0,0,3,3.0,loan_section_key_value,0,,"Reason: personal loan
Source: blom bank
Mortgaged Asset: 0
Start Date: 2025-09-30
End Date: 2028-09-30
Total Amount: 2,435
Monthly Payment: 94
Remaining Balance: 2246
Remaining Years: 3"
Export,1739,202710,Undergraduate,awarded,The International School of Choueifat - Choueifat,0,0,2,personal loan,blom bank,0,2025-09-30,2028-09-30,"3,843",3843.0,,unknown,102,102.0,3527,3527.0,0,3,3.0,loan_section_key_value,0,,"Reason: personal loan
Source: blom bank
Mortgaged Asset: 0
Start Date: 2025-09-30
End Date: 2028-09-30
Total Amount: 3,843
Monthly Payment: 102
Remaining Balance: 3527
Remaining Years: 3"
Export,1745,202611,Professional,denied,,1,2,1,Financing my education,a person known to my father,كمبيالة Sanad,2024-06-12,2026-06-12,8250,8250.0,,unknown,0,0.0,8250,8250.0,0,2 yrs,2.0,loan_section_key_value,0,,"Reason: Financing my education
Source: a person known to my father
Mortgaged Asset: كمبيالة Sanad
Start Date: 2024-06-12
End Date: 2026-06-12
Total Amount: 8250
Monthly Payment: 0
Remaining Balance: 8250
Remaining Years: 2 yrs"
Export,1753,202610,Undergraduate,awarded,"College des Saints Coeurs Sioufi, Achrafieh",0,0,1,Housing,Military Housing,1,2014-01-15,2034-12-15,5659,5659.0,,unknown,22.45,22.45,2695,2695.0,0,10years,,loan_section_key_value,1,remaining_years_unparsed,"Reason: Housing
Source: Military Housing
Mortgaged Asset: 1
Start Date: 2014-01-15
End Date: 2034-12-15
Total Amount: 5659
Monthly Payment: 22.45
Remaining Balance: 2695
Remaining Years: 10years"
Export,1766,202610,Undergraduate,denied,"College Notre Dame de Jamhour, Baabda",1,1,1,Housing loan,BLC/المؤسسة العامة للإسكان,House,2009-11-18,2020-11-18,"75,000,000 LBP or 50,000$",75000000.0,mixed,mixed,"525,000 LBP",525000.0,"75,000,000 LBP",75000000.0,0,11 years,11.0,loan_section_key_value,1,mixed_currency,"Reason: Housing loan
Source: BLC/المؤسسة العامة للإسكان
Mortgaged Asset: House
Start Date: 2009-11-18
End Date: 2020-11-18
Total Amount: 75,000,000 LBP or 50,000$
Monthly Payment: 525,000 LBP
Remaining Balance: 75,000,000 LBP
Remaining Years: 11 years"
Export,1786,202510,Graduate,awarded,,1,2,1,Housing loan,Bank of beirut,House,2010-10-15,2025-10-15,166680000L.L,,lbp,lbp,"926,000L.L",926.0,15742000L.L,,0,1 year and 5 months,5.0,loan_section_key_value,1,total_amount_unparsed; remaining_balance_unparsed,"Reason: Housing loan
Source: Bank of beirut
Mortgaged Asset: House
Start Date: 2010-10-15
End Date: 2025-10-15
Total Amount: 166680000L.L
Monthly Payment: 926,000L.L
Remaining Balance: 15742000L.L
Remaining Years: 1 year and 5 months"
Export,1793,202710,Undergraduate,denied,Al-Hayat International School,0,0,1,"Buying Canton house (42071 Hunters Ridge, Canton MI 48188)",Mortgage Company,house,2022-07-18,2042-08-01,"421,200",421200.0,,unknown,"2,957",2957.0,"366,484.5",366484.5,0,16 Years,16.0,loan_section_key_value,0,,"Reason: Buying Canton house (42071 Hunters Ridge, Canton MI 48188)
Source: Mortgage Company
Mortgaged Asset: house
Start Date: 2022-07-18
End Date: 2042-08-01
Total Amount: 421,200
Monthly Payment: 2,957
Remaining Balance: 366,484.5
Remaining Years: 16 Years"
Export,1795,202710,Undergraduate,denied,Ecole Francaise de Bahrein,0,0,1,Housing,Bank,House,2021-11-27,2033-11-27,292500,292500.0,,unknown,2670,2670.0,218000,218000.0,0,8,8.0,loan_section_key_value,0,,"Reason: Housing
Source: Bank
Mortgaged Asset: House
Start Date: 2021-11-27
End Date: 2033-11-27
Total Amount: 292500
Monthly Payment: 2670
Remaining Balance: 218000
Remaining Years: 8"
Export,1796,202610,Undergraduate,denied,"Abdulaziz International Schools - Al-Sulaimaniah, Riyadh",0,0,1,Education fees,Banque Saudi transi (BSF),End of service benefit,2022-11-01,2025-10-01,69356,69356.0,,unknown,1926,1926.0,16870,16870.0,0,9 months,9.0,loan_section_key_value,0,,"Reason: Education fees
Source: Banque Saudi transi (BSF)
Mortgaged Asset: End of service benefit
Start Date: 2022-11-01
End Date: 2025-10-01
Total Amount: 69356
Monthly Payment: 1926
Remaining Balance: 16870
Remaining Years: 9 months"
Export,1808,202510,Graduate,awarded,,1,3,1,Car,Army,Salary,2020-01-01,2024-10-01,"16,800,000 LL",16800000.0,lbp,lbp,"375,000 LL",375000.0,"3,188,000 LL",3188000.0,0,4 Months,4.0,loan_section_key_value,0,,"Reason: Car
Source: Army
Mortgaged Asset: Salary
Start Date: 2020-01-01
End Date: 2024-10-01
Total Amount: 16,800,000 LL
Monthly Payment: 375,000 LL
Remaining Balance: 3,188,000 LL
Remaining Years: 4 Months"
Export,1808,202510,Graduate,awarded,,1,3,2,Education,BBAC,House,2019-09-12,2027-09-12,"45,000,000 LL",45000000.0,lbp,lbp,"30,000 LL",30000.0,"11,240,000 LL",11240000.0,0,3 Years,3.0,loan_section_key_value,0,,"Reason: Education
Source: BBAC
Mortgaged Asset: House
Start Date: 2019-09-12
End Date: 2027-09-12
Total Amount: 45,000,000 LL
Monthly Payment: 30,000 LL
Remaining Balance: 11,240,000 LL
Remaining Years: 3 Years"
Export,1808,202510,Graduate,awarded,,1,3,3,House,BBAC,house,1999-01-01,2026-09-01,"65,000,000 LL",65000000.0,lbp,lbp,"160,000 LL",160000.0,"6,216,000 LL",6216000.0,0,2 Years,2.0,loan_section_key_value,0,,"Reason: House
Source: BBAC
Mortgaged Asset: house
Start Date: 1999-01-01
End Date: 2026-09-01
Total Amount: 65,000,000 LL
Monthly Payment: 160,000 LL
Remaining Balance: 6,216,000 LL
Remaining Years: 2 Years"
Export,1812,202510,Undergraduate,awarded,"International School of Choueifat, Koura",1,1,1,Not enough money,Bank,Apartment,,,,,,,,,,,0,,,loan_section_key_value,0,,"Reason: Not enough money
Source: Bank
Mortgaged Asset: Apartment
Start Date:
End Date:
Total Amount:
Monthly Payment:
Remaining Balance:
Remaining Years:"
Export,1843,202510,Graduate,denied,,1,2,1,"In my first year at LAU, i had to take out a loan to continue my studies, particularly in 2020. At that time, i wasn't yet enrolled in the MEPI program, and it was a financial challenging year for both my country and my parents. Without the loan, i wouldn't have been able to afford university expenses",Lebanese American University,Educational loan,2024-05-31,2025-09-30,4097.85$,4097.85,usd,usd,250$,250.0,4097.85$,4097.85,0,One and a half years,,loan_section_key_value,1,remaining_years_unparsed,"Reason: In my first year at LAU, i had to take out a loan to continue my studies, particularly in 2020. At that time, i wasn't yet enrolled in the MEPI program, and it was a financial challenging year for both my country and my parents. Without the loan, i wouldn't have been able to afford university expenses
Source: Lebanese American University
Mortgaged Asset: Educational loan
Start Date: 2024-05-31
End Date: 2025-09-30
Total Amount: 4097.85$
Monthly Payment: 250$
Remaining Balance: 4097.85$
Remaining Years: One and a half years"
Export,1854,202610,Undergraduate,awarded,"International School of Choueifat, Koura",1,1,1,Housing Loan,Bank Du Liban,Apartment,2015-03-11,2028-03-11,235000000 LBP,235000000.0,lbp,lbp,1817730 LBP,1817730.0,76000000 LBP,76000000.0,0,3,3.0,loan_section_key_value,0,,"Reason: Housing Loan
Source: Bank Du Liban
Mortgaged Asset: Apartment
Start Date: 2015-03-11
End Date: 2028-03-11
Total Amount: 235000000 LBP
Monthly Payment: 1817730 LBP
Remaining Balance: 76000000 LBP
Remaining Years: 3"
Export,1856,202610,Undergraduate,awarded,"Amjad School, Choueifat",0,0,1,My school fees and basic monthly needs,which has been bombed قرض الحسن,.,2024-07-16,2027-07-16,.,,,,200$,200.0,.,,0,.,,loan_section_key_value,1,total_amount_unparsed; remaining_balance_unparsed; remaining_years_unparsed,"Reason: My school fees and basic monthly needs
Source: which has been bombed قرض الحسن
Mortgaged Asset: .
Start Date: 2024-07-16
End Date: 2027-07-16
Total Amount: .
Monthly Payment: 200$
Remaining Balance: .
Remaining Years: ."
Export,1858,202610,Undergraduate,awarded,"Ecole des Filles de la Charite, Clemeceau",0,0,1,Medical Student Loan,Lebanese American University (LAU),None,2024-05-15,2032-07-31,24349,24349.0,,unknown,250,250.0,24099,24099.0,0,8,8.0,loan_section_key_value,0,,"Reason: Medical Student Loan
Source: Lebanese American University (LAU)
Mortgaged Asset: None
Start Date: 2024-05-15
End Date: 2032-07-31
Total Amount: 24349
Monthly Payment: 250
Remaining Balance: 24099
Remaining Years: 8"
Export,1862,202510,Graduate,awarded,,1,2,1,"The reason we took a loan was to install solar panels. Due to frequent and prolonged electricity cuts in Lebanon, we needed a reliable and sustainable source of power.",Al Qard Al Hasan Association,Gold,2022-07-01,2027-06-01,$5630,5630.0,usd,usd,$100,100.0,"$3,030",3030.0,0,3 years,3.0,loan_section_key_value,0,,"Reason: The reason we took a loan was to install solar panels. Due to frequent and prolonged electricity cuts in Lebanon, we needed a reliable and sustainable source of power.
Source: Al Qard Al Hasan Association
Mortgaged Asset: Gold
Start Date: 2022-07-01
End Date: 2027-06-01
Total Amount: $5630
Monthly Payment: $100
Remaining Balance: $3,030
Remaining Years: 3 years"
Export,1864,202610,Undergraduate,awarded,"Saint Mary's Orthodox College (SMOC), Beirut",1,1,1,Housing,Byblos Bank,Appartement,2009-01-03,2026-08-21,231412000,231412000.0,,likely_lbp_unmarked,1776000,1776000.0,37833000,37833000.0,0,2,2.0,loan_section_key_value,0,,"Reason: Housing
Source: Byblos Bank
Mortgaged Asset: Appartement
Start Date: 2009-01-03
End Date: 2026-08-21
Total Amount: 231412000
Monthly Payment: 1776000
Remaining Balance: 37833000
Remaining Years: 2"
Export,1869,202510,Graduate,denied,,1,4,1,Appartment,Social Housing and Mortgage Finance Fund,"122,400,000",2010-01-01,2040-01-01,"288,000,000",288000000.0,,likely_lbp_unmarked,"800,000.000",800000.0,"148,800,000",148800000.0,0,15.5,15.5,loan_section_key_value,0,,"Reason: Appartment
Source: Social Housing and Mortgage Finance Fund
Mortgaged Asset: 122,400,000
Start Date: 2010-01-01
End Date: 2040-01-01
Total Amount: 288,000,000
Monthly Payment: 800,000.000
Remaining Balance: 148,800,000
Remaining Years: 15.5"
Export,1891,202610,Undergraduate,denied,"Rafic Hariri High School (RHHS), Saida",0,0,1,Credit Card Loan,Saudi Awwal Bank (SAB),credit card,2024-10-17,2026-12-31,58168,58168.0,,unknown,2423,2423.0,58168,58168.0,0,2,2.0,loan_section_key_value,0,,"Reason: Credit Card Loan
Source: Saudi Awwal Bank (SAB)
Mortgaged Asset: credit card
Start Date: 2024-10-17
End Date: 2026-12-31
Total Amount: 58168
Monthly Payment: 2423
Remaining Balance: 58168
Remaining Years: 2"
Export,1896,202510,Undergraduate,denied,"Brummana High School (BHS), Brummana",0,0,1,Business Debt,Fransabank,Home (Building),2020-08-01,2025-03-01,"280,000",280000.0,,unknown,"4,386",4386.0,"98,862.67",98862.67,0,1 year and 8 month,8.0,loan_section_key_value,0,,"Reason: Business Debt
Source: Fransabank
Mortgaged Asset: Home (Building)
Start Date: 2020-08-01
End Date: 2025-03-01
Total Amount: 280,000
Monthly Payment: 4,386
Remaining Balance: 98,862.67
Remaining Years: 1 year and 8 month"
Export,1897,202510,Undergraduate,awarded,"Saint Mary's Orthodox College (SMOC), Beirut",1,2,1,current account facility,central bank,salary,1997-01-01,2034-12-01,"740,000,000 LL",740000000.0,lbp,lbp,interest only,,"740,000,000 LL",740000000.0,0,11,11.0,loan_section_key_value,1,monthly_payment_unparsed,"Reason: current account facility
Source: central bank
Mortgaged Asset: salary
Start Date: 1997-01-01
End Date: 2034-12-01
Total Amount: 740,000,000 LL
Monthly Payment: interest only
Remaining Balance: 740,000,000 LL
Remaining Years: 11"
Export,1897,202510,Undergraduate,awarded,"Saint Mary's Orthodox College (SMOC), Beirut",1,2,2,social aid,central bank,salary,2019-01-01,2029-01-01,"30,000,000 LL",30000000.0,lbp,lbp,"262,000 LL",262000.0,"17,000,000 LL",17000000.0,0,6,6.0,loan_section_key_value,0,,"Reason: social aid
Source: central bank
Mortgaged Asset: salary
Start Date: 2019-01-01
End Date: 2029-01-01
Total Amount: 30,000,000 LL
Monthly Payment: 262,000 LL
Remaining Balance: 17,000,000 LL
Remaining Years: 6"
Export,1897,202510,Undergraduate,awarded,"Saint Mary's Orthodox College (SMOC), Beirut",1,2,3,social aid,central bank,salary,2015-01-01,2025-01-01,"25,000,000 LL",25000000.0,lbp,lbp,"210,000 LL",210000.0,"2,000,000 LL",2000000.0,0,2,2.0,loan_section_key_value,0,,"Reason: social aid
Source: central bank
Mortgaged Asset: salary
Start Date: 2015-01-01
End Date: 2025-01-01
Total Amount: 25,000,000 LL
Monthly Payment: 210,000 LL
Remaining Balance: 2,000,000 LL
Remaining Years: 2"
Export,1901,202611,Professional,denied,,1,2,1,Educational Loan Abroad,U.S. Federal Student Aid,0,2022-01-03,2022-05-21,$7165,7165.0,usd,usd,$79,79.0,$7147,7147.0,0,7,7.0,loan_section_key_value,0,,"Reason: Educational Loan Abroad
Source: U.S. Federal Student Aid
Mortgaged Asset: 0
Start Date: 2022-01-03
End Date: 2022-05-21
Total Amount: $7165
Monthly Payment: $79
Remaining Balance: $7147
Remaining Years: 7"
Export,1906,202710,Undergraduate,denied,"International College (IC), Beirut",0,0,1,Car loan,Bank Audi,No,2025-06-27,2030-05-27,"18,772",18772.0,,unknown,391,391.0,"17,817",17817.0,0,5,5.0,loan_section_key_value,0,,"Reason: Car loan
Source: Bank Audi
Mortgaged Asset: No
Start Date: 2025-06-27
End Date: 2030-05-27
Total Amount: 18,772
Monthly Payment: 391
Remaining Balance: 17,817
Remaining Years: 5"
Export,1912,202711,Professional,awarded,,1,3,1,The loan reason is to buy a house.,BLC Bank,The house,2008-08-15,2028-07-15,"142,000,000 L.L.",142000000.0,lbp,lbp,"916,300 L.L.",916300.0,"29,321,600 L.L.",29321600.0,0,2.6 years (32 months),32.0,loan_section_key_value,0,,"Reason: The loan reason is to buy a house.
Source: BLC Bank
Mortgaged Asset: The house
Start Date: 2008-08-15
End Date: 2028-07-15
Total Amount: 142,000,000 L.L.
Monthly Payment: 916,300 L.L.
Remaining Balance: 29,321,600 L.L.
Remaining Years: 2.6 years (32 months)"
Export,1914,202710,Undergraduate,,"Grand Lycee Franco Libanais, Achrafieh",1,1,1,Car loan,Bank-inma,No,2023-05-29,2028-06-09,25480$,25480.0,usd,usd,350$,350.0,16080$,16080.0,0,5 years,5.0,loan_section_key_value,0,,"Reason: Car loan
Source: Bank-inma
Mortgaged Asset: No
Start Date: 2023-05-29
End Date: 2028-06-09
Total Amount: 25480$
Monthly Payment: 350$
Remaining Balance: 16080$
Remaining Years: 5 years"
Export,1914,202710,Undergraduate,,"Grand Lycee Franco Libanais, Achrafieh",1,1,2,Credit card,Bank NBD,No,2023-09-01,2027-10-30,4000$,4000.0,usd,usd,150$,150.0,2770$,2770.0,0,2 years,2.0,loan_section_key_value,0,,"Reason: Credit card
Source: Bank NBD
Mortgaged Asset: No
Start Date: 2023-09-01
End Date: 2027-10-30
Total Amount: 4000$
Monthly Payment: 150$
Remaining Balance: 2770$
Remaining Years: 2 years"
Export,1922,202520,Undergraduate,awarded,,1,3,1,School and University Tuition,Pharaon Exchange Company,N/A,2022-08-01,,15000,15000.0,,unknown,500,500.0,2000,2000.0,0,1,1.0,loan_section_key_value,0,,"Reason: School and University Tuition
Source: Pharaon Exchange Company
Mortgaged Asset: N/A
Start Date: 2022-08-01
End Date:
Total Amount: 15000
Monthly Payment: 500
Remaining Balance: 2000
Remaining Years: 1"
Export,1925,202610,Undergraduate,,Lycee Libanais Francophone LLC,1,1,1,Car Loan,Honda Finance,Honda Civic 2021,2024-05-10,2027-05-07,"16,000",16000.0,,unknown,350,350.0,15000,15000.0,0,3,3.0,loan_section_key_value,0,,"Reason: Car Loan
Source: Honda Finance
Mortgaged Asset: Honda Civic 2021
Start Date: 2024-05-10
End Date: 2027-05-07
Total Amount: 16,000
Monthly Payment: 350
Remaining Balance: 15000
Remaining Years: 3"
Export,1925,202610,Undergraduate,,Lycee Libanais Francophone LLC,1,1,2,Family Living Expenses,AT&T Universal,Credit Card Loan,2024-05-10,2026-06-22,"27,000",27000.0,,unknown,1600,1600.0,"23,000",23000.0,0,2 years,2.0,loan_section_key_value,0,,"Reason: Family Living Expenses
Source: AT&T Universal
Mortgaged Asset: Credit Card Loan
Start Date: 2024-05-10
End Date: 2026-06-22
Total Amount: 27,000
Monthly Payment: 1600
Remaining Balance: 23,000
Remaining Years: 2 years"
Export,1928,202610,Undergraduate,denied,"Besanson St.Anne, Beirut",0,0,1,Covereing expenses,Credit Card,N/A,2024-01-01,2030-01-01,"$10,000",10000.0,usd,usd,"$1,000",1000.0,"$6,000",6000.0,0,6,6.0,loan_section_key_value,0,,"Reason: Covereing expenses
Source: Credit Card
Mortgaged Asset: N/A
Start Date: 2024-01-01
End Date: 2030-01-01
Total Amount: $10,000
Monthly Payment: $1,000
Remaining Balance: $6,000
Remaining Years: 6"
Export,1943,202610,Undergraduate,awarded,"Ecole des Filles de la Charite, Clemeceau",1,2,1,تسديد فوائد قرض للشقة,المؤسسة العامة للأسكان - بنك فينيسيا,YES,2024-11-20,2025-11-20,36324000,36324000.0,,unknown,3000000,3000000.0,36324000,36324000.0,0,1,1.0,loan_section_key_value,0,,"Reason: تسديد فوائد قرض للشقة
Source: المؤسسة العامة للأسكان - بنك فينيسيا
Mortgaged Asset: YES
Start Date: 2024-11-20
End Date: 2025-11-20
Total Amount: 36324000
Monthly Payment: 3000000
Remaining Balance: 36324000
Remaining Years: 1"
Export,1960,202610,Undergraduate,awarded,"Beirut Modern School (BMS), Ghobeiry",0,0,1,Home,BDL,Apartment,2002-11-11,2027-11-09,21000,21000.0,,unknown,10,10.0,200,200.0,0,5,5.0,loan_section_key_value,0,,"Reason: Home
Source: BDL
Mortgaged Asset: Apartment
Start Date: 2002-11-11
End Date: 2027-11-09
Total Amount: 21000
Monthly Payment: 10
Remaining Balance: 200
Remaining Years: 5"
Export,1960,202610,Undergraduate,awarded,"Beirut Modern School (BMS), Ghobeiry",0,0,2,Exceptional,BDL,Car,2018-09-06,2028-09-15,2000,2000.0,,unknown,10,10.0,100,100.0,0,3,3.0,loan_section_key_value,0,,"Reason: Exceptional
Source: BDL
Mortgaged Asset: Car
Start Date: 2018-09-06
End Date: 2028-09-15
Total Amount: 2000
Monthly Payment: 10
Remaining Balance: 100
Remaining Years: 3"
Export,1960,202610,Undergraduate,awarded,"Beirut Modern School (BMS), Ghobeiry",0,0,3,Social,BDL,Social,2017-07-19,2027-07-01,300,300.0,,unknown,2,2.0,60,60.0,0,2,2.0,loan_section_key_value,0,,"Reason: Social
Source: BDL
Mortgaged Asset: Social
Start Date: 2017-07-19
End Date: 2027-07-01
Total Amount: 300
Monthly Payment: 2
Remaining Balance: 60
Remaining Years: 2"
Export,1964,202610,Undergraduate,denied,"International College (IC), Beirut",0,0,1,Need of money / health problems / children education fees,Lebanese Swiss Bank,Land property,1980-01-01,1980-01-01,To be submitted with other documents in ownership deed section,,,,To be submitted with other documents in ownership deed section,,To be submitted with other documents in ownership deed section,,0,To be submitted with other documents in ownership deed section,,loan_section_key_value,1,total_amount_unparsed; monthly_payment_unparsed; remaining_balance_unparsed; remaining_years_unparsed,"Reason: Need of money / health problems / children education fees
Source: Lebanese Swiss Bank
Mortgaged Asset: Land property
Start Date: 1980-01-01
End Date: 1980-01-01
Total Amount: To be submitted with other documents in ownership deed section
Monthly Payment: To be submitted with other documents in ownership deed section
Remaining Balance: To be submitted with other documents in ownership deed section
Remaining Years: To be submitted with other documents in ownership deed section"
Export,1964,202610,Undergraduate,denied,"International College (IC), Beirut",0,0,2,Need of money / health problems / children education fees,Laudy Shwayri - Cousin,Land,1980-01-01,1980-01-01,To be submitted with other documents in ownership deed section,,,,To be submitted with other documents in ownership deed section,,To be submitted with other documents in ownership deed section,,0,To be submitted with other documents in ownership deed section,,loan_section_key_value,1,total_amount_unparsed; monthly_payment_unparsed; remaining_balance_unparsed; remaining_years_unparsed,"Reason: Need of money / health problems / children education fees
Source: Laudy Shwayri - Cousin
Mortgaged Asset: Land
Start Date: 1980-01-01
End Date: 1980-01-01
Total Amount: To be submitted with other documents in ownership deed section
Monthly Payment: To be submitted with other documents in ownership deed section
Remaining Balance: To be submitted with other documents in ownership deed section
Remaining Years: To be submitted with other documents in ownership deed section"
Export,1973,202610,Undergraduate,awarded,"Deutsche Internationale Schule Beirut (DISB), Khaldah",1,1,1,Housing Loan,Iskan Bank,House,2008-05-30,2028-06-30,155000000,155000000.0,,likely_lbp_unmarked,1337587,1337587.0,54841000,54841000.0,0,3 years and 5 months,5.0,loan_section_key_value,0,,"Reason: Housing Loan
Source: Iskan Bank
Mortgaged Asset: House
Start Date: 2008-05-30
End Date: 2028-06-30
Total Amount: 155000000
Monthly Payment: 1337587
Remaining Balance: 54841000
Remaining Years: 3 years and 5 months"
Export,1980,202710,Undergraduate,awarded,The Lebanese School,0,0,1,Personal Loan,Qatar National Bank,End of Service Benefits,2024-04-30,2027-02-01,"50,000 QAR",50000.0,,unknown,"1,543 QAR",1543.0,"24,649.15 QAR",24649.15,0,1 year & 4 months,4.0,loan_section_key_value,0,,"Reason: Personal Loan
Source: Qatar National Bank
Mortgaged Asset: End of Service Benefits
Start Date: 2024-04-30
End Date: 2027-02-01
Total Amount: 50,000 QAR
Monthly Payment: 1,543 QAR
Remaining Balance: 24,649.15 QAR
Remaining Years: 1 year & 4 months"
Export,1984,202710,Undergraduate,awarded,"Manara Secondary School, Manara",0,0,1,To live,Internal Security Forces,Nothing,2021-10-01,2025-10-01,1050$,1050.0,usd,usd,21.79$,21.79,0,0.0,0,0,0.0,loan_section_key_value,0,,"Reason: To live
Source: Internal Security Forces
Mortgaged Asset: Nothing
Start Date: 2021-10-01
End Date: 2025-10-01
Total Amount: 1050$
Monthly Payment: 21.79$
Remaining Balance: 0
Remaining Years: 0"
Export,1989,202610,Undergraduate,denied,SABIS International School - Adma,0,0,1,Educational purpose,Personal Friend,House,2024-11-30,2031-11-30,"80,000$",80000.0,usd,usd,1000$,1000.0,"78,000$",78000.0,0,7,7.0,loan_section_key_value,0,,"Reason: Educational purpose
Source: Personal Friend
Mortgaged Asset: House
Start Date: 2024-11-30
End Date: 2031-11-30
Total Amount: 80,000$
Monthly Payment: 1000$
Remaining Balance: 78,000$
Remaining Years: 7"
Export,1993,202610,Undergraduate,denied,"Grand Lycee Franco Libanais, Achrafieh",1,2,1,Home loan,Bank,The home itself,2013-01-01,2043-01-01,270000000,270000000.0,,likely_lbp_unmarked,1500000,1500000.0,100000000,100000000.0,0,18,18.0,loan_section_key_value,0,,"Reason: Home loan
Source: Bank
Mortgaged Asset: The home itself
Start Date: 2013-01-01
End Date: 2043-01-01
Total Amount: 270000000
Monthly Payment: 1500000
Remaining Balance: 100000000
Remaining Years: 18"
Export,2009,202610,Undergraduate,awarded,"Saint Mary's Orthodox College (SMOC), Beirut",1,1,1,Housing,Banque De L'habitat,House,2011-07-26,2026-08-05,"179,000,000",179000000.0,,likely_lbp_unmarked,"1,124,000",1124000.0,"19,890,000",19890000.0,0,1 Year and 9 months,9.0,loan_section_key_value,0,,"Reason: Housing
Source: Banque De L'habitat
Mortgaged Asset: House
Start Date: 2011-07-26
End Date: 2026-08-05
Total Amount: 179,000,000
Monthly Payment: 1,124,000
Remaining Balance: 19,890,000
Remaining Years: 1 Year and 9 months"
Export,2011,202611,Professional,awarded,,1,2,1,AUB tuition,Bank (Commerzbank),Salary of sibling,2024-03-01,2034-03-01,31257.33 euros,31257.33,,unknown,264.55 euros,264.55,20873.24 euros,20873.24,0,9,9.0,loan_section_key_value,0,,"Reason: AUB tuition
Source: Bank (Commerzbank)
Mortgaged Asset: Salary of sibling
Start Date: 2024-03-01
End Date: 2034-03-01
Total Amount: 31257.33 euros
Monthly Payment: 264.55 euros
Remaining Balance: 20873.24 euros
Remaining Years: 9"
Export,2016,202520,Undergraduate,denied,,1,3,1,Car loan,Car dealer,Car,2024-05-01,2025-05-01,13000,13000.0,,unknown,1090,1090.0,6500,6500.0,0,1,1.0,loan_section_key_value,0,,"Reason: Car loan
Source: Car dealer
Mortgaged Asset: Car
Start Date: 2024-05-01
End Date: 2025-05-01
Total Amount: 13000
Monthly Payment: 1090
Remaining Balance: 6500
Remaining Years: 1"
Export,2017,202710,Undergraduate,denied,"College Des Filles De La Charite Dar Em Nour, Koura",0,0,1,House Renovations,Bank,none,2024-11-02,2025-10-02,23518.133,23518.133,,unknown,2031.184,2031.184,2019.97,2019.97,0,2 months,2.0,loan_section_key_value,0,,"Reason: House Renovations
Source: Bank
Mortgaged Asset: none
Start Date: 2024-11-02
End Date: 2025-10-02
Total Amount: 23518.133
Monthly Payment: 2031.184
Remaining Balance: 2019.97
Remaining Years: 2 months"
Export,2033,202610,Undergraduate,awarded,"Amjad School, Choueifat",0,0,1,Car,BLC,0,2017-01-01,2022-01-01,15000,15000.0,,unknown,250,250.0,3000,3000.0,0,1 year,1.0,loan_section_key_value,0,,"Reason: Car
Source: BLC
Mortgaged Asset: 0
Start Date: 2017-01-01
End Date: 2022-01-01
Total Amount: 15000
Monthly Payment: 250
Remaining Balance: 3000
Remaining Years: 1 year"
Export,2038,202610,Undergraduate,awarded,"The National Evangelical Institute for Girls and Boys, Saida",0,0,1,school,unrwa,-,2019-01-01,2025-06-01,9892$,9892.0,usd,usd,137$,137.0,674$,674.0,0,0.5,0.5,loan_section_key_value,0,,"Reason: school
Source: unrwa
Mortgaged Asset: -
Start Date: 2019-01-01
End Date: 2025-06-01
Total Amount: 9892$
Monthly Payment: 137$
Remaining Balance: 674$
Remaining Years: 0.5"
Export,2038,202610,Undergraduate,awarded,"The National Evangelical Institute for Girls and Boys, Saida",0,0,2,schools,unrwa,-,2023-01-10,2029-01-11,2500$,2500.0,usd,usd,34$,34.0,2000$,2000.0,0,4,4.0,loan_section_key_value,0,,"Reason: schools
Source: unrwa
Mortgaged Asset: -
Start Date: 2023-01-10
End Date: 2029-01-11
Total Amount: 2500$
Monthly Payment: 34$
Remaining Balance: 2000$
Remaining Years: 4"
Export,2038,202610,Undergraduate,awarded,"The National Evangelical Institute for Girls and Boys, Saida",0,0,3,schools,unrwa,-,2024-01-08,2030-08-13,5900$,5900.0,usd,usd,81$,81.0,5572$,5572.0,0,6,6.0,loan_section_key_value,0,,"Reason: schools
Source: unrwa
Mortgaged Asset: -
Start Date: 2024-01-08
End Date: 2030-08-13
Total Amount: 5900$
Monthly Payment: 81$
Remaining Balance: 5572$
Remaining Years: 6"
Export,2044,202510,Graduate,awarded,,1,2,1,"there are 4 loans but one same reason finanical support to cover tuitions fees, it always got renewed",kared al hasan,"3,648",2024-02-02,2026-02-09,"3,648",3648.0,,unknown,101$,101.0,"3,648",3648.0,0,1 year,1.0,loan_section_key_value,0,,"Reason: there are 4 loans but one same reason finanical support to cover tuitions fees, it always got renewed
Source: kared al hasan
Mortgaged Asset: 3,648
Start Date: 2024-02-02
End Date: 2026-02-09
Total Amount: 3,648
Monthly Payment: 101$
Remaining Balance: 3,648
Remaining Years: 1 year"
Export,2044,202510,Graduate,awarded,,1,2,2,to repay fro tuitions fees fro aub,Kared al Hasan,"3,613",2024-02-09,2026-02-09,"3,613",3613.0,,unknown,200,200.0,"3,213",3213.0,0,2 years unless renewed,2.0,loan_section_key_value,0,,"Reason: to repay fro tuitions fees fro aub
Source: Kared al Hasan
Mortgaged Asset: 3,613
Start Date: 2024-02-09
End Date: 2026-02-09
Total Amount: 3,613
Monthly Payment: 200
Remaining Balance: 3,213
Remaining Years: 2 years unless renewed"
Export,2044,202510,Graduate,awarded,,1,2,3,financial issues,Kared Al Hassan,"6,724",2024-02-06,2026-02-06,"6,724",6724.0,,unknown,197,197.0,"6,224",6224.0,0,2 years unless renewed,2.0,loan_section_key_value,0,,"Reason: financial issues
Source: Kared Al Hassan
Mortgaged Asset: 6,724
Start Date: 2024-02-06
End Date: 2026-02-06
Total Amount: 6,724
Monthly Payment: 197
Remaining Balance: 6,224
Remaining Years: 2 years unless renewed"
Export,2044,202510,Graduate,awarded,,1,2,4,financial situation,Kared ALHassan,"5,914",2024-02-06,2026-02-06,"5,914",5914.0,,unknown,185,185.0,"5,214",5214.0,0,2 years unless renewed,2.0,loan_section_key_value,0,,"Reason: financial situation
Source: Kared ALHassan
Mortgaged Asset: 5,914
Start Date: 2024-02-06
End Date: 2026-02-06
Total Amount: 5,914
Monthly Payment: 185
Remaining Balance: 5,214
Remaining Years: 2 years unless renewed"
Export,2045,202520,Graduate,awarded,,1,2,1,Univeristy Tuition,Univeriste saint joseph,Nothing,2025-08-01,2029-07-01,8000$,8000.0,usd,usd,300$,300.0,8000$,8000.0,0,4,4.0,loan_section_key_value,0,,"Reason: Univeristy Tuition
Source: Univeriste saint joseph
Mortgaged Asset: Nothing
Start Date: 2025-08-01
End Date: 2029-07-01
Total Amount: 8000$
Monthly Payment: 300$
Remaining Balance: 8000$
Remaining Years: 4"
Export,2051,202610,Undergraduate,denied,"Ecole Des Peres Antonin, Baabda",0,0,1,the financial and security situations in lebanon,FAO,no,2024-11-06,2025-09-01,12512,12512.0,,unknown,1042,1042.0,10512,10512.0,0,current year,,loan_section_key_value,1,remaining_years_unparsed,"Reason: the financial and security situations in lebanon
Source: FAO
Mortgaged Asset: no
Start Date: 2024-11-06
End Date: 2025-09-01
Total Amount: 12512
Monthly Payment: 1042
Remaining Balance: 10512
Remaining Years: current year"
Export,2051,202610,Undergraduate,denied,"Ecole Des Peres Antonin, Baabda",0,0,2,buying new home,my sister,no,2022-07-01,2027-07-01,100000,100000.0,,unknown,1700,1700.0,60000,60000.0,0,3,3.0,loan_section_key_value,0,,"Reason: buying new home
Source: my sister
Mortgaged Asset: no
Start Date: 2022-07-01
End Date: 2027-07-01
Total Amount: 100000
Monthly Payment: 1700
Remaining Balance: 60000
Remaining Years: 3"
Export,2057,202710,Undergraduate,denied,King Khaled International School,0,0,1,Car Loan,Emirates NBD,None,2024-12-15,2026-12-29,30779.3,30779.3,,unknown,772,772.0,23060,23060.0,0,1.25,1.25,loan_section_key_value,0,,"Reason: Car Loan
Source: Emirates NBD
Mortgaged Asset: None
Start Date: 2024-12-15
End Date: 2026-12-29
Total Amount: 30779.3
Monthly Payment: 772
Remaining Balance: 23060
Remaining Years: 1.25"
Export,2057,202710,Undergraduate,denied,King Khaled International School,0,0,2,Visa,Emirates NBD,None,2024-08-01,2028-08-01,"42,666.666",42666.666,,unknown,"1,421.744",1421.744,"26,424",26424.0,0,2,2.0,loan_section_key_value,0,,"Reason: Visa
Source: Emirates NBD
Mortgaged Asset: None
Start Date: 2024-08-01
End Date: 2028-08-01
Total Amount: 42,666.666
Monthly Payment: 1,421.744
Remaining Balance: 26,424
Remaining Years: 2"
Export,2072,202710,Undergraduate,denied,Cedar International School,0,0,1,Car,SAB Bank,End of Service - ABB,2024-11-28,2027-10-28,"102,926",102926.0,,unknown,"2,829",2829.0,"70,731",70731.0,0,2,2.0,loan_section_key_value,0,,"Reason: Car
Source: SAB Bank
Mortgaged Asset: End of Service - ABB
Start Date: 2024-11-28
End Date: 2027-10-28
Total Amount: 102,926
Monthly Payment: 2,829
Remaining Balance: 70,731
Remaining Years: 2"
Export,2072,202710,Undergraduate,denied,Cedar International School,0,0,2,Car,Saudi National Bank,N/A,2023-04-27,2027-05-03,"32,598",32598.0,,unknown,521,521.0,"21,312",21312.0,0,1.5,1.5,loan_section_key_value,0,,"Reason: Car
Source: Saudi National Bank
Mortgaged Asset: N/A
Start Date: 2023-04-27
End Date: 2027-05-03
Total Amount: 32,598
Monthly Payment: 521
Remaining Balance: 21,312
Remaining Years: 1.5"
Export,2085,202610,Undergraduate,denied,"Beirut Annuciation Orthodox College (BAC), Achrafieh",0,0,1,Purchasing family car,Employer,0,2024-05-01,2025-02-28,10000,10000.0,,unknown,1000,1000.0,4000,4000.0,0,4 months,4.0,loan_section_key_value,0,,"Reason: Purchasing family car
Source: Employer
Mortgaged Asset: 0
Start Date: 2024-05-01
End Date: 2025-02-28
Total Amount: 10000
Monthly Payment: 1000
Remaining Balance: 4000
Remaining Years: 4 months"
Export,2100,202610,Undergraduate,awarded,"Beirut Babptist School (BBS), Mouseitbeh",1,1,1,Housing Loan,Public Corporation for Housing,House,2012-07-06,2042-07-06,"183,762,811 L.B.P.",183762811.0,,likely_lbp_unmarked,"510,452 L.B.P.",510452.0,"76,057,348 L.B.P.",76057348.0,0,18,18.0,loan_section_key_value,0,,"Reason: Housing Loan
Source: Public Corporation for Housing
Mortgaged Asset: House
Start Date: 2012-07-06
End Date: 2042-07-06
Total Amount: 183,762,811 L.B.P.
Monthly Payment: 510,452 L.B.P.
Remaining Balance: 76,057,348 L.B.P.
Remaining Years: 18"
Export,2121,202610,Undergraduate,denied,"Manar Modern School, Ras Al Maten",0,0,1,To buy a house,SABALAWAL BANK,None,2022-04-28,2025-02-28,"103,000",103000.0,,unknown,"3,048",3048.0,"15,240.44",15240.44,0,0.42,0.42,loan_section_key_value,0,,"Reason: To buy a house
Source: SABALAWAL BANK
Mortgaged Asset: None
Start Date: 2022-04-28
End Date: 2025-02-28
Total Amount: 103,000
Monthly Payment: 3,048
Remaining Balance: 15,240.44
Remaining Years: 0.42"
Export,2125,202610,Undergraduate,awarded,The International School of Choueifat - Choueifat,0,0,1,Paying off previous debts,General Secutiry,the debt is deducted from the monthly salary,2022-06-10,2026-06-10,"66,120,000 L.L",66120000.0,lbp,lbp,"1,500,000L.L",1500.0,12120000,12120000.0,0,One year,,loan_section_key_value,1,remaining_years_unparsed,"Reason: Paying off previous debts
Source: General Secutiry
Mortgaged Asset: the debt is deducted from the monthly salary
Start Date: 2022-06-10
End Date: 2026-06-10
Total Amount: 66,120,000 L.L
Monthly Payment: 1,500,000L.L
Remaining Balance: 12120000
Remaining Years: One year"
Export,2129,202510,Graduate,denied,,1,2,1,Needed help in paying university tuition fees,Ibad Al Rahman association,None,2024-01-01,2028-12-31,4293,4293.0,,unknown,100,100.0,3793,3793.0,0,3,3.0,loan_section_key_value,0,,"Reason: Needed help in paying university tuition fees
Source: Ibad Al Rahman association
Mortgaged Asset: None
Start Date: 2024-01-01
End Date: 2028-12-31
Total Amount: 4293
Monthly Payment: 100
Remaining Balance: 3793
Remaining Years: 3"
Export,2133,202611,Professional,awarded,,1,2,1,Medical school tuition,Lebanese American University,not applicable,2022-08-01,2035-08-01,40586.4$,40586.4,usd,usd,250$,250.0,40586.4$,40586.4,0,10,10.0,loan_section_key_value,0,,"Reason: Medical school tuition
Source: Lebanese American University
Mortgaged Asset: not applicable
Start Date: 2022-08-01
End Date: 2035-08-01
Total Amount: 40586.4$
Monthly Payment: 250$
Remaining Balance: 40586.4$
Remaining Years: 10"
Export,2139,202610,Undergraduate,awarded,"Amjad School, Choueifat",0,0,1,for living,isf,0,2024-03-01,2028-03-01,800,800.0,,unknown,17,17.0,650,650.0,0,3,3.0,loan_section_key_value,0,,"Reason: for living
Source: isf
Mortgaged Asset: 0
Start Date: 2024-03-01
End Date: 2028-03-01
Total Amount: 800
Monthly Payment: 17
Remaining Balance: 650
Remaining Years: 3"
Export,2140,202610,Undergraduate,awarded,"Amjad School, Choueifat",0,0,1,Buying an appartment,بنك بيروت و البلاد العربية بواسطة جهاز إسكان العسكريين المتطوعين,The appartment,2008-05-21,2034-08-16,81683000L.L.,,lbp,lbp,328000L.L.,,39948000L.L.,,0,10,10.0,loan_section_key_value,1,total_amount_unparsed; monthly_payment_unparsed; remaining_balance_unparsed,"Reason: Buying an appartment
Source: بنك بيروت و البلاد العربية بواسطة جهاز إسكان العسكريين المتطوعين
Mortgaged Asset: The appartment
Start Date: 2008-05-21
End Date: 2034-08-16
Total Amount: 81683000L.L.
Monthly Payment: 328000L.L.
Remaining Balance: 39948000L.L.
Remaining Years: 10"
Export,2148,202510,Graduate,awarded,,1,2,1,Schooling,Bank,Salary,2021-07-07,2027-06-30,"3,202.29 Dollars",3202.29,usd,usd,80.75 Dollars,80.75,"1,851.51",1851.51,0,3 years,3.0,loan_section_key_value,0,,"Reason: Schooling
Source: Bank
Mortgaged Asset: Salary
Start Date: 2021-07-07
End Date: 2027-06-30
Total Amount: 3,202.29 Dollars
Monthly Payment: 80.75 Dollars
Remaining Balance: 1,851.51
Remaining Years: 3 years"
Export,2152,202610,Undergraduate,denied,"Stars College, Zebdine",0,0,1,Buying an apartment,Public establishment for housing,The bought apartment,2011-09-18,2024-09-18,1678,1678.0,,unknown,10.8,10.8,(interests),,0,13,13.0,loan_section_key_value,1,remaining_balance_unparsed,"Reason: Buying an apartment
Source: Public establishment for housing
Mortgaged Asset: The bought apartment
Start Date: 2011-09-18
End Date: 2024-09-18
Total Amount: 1678
Monthly Payment: 10.8
Remaining Balance: (interests)
Remaining Years: 13"
Export,2163,202510,Undergraduate,awarded,"College De La Saint Famille Fanar, Fanar",0,0,1,Car Loan,Employer (Fadel Group),NA,2019-03-01,2027-02-28,35000$,35000.0,usd,usd,360$,360.0,15200$,15200.0,0,NA (Postponed payements after the crisis),,loan_section_key_value,1,remaining_years_unparsed,"Reason: Car Loan
Source: Employer (Fadel Group)
Mortgaged Asset: NA
Start Date: 2019-03-01
End Date: 2027-02-28
Total Amount: 35000$
Monthly Payment: 360$
Remaining Balance: 15200$
Remaining Years: NA (Postponed payements after the crisis)"
Export,2168,202610,Undergraduate,usaid,"College Des Soeurs Des Saints Coeurs, Marjeyoun",0,0,1,Paying university tuitions and travel expenses for sibling,Al Qard Al Hassan Fund,Gold,2023-08-01,2025-12-01,2500,2500.0,,unknown,101,101.0,1288,1288.0,0,2 and 2 months,2.0,loan_section_key_value,0,,"Reason: Paying university tuitions and travel expenses for sibling
Source: Al Qard Al Hassan Fund
Mortgaged Asset: Gold
Start Date: 2023-08-01
End Date: 2025-12-01
Total Amount: 2500
Monthly Payment: 101
Remaining Balance: 1288
Remaining Years: 2 and 2 months"
Export,2174,202510,Graduate,awarded,,1,2,1,House Loan,Banque de L'habitat,House,2013-01-01,2036-10-30,4256,4256.0,,unknown,18.5,18.5,1569,1569.0,0,12 interest,12.0,loan_section_key_value,0,,"Reason: House Loan
Source: Banque de L'habitat
Mortgaged Asset: House
Start Date: 2013-01-01
End Date: 2036-10-30
Total Amount: 4256
Monthly Payment: 18.5
Remaining Balance: 1569
Remaining Years: 12 interest"
Export,2188,202610,Undergraduate,denied,"College Protestant Francais (CPF), Koraytem Beirut",0,0,1,Car,westlake,Car,2024-11-01,2027-11-01,18000,18000.0,,unknown,540,540.0,15000,15000.0,0,3,3.0,loan_section_key_value,0,,"Reason: Car
Source: westlake
Mortgaged Asset: Car
Start Date: 2024-11-01
End Date: 2027-11-01
Total Amount: 18000
Monthly Payment: 540
Remaining Balance: 15000
Remaining Years: 3"
Export,2188,202610,Undergraduate,denied,"College Protestant Francais (CPF), Koraytem Beirut",0,0,2,Living expenses and tuition fees,Credit Cards,no,2025-01-01,2026-06-06,"11,000",11000.0,,unknown,"1,100",1100.0,"11,000",11000.0,0,1,1.0,loan_section_key_value,0,,"Reason: Living expenses and tuition fees
Source: Credit Cards
Mortgaged Asset: no
Start Date: 2025-01-01
End Date: 2026-06-06
Total Amount: 11,000
Monthly Payment: 1,100
Remaining Balance: 11,000
Remaining Years: 1"
Export,2195,202710,Undergraduate,denied,"Grand Lycee Franco Libanais, Achrafieh",0,0,1,Housing,Bank Of Beirut,Yes,2010-10-23,2040-10-23,165 000 000 lbp,165.0,lbp,lbp,800 000 lbp,800.0,144 000 000,144.0,0,15,15.0,loan_section_key_value,0,,"Reason: Housing
Source: Bank Of Beirut
Mortgaged Asset: Yes
Start Date: 2010-10-23
End Date: 2040-10-23
Total Amount: 165 000 000 lbp
Monthly Payment: 800 000 lbp
Remaining Balance: 144 000 000
Remaining Years: 15"
Export,2220,202510,Graduate,awarded,,1,2,1,To cover daily expenses and confirmation fee,Al-Qard Al-Hasan Association,Gold,2024-06-06,2027-06-06,6147,6147.0,,unknown,170,170.0,6147,6147.0,0,3,3.0,loan_section_key_value,0,,"Reason: To cover daily expenses and confirmation fee
Source: Al-Qard Al-Hasan Association
Mortgaged Asset: Gold
Start Date: 2024-06-06
End Date: 2027-06-06
Total Amount: 6147
Monthly Payment: 170
Remaining Balance: 6147
Remaining Years: 3"
Export,2224,202610,Undergraduate,awarded,"Official Secondary School Haramoun, Rashaya",0,0,1,education,bank,personal guarantee from the client's parent,2013-10-05,2027-06-01,67824000,67824000.0,,unknown,667000,667000.0,15000000,15000000.0,0,2,2.0,loan_section_key_value,0,,"Reason: education
Source: bank
Mortgaged Asset: personal guarantee from the client's parent
Start Date: 2013-10-05
End Date: 2027-06-01
Total Amount: 67824000
Monthly Payment: 667000
Remaining Balance: 15000000
Remaining Years: 2"
Export,2232,202610,Undergraduate,awarded,"College De La Saint Famille Fanar, Fanar",0,0,1,Housing,Crédit Libanais and المؤسسة العامة لللإسكان,Apartement,2005-08-05,2035-08-05,$58000,58000.0,usd,usd,$3,3.0,$390,390.0,0,11,11.0,loan_section_key_value,0,,"Reason: Housing
Source: Crédit Libanais and المؤسسة العامة لللإسكان
Mortgaged Asset: Apartement
Start Date: 2005-08-05
End Date: 2035-08-05
Total Amount: $58000
Monthly Payment: $3
Remaining Balance: $390
Remaining Years: 11"
Export,2242,202610,Undergraduate,awarded,Education and Teaching Secondary School (ETSS),0,0,1,apartment,General Housing corporation,SGBL,2008-02-05,2038-01-05,"66,906",66906.0,,unknown,5,5.0,320,320.0,0,13,13.0,loan_section_key_value,0,,"Reason: apartment
Source: General Housing corporation
Mortgaged Asset: SGBL
Start Date: 2008-02-05
End Date: 2038-01-05
Total Amount: 66,906
Monthly Payment: 5
Remaining Balance: 320
Remaining Years: 13"
Export,2246,202610,Undergraduate,awarded,"L'Athenee de Beyrouth, Bsalim",0,0,1,Housing,Central Bank of Lebanon,Home,2001-07-01,2026-07-01,90.000.000 LL,90.0,lbp,lbp,750.000 LL,750.0,6.000.000 LL,6.0,0,1.8,1.8,loan_section_key_value,0,,"Reason: Housing
Source: Central Bank of Lebanon
Mortgaged Asset: Home
Start Date: 2001-07-01
End Date: 2026-07-01
Total Amount: 90.000.000 LL
Monthly Payment: 750.000 LL
Remaining Balance: 6.000.000 LL
Remaining Years: 1.8"
Export,2246,202610,Undergraduate,awarded,"L'Athenee de Beyrouth, Bsalim",0,0,2,House,Banque Du Liban,Home,2012-11-01,2037-12-31,330.000.000 LL,330.0,lbp,lbp,2.000.000 LL,2.0,250.000.000 LL,250.0,0,13,13.0,loan_section_key_value,0,,"Reason: House
Source: Banque Du Liban
Mortgaged Asset: Home
Start Date: 2012-11-01
End Date: 2037-12-31
Total Amount: 330.000.000 LL
Monthly Payment: 2.000.000 LL
Remaining Balance: 250.000.000 LL
Remaining Years: 13"
Export,2257,202710,Undergraduate,awarded,The International School of Choueifat - Choueifat,0,0,1,Education,LAU,0,2023-08-30,2027-06-01,4506.7$,4506.7,usd,usd,0,0.0,4506.7$,4506.7,0,2,2.0,loan_section_key_value,0,,"Reason: Education
Source: LAU
Mortgaged Asset: 0
Start Date: 2023-08-30
End Date: 2027-06-01
Total Amount: 4506.7$
Monthly Payment: 0
Remaining Balance: 4506.7$
Remaining Years: 2"
Export,2274,202610,Undergraduate,awarded,"Beirut Annuciation Orthodox College (BAC), Achrafieh",0,0,1,Housing,BLOM Bank,Appartment,2009-06-08,2029-06-08,73000,73000.0,,unknown,410,410.0,20000,20000.0,0,5,5.0,loan_section_key_value,0,,"Reason: Housing
Source: BLOM Bank
Mortgaged Asset: Appartment
Start Date: 2009-06-08
End Date: 2029-06-08
Total Amount: 73000
Monthly Payment: 410
Remaining Balance: 20000
Remaining Years: 5"
Export,2274,202610,Undergraduate,awarded,"Beirut Annuciation Orthodox College (BAC), Achrafieh",0,0,2,University Loan,LAU,0,2024-07-02,2024-12-31,4660.33,4660.33,,unknown,776.7,776.7,2300,2300.0,0,0,0.0,loan_section_key_value,0,,"Reason: University Loan
Source: LAU
Mortgaged Asset: 0
Start Date: 2024-07-02
End Date: 2024-12-31
Total Amount: 4660.33
Monthly Payment: 776.7
Remaining Balance: 2300
Remaining Years: 0"
Export,2276,202610,Undergraduate,awarded,"Ikhaa National School, Karakol Druze",0,0,1,need of money for family support,lebanon and gulf bank,nothing,2024-11-08,2026-10-12,6000$,6000.0,usd,usd,300$,300.0,5900$,5900.0,0,1.6 years,1.6,loan_section_key_value,0,,"Reason: need of money for family support
Source: lebanon and gulf bank
Mortgaged Asset: nothing
Start Date: 2024-11-08
End Date: 2026-10-12
Total Amount: 6000$
Monthly Payment: 300$
Remaining Balance: 5900$
Remaining Years: 1.6 years"
Export,2296,202610,Undergraduate,awarded,"International College (IC), Beirut",1,2,1,House mortgage,Bank of Habitat,House,2015-07-01,2033-07-01,"480,000,000 LBP",480000000.0,lbp,lbp,"3,500,000",3500000.0,"300,000,000",300000000.0,0,9,9.0,loan_section_key_value,0,,"Reason: House mortgage
Source: Bank of Habitat
Mortgaged Asset: House
Start Date: 2015-07-01
End Date: 2033-07-01
Total Amount: 480,000,000 LBP
Monthly Payment: 3,500,000
Remaining Balance: 300,000,000
Remaining Years: 9"
Export,2306,202710,Undergraduate,denied,"College Notre Dame des Soeurs Antonines, Hazmieh",1,3,1,Purchasing House,Banque De L'habitat,House,2014-07-18,2044-01-18,"LBP 488,000,000",488000000.0,lbp,lbp,"LBP 3,200,000",3200000.0,"LBP 300,000,000",300000000.0,0,19 years,19.0,loan_section_key_value,0,,"Reason: Purchasing House
Source: Banque De L'habitat
Mortgaged Asset: House
Start Date: 2014-07-18
End Date: 2044-01-18
Total Amount: LBP 488,000,000
Monthly Payment: LBP 3,200,000
Remaining Balance: LBP 300,000,000
Remaining Years: 19 years"
Export,2306,202710,Undergraduate,denied,"College Notre Dame des Soeurs Antonines, Hazmieh",1,3,2,Staff Loan,Bank Of Beirut SAL,No,2025-07-15,2027-07-15,"$5,000",5000.0,usd,usd,$210,210.0,"$4,610",4610.0,0,2,2.0,loan_section_key_value,0,,"Reason: Staff Loan
Source: Bank Of Beirut SAL
Mortgaged Asset: No
Start Date: 2025-07-15
End Date: 2027-07-15
Total Amount: $5,000
Monthly Payment: $210
Remaining Balance: $4,610
Remaining Years: 2"
Export,2306,202710,Undergraduate,denied,"College Notre Dame des Soeurs Antonines, Hazmieh",1,3,3,Credit Card,Bank Of Beirut,None,2020-01-01,2025-12-31,"LBP 90,000,000",90000000.0,lbp,lbp,5% of the outstanding balance,5.0,"LBP 82,000,000",82000000.0,0,1,1.0,loan_section_key_value,0,,"Reason: Credit Card
Source: Bank Of Beirut
Mortgaged Asset: None
Start Date: 2020-01-01
End Date: 2025-12-31
Total Amount: LBP 90,000,000
Monthly Payment: 5% of the outstanding balance
Remaining Balance: LBP 82,000,000
Remaining Years: 1"
Export,2314,202610,Undergraduate,denied,International School Choueifat: Dubai,1,1,1,education,bank,none,2024-02-24,2027-04-24,$100000,100000.0,usd,usd,$2500,2500.0,"$81,000",81000.0,0,3,3.0,loan_section_key_value,0,,"Reason: education
Source: bank
Mortgaged Asset: none
Start Date: 2024-02-24
End Date: 2027-04-24
Total Amount: $100000
Monthly Payment: $2500
Remaining Balance: $81,000
Remaining Years: 3"
Export,2314,202610,Undergraduate,denied,International School Choueifat: Dubai,1,1,2,car,bank,none,2023-10-17,2027-09-10,"$30,000",30000.0,usd,usd,550$,550.0,"$85,000",85000.0,0,3,3.0,loan_section_key_value,0,,"Reason: car
Source: bank
Mortgaged Asset: none
Start Date: 2023-10-17
End Date: 2027-09-10
Total Amount: $30,000
Monthly Payment: 550$
Remaining Balance: $85,000
Remaining Years: 3"
Export,2321,202610,Undergraduate,awarded,"Greenfield College, Bir Hassan",0,0,1,House,SGBL Bank,House,2012-02-01,2037-01-31,2509,2509.0,,unknown,18.5,18.5,370,370.0,0,12,12.0,loan_section_key_value,0,,"Reason: House
Source: SGBL Bank
Mortgaged Asset: House
Start Date: 2012-02-01
End Date: 2037-01-31
Total Amount: 2509
Monthly Payment: 18.5
Remaining Balance: 370
Remaining Years: 12"
Export,2326,202710,Undergraduate,denied,"Beirut Annuciation Orthodox College (BAC), Achrafieh",0,0,1,House Loan,BLF,contract,2017-06-05,2027-05-05,15386,15386.0,,unknown,20,20.0,600,600.0,0,2,2.0,loan_section_key_value,0,,"Reason: House Loan
Source: BLF
Mortgaged Asset: contract
Start Date: 2017-06-05
End Date: 2027-05-05
Total Amount: 15386
Monthly Payment: 20
Remaining Balance: 600
Remaining Years: 2"
Export,2329,202710,Undergraduate,,"Lycee Montaigne, Beit Chabab",1,1,1,Home rent,Bank Audi,0,2025-10-28,2027-03-28,9519$,9519.0,usd,usd,528.84,528.84,8461.32,8461.32,0,1 year 4 months,4.0,loan_section_key_value,0,,"Reason: Home rent
Source: Bank Audi
Mortgaged Asset: 0
Start Date: 2025-10-28
End Date: 2027-03-28
Total Amount: 9519$
Monthly Payment: 528.84
Remaining Balance: 8461.32
Remaining Years: 1 year 4 months"
Export,2352,202711,Undergraduate,denied,College Notre Dame des Soeurs Antonines,1,1,1,To open a new pharmacy and buy new stock after the previous pharmacy was bombed,My aunt Samira Kazan,NA,2025-06-01,2028-06-01,11000 $,11000.0,usd,usd,0,0.0,"11,000$",11000.0,0,"the borrower isn't pressuring us for a repayment currently, and my father isn't able to pay her back now. She is okay with him paying back when he can. Please inform me by email if you need Samira Kazan to sign a paper stating what I just said.",,loan_section_key_value,1,remaining_years_unparsed,"Reason: To open a new pharmacy and buy new stock after the previous pharmacy was bombed
Source: My aunt Samira Kazan
Mortgaged Asset: NA
Start Date: 2025-06-01
End Date: 2028-06-01
Total Amount: 11000 $
Monthly Payment: 0
Remaining Balance: 11,000$
Remaining Years: the borrower isn't pressuring us for a repayment currently, and my father isn't able to pay her back now. She is okay with him paying back when he can. Please inform me by email if you need Samira Kazan to sign a paper stating what I just said."
Export,2352,202711,Undergraduate,denied,College Notre Dame des Soeurs Antonines,1,1,2,To open a new pharmacy and buy new stock after the previous pharmacy was bombed,My aunt (father's sister),NA,2025-05-01,2028-05-01,"5,500 $",5500.0,usd,usd,0,0.0,"5,500 $",5500.0,0,"the borrower isn't pressuring us for a repayment currently, and my father isn't able to pay her back now. She is okay with him paying back when he can. Please inform me by email if you need Hidyan Berro to sign a paper stating what I just said.",,loan_section_key_value,1,remaining_years_unparsed,"Reason: To open a new pharmacy and buy new stock after the previous pharmacy was bombed
Source: My aunt (father's sister)
Mortgaged Asset: NA
Start Date: 2025-05-01
End Date: 2028-05-01
Total Amount: 5,500 $
Monthly Payment: 0
Remaining Balance: 5,500 $
Remaining Years: the borrower isn't pressuring us for a repayment currently, and my father isn't able to pay her back now. She is okay with him paying back when he can. Please inform me by email if you need Hidyan Berro to sign a paper stating what I just said."
Export,2353,202610,Undergraduate,denied,"College Notre Dame de Jamhour, Baabda",1,3,1,housing loan,Bankmed,the house,2012-05-10,2027-05-10,"LBP 900,900,000",900900000.0,lbp,lbp,"LBP 5,000,000 + Annual LBP 30,000,000",5000000.0,"LBP 180,000,000",180000000.0,0,2 years,2.0,loan_section_key_value,0,,"Reason: housing loan
Source: Bankmed
Mortgaged Asset: the house
Start Date: 2012-05-10
End Date: 2027-05-10
Total Amount: LBP 900,900,000
Monthly Payment: LBP 5,000,000 + Annual LBP 30,000,000
Remaining Balance: LBP 180,000,000
Remaining Years: 2 years"
Export,2353,202610,Undergraduate,denied,"College Notre Dame de Jamhour, Baabda",1,3,2,buying an office,Banque societe generale,the office,2016-07-31,2031-07-31,"LBP 300,000,000",300000000.0,lbp,lbp,"LBP 2,500,000",2500000.0,"LBP 161,000,000",161000000.0,0,6,6.0,loan_section_key_value,0,,"Reason: buying an office
Source: Banque societe generale
Mortgaged Asset: the office
Start Date: 2016-07-31
End Date: 2031-07-31
Total Amount: LBP 300,000,000
Monthly Payment: LBP 2,500,000
Remaining Balance: LBP 161,000,000
Remaining Years: 6"
Export,2361,202610,Undergraduate,awarded,"National Protestant College, Kfarshima",0,0,1,personal reason,ISF,the loan does not involve a mortgaged aaset,2022-04-01,2026-04-01,30856000L.L,,lbp,lbp,700000L.L,,11900000L.L,,0,1 year and 5 months,5.0,loan_section_key_value,1,total_amount_unparsed; monthly_payment_unparsed; remaining_balance_unparsed,"Reason: personal reason
Source: ISF
Mortgaged Asset: the loan does not involve a mortgaged aaset
Start Date: 2022-04-01
End Date: 2026-04-01
Total Amount: 30856000L.L
Monthly Payment: 700000L.L
Remaining Balance: 11900000L.L
Remaining Years: 1 year and 5 months"
Export,2381,202710,Undergraduate,,"Lycee Franco Libanais, Nahr Ibrahim",1,1,1,housing,Bank,appartment,2002-11-11,2027-11-20,"81,000,000LL",81000.0,lbp,lbp,5,5.0,3000,3000.0,0,2,2.0,loan_section_key_value,0,,"Reason: housing
Source: Bank
Mortgaged Asset: appartment
Start Date: 2002-11-11
End Date: 2027-11-20
Total Amount: 81,000,000LL
Monthly Payment: 5
Remaining Balance: 3000
Remaining Years: 2"
Export,2383,202610,Undergraduate,awarded,"Amjad School, Choueifat",1,2,1,Housing Loan,Banque De L'Habitat,Apartment,2016-03-05,2042-03-05,258000000,258000000.0,,likely_lbp_unmarked,1500000,1500000.0,190000000,190000000.0,0,18,18.0,loan_section_key_value,0,,"Reason: Housing Loan
Source: Banque De L'Habitat
Mortgaged Asset: Apartment
Start Date: 2016-03-05
End Date: 2042-03-05
Total Amount: 258000000
Monthly Payment: 1500000
Remaining Balance: 190000000
Remaining Years: 18"
Export,2420,202710,Undergraduate,awarded,"Melankon and Haig Arslanian College, Antelias",0,0,1,Appartment,Fransabank,Public Corporation of Housing (Iskan),2005-11-26,2035-12-12,"68,700,000 L.L.",68700000.0,lbp,lbp,"193,000 L.L.",193000.0,"20,265,000 L.L.",20265000.0,0,10,10.0,loan_section_key_value,0,,"Reason: Appartment
Source: Fransabank
Mortgaged Asset: Public Corporation of Housing (Iskan)
Start Date: 2005-11-26
End Date: 2035-12-12
Total Amount: 68,700,000 L.L.
Monthly Payment: 193,000 L.L.
Remaining Balance: 20,265,000 L.L.
Remaining Years: 10"
Export,2424,202610,Undergraduate,awarded,"Saint Joseph School Cornet Shehwan, Cornet Chahwan",0,0,1,Brother's university tuition,Societe Generale,has a sponsor,2022-10-01,2031-09-30,35000 Euros,35000.0,,unknown,510 Euro,510.0,35000,35000.0,0,7,7.0,loan_section_key_value,0,,"Reason: Brother's university tuition
Source: Societe Generale
Mortgaged Asset: has a sponsor
Start Date: 2022-10-01
End Date: 2031-09-30
Total Amount: 35000 Euros
Monthly Payment: 510 Euro
Remaining Balance: 35000
Remaining Years: 7"
Export,2438,202610,Professional,denied,,1,2,1,شراء بيت,National bank of kuwait,none (from my salary and indemnity),2021-03-18,2031-03-01,50000 KWD,50000.0,,unknown,524.786 KWD,524.786,32974.860 KWD,32974.86,0,6,6.0,loan_section_key_value,0,,"Reason: شراء بيت
Source: National bank of kuwait
Mortgaged Asset: none (from my salary and indemnity)
Start Date: 2021-03-18
End Date: 2031-03-01
Total Amount: 50000 KWD
Monthly Payment: 524.786 KWD
Remaining Balance: 32974.860 KWD
Remaining Years: 6"
Export,2438,202610,Professional,denied,,1,2,2,house renovation and miscellaneous,National bank of kuwait,none (from my salary and indemnity),2021-12-09,2031-12-01,19000 KWD,19000.0,,unknown,198.327 KWD,198.327,13741.446 KWD,13741.446,0,6,6.0,loan_section_key_value,0,,"Reason: house renovation and miscellaneous
Source: National bank of kuwait
Mortgaged Asset: none (from my salary and indemnity)
Start Date: 2021-12-09
End Date: 2031-12-01
Total Amount: 19000 KWD
Monthly Payment: 198.327 KWD
Remaining Balance: 13741.446 KWD
Remaining Years: 6"
Export,2438,202610,Professional,denied,,1,2,3,to buy a car,National bank of kuwait,none (from my salary and indemnity),2022-03-01,2027-01-01,14000 KWD,14000.0,,unknown,266.995 KWD,266.995,5584.077 KWD,5584.077,0,2,2.0,loan_section_key_value,0,,"Reason: to buy a car
Source: National bank of kuwait
Mortgaged Asset: none (from my salary and indemnity)
Start Date: 2022-03-01
End Date: 2027-01-01
Total Amount: 14000 KWD
Monthly Payment: 266.995 KWD
Remaining Balance: 5584.077 KWD
Remaining Years: 2"
Export,2445,202610,Undergraduate,awarded,Universal College - Aley,0,0,1,indemnity,banque du Liban,job compensation,2017-05-10,2029-12-31,364,364.0,,unknown,"not monthly, once from job compensation",,364,364.0,0,5 years,5.0,loan_section_key_value,1,monthly_payment_unparsed,"Reason: indemnity
Source: banque du Liban
Mortgaged Asset: job compensation
Start Date: 2017-05-10
End Date: 2029-12-31
Total Amount: 364
Monthly Payment: not monthly, once from job compensation
Remaining Balance: 364
Remaining Years: 5 years"
Export,2445,202610,Undergraduate,awarded,Universal College - Aley,0,0,2,housing,banque du liban,apartment,2013-06-06,2029-12-31,3432,3432.0,,unknown,11,11.0,820,820.0,0,5,5.0,loan_section_key_value,0,,"Reason: housing
Source: banque du liban
Mortgaged Asset: apartment
Start Date: 2013-06-06
End Date: 2029-12-31
Total Amount: 3432
Monthly Payment: 11
Remaining Balance: 820
Remaining Years: 5"
Export,2445,202610,Undergraduate,awarded,Universal College - Aley,0,0,3,credit card,banque du liban,job compensation,2005-03-16,2029-12-31,1173,1173.0,,unknown,"not monthly, once deducted from job compensation",,1173,1173.0,0,5,5.0,loan_section_key_value,1,monthly_payment_unparsed,"Reason: credit card
Source: banque du liban
Mortgaged Asset: job compensation
Start Date: 2005-03-16
End Date: 2029-12-31
Total Amount: 1173
Monthly Payment: not monthly, once deducted from job compensation
Remaining Balance: 1173
Remaining Years: 5"
Export,2445,202610,Undergraduate,awarded,Universal College - Aley,0,0,4,social,banque du liban,job compensation,2017-03-01,2027-03-01,280,280.0,,unknown,4.6,4.6,80,80.0,0,5,5.0,loan_section_key_value,0,,"Reason: social
Source: banque du liban
Mortgaged Asset: job compensation
Start Date: 2017-03-01
End Date: 2027-03-01
Total Amount: 280
Monthly Payment: 4.6
Remaining Balance: 80
Remaining Years: 5"
Export,2447,202610,Undergraduate,awarded,"Al Iman Al Hadisa School, Saida",1,2,1,Apartment,SGBL,Same apartment,2016-03-16,2041-01-15,"196,000,000 L.L",196000000.0,lbp,lbp,"700,000 L.L",700000.0,"134,400,000 L.L",134400000.0,0,16,16.0,loan_section_key_value,0,,"Reason: Apartment
Source: SGBL
Mortgaged Asset: Same apartment
Start Date: 2016-03-16
End Date: 2041-01-15
Total Amount: 196,000,000 L.L
Monthly Payment: 700,000 L.L
Remaining Balance: 134,400,000 L.L
Remaining Years: 16"
Export,2453,202610,Undergraduate,awarded,"Christian Teaching Institute (CTI), Sin El Fil Maten",0,0,1,Schooling Loan,Jacob Rothman,nothing,2019-01-01,2030-12-30,30000,30000.0,,unknown,0,0.0,30000 and increasing,30000.0,0,5,5.0,loan_section_key_value,0,,"Reason: Schooling Loan
Source: Jacob Rothman
Mortgaged Asset: nothing
Start Date: 2019-01-01
End Date: 2030-12-30
Total Amount: 30000
Monthly Payment: 0
Remaining Balance: 30000 and increasing
Remaining Years: 5"
Export,2457,202610,Undergraduate,awarded,"Saint Mary's Orthodox College (SMOC), Beirut",0,0,1,House Loan,MEAB,House,2016-05-21,2023-10-31,154000,154000.0,,unknown,1500,1500.0,300,300.0,0,0,0.0,loan_section_key_value,0,,"Reason: House Loan
Source: MEAB
Mortgaged Asset: House
Start Date: 2016-05-21
End Date: 2023-10-31
Total Amount: 154000
Monthly Payment: 1500
Remaining Balance: 300
Remaining Years: 0"
Export,2459,202610,Undergraduate,awarded,Antonine Sisters School - Mar Elias Ghazir,0,0,1,Education,Bank Audi,Money,2026-07-02,2029-07-02,"21,727.52",21727.52,,unknown,586.89,586.89,"21,727.52",21727.52,0,3,3.0,loan_section_key_value,0,,"Reason: Education
Source: Bank Audi
Mortgaged Asset: Money
Start Date: 2026-07-02
End Date: 2029-07-02
Total Amount: 21,727.52
Monthly Payment: 586.89
Remaining Balance: 21,727.52
Remaining Years: 3"
Export,2464,202510,Graduate,denied,,1,2,1,University fees,Lebanese American University,Tuition,2024-03-05,2024-12-31,3848,3848.0,,unknown,350,350.0,2468,2468.0,0,1,1.0,loan_section_key_value,0,,"Reason: University fees
Source: Lebanese American University
Mortgaged Asset: Tuition
Start Date: 2024-03-05
End Date: 2024-12-31
Total Amount: 3848
Monthly Payment: 350
Remaining Balance: 2468
Remaining Years: 1"
Export,2474,202710,Undergraduate,,"Al Hidaya High School, Bchamoun",1,1,1,Lau Tuition Fees,LAU,NA,2024-09-15,2026-06-01,"2,087",2087.0,,unknown,NA,,"2,087",2087.0,0,0.5,0.5,loan_section_key_value,1,monthly_payment_unparsed,"Reason: Lau Tuition Fees
Source: LAU
Mortgaged Asset: NA
Start Date: 2024-09-15
End Date: 2026-06-01
Total Amount: 2,087
Monthly Payment: NA
Remaining Balance: 2,087
Remaining Years: 0.5"
Export,2474,202710,Undergraduate,,"Al Hidaya High School, Bchamoun",1,1,2,Lau Tuition Fees,Distant Relative,na,2024-03-19,2027-06-01,"3,500",3500.0,,unknown,na,,"3,500",3500.0,0,Starts upon graduation,,loan_section_key_value,1,monthly_payment_unparsed; remaining_years_unparsed,"Reason: Lau Tuition Fees
Source: Distant Relative
Mortgaged Asset: na
Start Date: 2024-03-19
End Date: 2027-06-01
Total Amount: 3,500
Monthly Payment: na
Remaining Balance: 3,500
Remaining Years: Starts upon graduation"
Export,2483,202710,Undergraduate,denied,Antonine Sisters School - Mar Elias Ghazir,1,3,1,Housing loan,Credit libanais sal,Apartment 1644 block b,2011-10-08,2039-10-08,"Lbp 300,000,000",300000000.0,lbp,lbp,"Lbp 1,755,000",1755000.0,"Lbp 216,000,000",216000000.0,0,14 years,14.0,loan_section_key_value,0,,"Reason: Housing loan
Source: Credit libanais sal
Mortgaged Asset: Apartment 1644 block b
Start Date: 2011-10-08
End Date: 2039-10-08
Total Amount: Lbp 300,000,000
Monthly Payment: Lbp 1,755,000
Remaining Balance: Lbp 216,000,000
Remaining Years: 14 years"
Export,2483,202710,Undergraduate,denied,Antonine Sisters School - Mar Elias Ghazir,1,3,2,Personal,Cfc,None,2025-06-04,2026-12-04,Usd 6000,6000.0,usd,usd,Usd 420,420.0,Usd 5500,5500.0,0,1.3,1.3,loan_section_key_value,0,,"Reason: Personal
Source: Cfc
Mortgaged Asset: None
Start Date: 2025-06-04
End Date: 2026-12-04
Total Amount: Usd 6000
Monthly Payment: Usd 420
Remaining Balance: Usd 5500
Remaining Years: 1.3"
Export,2500,202710,Undergraduate,denied,"Antonine International School (AIS), Ajaltoun",0,0,1,Personal Loan/RESTORATION OF OUR OLD HOUSE,Emirates NBD,salary,2025-03-26,2028-02-26,"245,000 $ ( 900,000 AED )",245000.0,usd,usd,"7,395 $ ( 27,173 AED )",7395.0,"198,263 $ ( 728,619.44 AED )",198263.0,0,2.33 years,2.33,loan_section_key_value,0,,"Reason: Personal Loan/RESTORATION OF OUR OLD HOUSE
Source: Emirates NBD
Mortgaged Asset: salary
Start Date: 2025-03-26
End Date: 2028-02-26
Total Amount: 245,000 $ ( 900,000 AED )
Monthly Payment: 7,395 $ ( 27,173 AED )
Remaining Balance: 198,263 $ ( 728,619.44 AED )
Remaining Years: 2.33 years"
Export,2500,202710,Undergraduate,denied,"Antonine International School (AIS), Ajaltoun",0,0,2,Car Loan ( Toyota Land Cruiser ),Emirates NBD,The car ( Toyota Land Cruiser ),2021-09-27,2026-08-27,"60,900 $ ( 223,808 AED )",60900.0,usd,usd,"1,116 $ (4 101AED)",1116.0,"11,159 $ (41,009.84 AED )",11159.0,0,0.83 years ( 10 Months ),10.0,loan_section_key_value,0,,"Reason: Car Loan ( Toyota Land Cruiser )
Source: Emirates NBD
Mortgaged Asset: The car ( Toyota Land Cruiser )
Start Date: 2021-09-27
End Date: 2026-08-27
Total Amount: 60,900 $ ( 223,808 AED )
Monthly Payment: 1,116 $ (4 101AED)
Remaining Balance: 11,159 $ (41,009.84 AED )
Remaining Years: 0.83 years ( 10 Months )"
Export,2521,202710,Undergraduate,awarded,"College des Soeurs du Rosaire, Mansourieh",0,0,1,house loan,BLC bank,House,2010-08-01,2040-08-01,150000000L.L.,,lbp,lbp,915000L.L.,,70000000L.L. (interest),,0,15,15.0,loan_section_key_value,1,total_amount_unparsed; monthly_payment_unparsed; remaining_balance_unparsed,"Reason: house loan
Source: BLC bank
Mortgaged Asset: House
Start Date: 2010-08-01
End Date: 2040-08-01
Total Amount: 150000000L.L.
Monthly Payment: 915000L.L.
Remaining Balance: 70000000L.L. (interest)
Remaining Years: 15"
Export,2556,202510,Undergraduate,awarded,"Ecole des Filles de la Charite, Clemeceau",0,0,1,Buying a house,المؤسسة العامة للاسكان,A house,2016-10-05,2043-10-05,170 000 000L.L,170.0,lbp,lbp,956000L.L,,100 000 000L.L,100.0,0,20,20.0,loan_section_key_value,1,monthly_payment_unparsed,"Reason: Buying a house
Source: المؤسسة العامة للاسكان
Mortgaged Asset: A house
Start Date: 2016-10-05
End Date: 2043-10-05
Total Amount: 170 000 000L.L
Monthly Payment: 956000L.L
Remaining Balance: 100 000 000L.L
Remaining Years: 20"
Export,2570,202610,Undergraduate,awarded,"Greenfield College, Bir Hassan",0,0,1,House,BLC bank,house,2016-11-19,2026-11-19,2458.101,2458.101,,unknown,17.9,17.9,0 (only interest remains which value hasnt been given to us yet),0.0,0,0 (only interest to be paid),0.0,loan_section_key_value,0,,"Reason: House
Source: BLC bank
Mortgaged Asset: house
Start Date: 2016-11-19
End Date: 2026-11-19
Total Amount: 2458.101
Monthly Payment: 17.9
Remaining Balance: 0 (only interest remains which value hasnt been given to us yet)
Remaining Years: 0 (only interest to be paid)"
Export,2597,202610,Undergraduate,awarded,"College Sister Saint Therese Amioun, Amioun",1,1,1,Housing Loan,General Housing Corporation,"A residential apartment on the property 874, section 8, Kfarsaroun real estate area",2011-03-01,,,,,,,,,,0,,,loan_section_key_value,0,,"Reason: Housing Loan
Source: General Housing Corporation
Mortgaged Asset: A residential apartment on the property 874, section 8, Kfarsaroun real estate area
Start Date: 2011-03-01
End Date:
Total Amount:
Monthly Payment:
Remaining Balance:
Remaining Years:"
Export,2602,202710,Undergraduate,denied,"Saint Joseph School Cornet Shehwan, Cornet Chahwan",0,0,1,Personal loan,BNP ParisBas,0,2025-06-04,2032-06-04,35100$,35100.0,usd,usd,350$,350.0,33710$,33710.0,0,7,7.0,loan_section_key_value,0,,"Reason: Personal loan
Source: BNP ParisBas
Mortgaged Asset: 0
Start Date: 2025-06-04
End Date: 2032-06-04
Total Amount: 35100$
Monthly Payment: 350$
Remaining Balance: 33710$
Remaining Years: 7"
Export,2602,202710,Undergraduate,denied,"Saint Joseph School Cornet Shehwan, Cornet Chahwan",0,0,2,Personal loan,BNP parisbas,0,2025-07-04,2032-07-04,23400,23400.0,,unknown,127,127.0,23400,23400.0,0,7,7.0,loan_section_key_value,0,,"Reason: Personal loan
Source: BNP parisbas
Mortgaged Asset: 0
Start Date: 2025-07-04
End Date: 2032-07-04
Total Amount: 23400
Monthly Payment: 127
Remaining Balance: 23400
Remaining Years: 7"
Export,2604,202610,Undergraduate,awarded,"Ecole Des Peres Antonin, Baabda",1,2,1,Housing,Banque De L'Habitat,The Appartment,2017-10-20,2044-10-20,186000000 LBP,186000000.0,lbp,lbp,1131359 LBP,1131359.0,151424000 LBP,151424000.0,0,70,70.0,loan_section_key_value,0,,"Reason: Housing
Source: Banque De L'Habitat
Mortgaged Asset: The Appartment
Start Date: 2017-10-20
End Date: 2044-10-20
Total Amount: 186000000 LBP
Monthly Payment: 1131359 LBP
Remaining Balance: 151424000 LBP
Remaining Years: 70"
Export,2650,202610,Undergraduate,denied,SABIS International School - Adma,1,1,1,Apartment,Iskan,Apartment,2002-04-08,2026-03-03,"174,303,000 LBP",174303000.0,lbp,lbp,406000 LBP,406000.0,"6,735,036",6735036.0,0,17 months,17.0,loan_section_key_value,0,,"Reason: Apartment
Source: Iskan
Mortgaged Asset: Apartment
Start Date: 2002-04-08
End Date: 2026-03-03
Total Amount: 174,303,000 LBP
Monthly Payment: 406000 LBP
Remaining Balance: 6,735,036
Remaining Years: 17 months"
Export,2656,202510,Graduate,awarded,,1,2,1,Personal Loan,Internal Security Forces,Not Applicable,2022-05-01,2026-05-01,48 000 000 lbp,48.0,lbp,lbp,1 000 000 lbp,1.0,24 000 000,24.0,0,2 years,2.0,loan_section_key_value,0,,"Reason: Personal Loan
Source: Internal Security Forces
Mortgaged Asset: Not Applicable
Start Date: 2022-05-01
End Date: 2026-05-01
Total Amount: 48 000 000 lbp
Monthly Payment: 1 000 000 lbp
Remaining Balance: 24 000 000
Remaining Years: 2 years"
Export,2685,202710,Undergraduate,denied,"Al Kawthar School, Bir Hassan",0,0,1,Advance on indemnity/ to pay university tuitions/ planning ahead of university start/ was locked at bank Audi after crisis,Banque du Liban / Employer,End of Service Indemnity,2019-04-25,2037-12-31,514,514.0,,unknown,0,0.0,514,514.0,0,12,12.0,loan_section_key_value,0,,"Reason: Advance on indemnity/ to pay university tuitions/ planning ahead of university start/ was locked at bank Audi after crisis
Source: Banque du Liban / Employer
Mortgaged Asset: End of Service Indemnity
Start Date: 2019-04-25
End Date: 2037-12-31
Total Amount: 514
Monthly Payment: 0
Remaining Balance: 514
Remaining Years: 12"
Export,2685,202710,Undergraduate,denied,"Al Kawthar School, Bir Hassan",0,0,2,Housing,Banque du Liban,Apartment,2002-10-03,2027-10-04,2197,2197.0,,unknown,8.75,8.75,258,258.0,0,2,2.0,loan_section_key_value,0,,"Reason: Housing
Source: Banque du Liban
Mortgaged Asset: Apartment
Start Date: 2002-10-03
End Date: 2027-10-04
Total Amount: 2197
Monthly Payment: 8.75
Remaining Balance: 258
Remaining Years: 2"
Export,2685,202710,Undergraduate,denied,"Al Kawthar School, Bir Hassan",0,0,3,"Credit Card, drawn gradually, buying a car and school tuitions at ""CPF"" as father did not work",Banque du Liban,End of Service Indemnity,2007-10-16,2037-12-31,1185,1185.0,,unknown,0,0.0,1185,1185.0,0,12,12.0,loan_section_key_value,0,,"Reason: Credit Card, drawn gradually, buying a car and school tuitions at ""CPF"" as father did not work
Source: Banque du Liban
Mortgaged Asset: End of Service Indemnity
Start Date: 2007-10-16
End Date: 2037-12-31
Total Amount: 1185
Monthly Payment: 0
Remaining Balance: 1185
Remaining Years: 12"
Export,2685,202710,Undergraduate,denied,"Al Kawthar School, Bir Hassan",0,0,4,Social loan/ Various house needs,Banque du Liban,None,2017-07-19,2027-07-01,294,294.0,,unknown,1.8,1.8,54,54.0,0,12,12.0,loan_section_key_value,0,,"Reason: Social loan/ Various house needs
Source: Banque du Liban
Mortgaged Asset: None
Start Date: 2017-07-19
End Date: 2027-07-01
Total Amount: 294
Monthly Payment: 1.8
Remaining Balance: 54
Remaining Years: 12"
Export,2685,202710,Undergraduate,denied,"Al Kawthar School, Bir Hassan",0,0,5,"2 loans one (1 yr, 3 yrs) To cover part of university tuition fees",Banque du Liban Employees' COOP,Direct Deduction from Salary,2025-08-26,2028-10-01,4180,4180.0,,unknown,170,170.0,4180,4180.0,0,3,3.0,loan_section_key_value,0,,"Reason: 2 loans one (1 yr, 3 yrs) To cover part of university tuition fees
Source: Banque du Liban Employees' COOP
Mortgaged Asset: Direct Deduction from Salary
Start Date: 2025-08-26
End Date: 2028-10-01
Total Amount: 4180
Monthly Payment: 170
Remaining Balance: 4180
Remaining Years: 3"
Export,2688,202510,Graduate,denied,,1,2,1,Consumer Loan,National Bank of Kuwait,0,2019-03-25,2024-09-01,"$3,000.00",3000.0,usd,usd,$58.98,58.98,$169.79,169.79,0,0,0.0,loan_section_key_value,0,,"Reason: Consumer Loan
Source: National Bank of Kuwait
Mortgaged Asset: 0
Start Date: 2019-03-25
End Date: 2024-09-01
Total Amount: $3,000.00
Monthly Payment: $58.98
Remaining Balance: $169.79
Remaining Years: 0"
Export,2688,202510,Graduate,denied,,1,2,2,Consumer Loan,National Bank of Kuwait,0,2019-06-18,2024-12-01,"$4,500.00",4500.0,usd,usd,$87.04,87.04,$505.09,505.09,0,0,0.0,loan_section_key_value,0,,"Reason: Consumer Loan
Source: National Bank of Kuwait
Mortgaged Asset: 0
Start Date: 2019-06-18
End Date: 2024-12-01
Total Amount: $4,500.00
Monthly Payment: $87.04
Remaining Balance: $505.09
Remaining Years: 0"
Export,2688,202510,Graduate,denied,,1,2,3,Consumer Loan,National Bank of Kuwait,0,2019-11-20,2025-05-01,"$12,000.00",12000.0,usd,usd,$235.00,235.0,"$2,500.23",2500.23,0,1,1.0,loan_section_key_value,0,,"Reason: Consumer Loan
Source: National Bank of Kuwait
Mortgaged Asset: 0
Start Date: 2019-11-20
End Date: 2025-05-01
Total Amount: $12,000.00
Monthly Payment: $235.00
Remaining Balance: $2,500.23
Remaining Years: 1"
Export,2688,202510,Graduate,denied,,1,2,4,Consumer Loan,National Bank of Kuwait,0,2020-02-24,2025-08-01,"$4,500.00",4500.0,usd,usd,$88.09,88.09,"$1,184.34",1184.34,0,1,1.0,loan_section_key_value,0,,"Reason: Consumer Loan
Source: National Bank of Kuwait
Mortgaged Asset: 0
Start Date: 2020-02-24
End Date: 2025-08-01
Total Amount: $4,500.00
Monthly Payment: $88.09
Remaining Balance: $1,184.34
Remaining Years: 1"
Export,2688,202510,Graduate,denied,,1,2,5,Housing Loan,National Bank of Kuwait,0,2021-08-18,2028-08-01,"$9,000.00",9000.0,usd,usd,$125.64,125.64,"$5,688.60",5688.6,0,4,4.0,loan_section_key_value,0,,"Reason: Housing Loan
Source: National Bank of Kuwait
Mortgaged Asset: 0
Start Date: 2021-08-18
End Date: 2028-08-01
Total Amount: $9,000.00
Monthly Payment: $125.64
Remaining Balance: $5,688.60
Remaining Years: 4"
Export,2696,202510,Undergraduate,awarded,"National Protestant College, Kfarshima",1,1,1,Car Purchase,Byblos Bank,Car,2015-09-09,2020-09-09,15 761 $,15.0,usd,usd,314 $,314.0,7 222 $,7.0,0,4,4.0,loan_section_key_value,0,,"Reason: Car Purchase
Source: Byblos Bank
Mortgaged Asset: Car
Start Date: 2015-09-09
End Date: 2020-09-09
Total Amount: 15 761 $
Monthly Payment: 314 $
Remaining Balance: 7 222 $
Remaining Years: 4"
Export,2696,202510,Undergraduate,awarded,"National Protestant College, Kfarshima",1,1,2,House Purchase,Public Corporation for Housing through Fransabank,House,2003-10-24,2027-10-24,58 000 000 LBP,58.0,lbp,lbp,402 778 LBP,402.0,47 352 972 LBP,47.0,0,4,4.0,loan_section_key_value,0,,"Reason: House Purchase
Source: Public Corporation for Housing through Fransabank
Mortgaged Asset: House
Start Date: 2003-10-24
End Date: 2027-10-24
Total Amount: 58 000 000 LBP
Monthly Payment: 402 778 LBP
Remaining Balance: 47 352 972 LBP
Remaining Years: 4"
Export,2702,202610,Undergraduate,denied,"Ecole des Filles de la Charite, Clemeceau",0,0,1,"usj loan for univrsity studies, (dentistry) (For 5 years) 2029/2034",Usj financial aid,none,2029-08-01,2030-01-01,1650 $,1650.0,usd,usd,275$,275.0,1650$,1650.0,0,5,5.0,loan_section_key_value,0,,"Reason: usj loan for univrsity studies, (dentistry) (For 5 years) 2029/2034
Source: Usj financial aid
Mortgaged Asset: none
Start Date: 2029-08-01
End Date: 2030-01-01
Total Amount: 1650 $
Monthly Payment: 275$
Remaining Balance: 1650$
Remaining Years: 5"
Export,2705,202510,Graduate,denied,,1,2,1,House Loan,Bank Audi,House,2017-05-02,2029-05-02,"84,000,000 LBP",84000000.0,lbp,lbp,"583,333 LBP",583333.0,"35,000,000",35000000.0,0,5,5.0,loan_section_key_value,0,,"Reason: House Loan
Source: Bank Audi
Mortgaged Asset: House
Start Date: 2017-05-02
End Date: 2029-05-02
Total Amount: 84,000,000 LBP
Monthly Payment: 583,333 LBP
Remaining Balance: 35,000,000
Remaining Years: 5"
Export,2714,202711,Professional,denied,,1,2,1,Education and family support,Bank ADCB,0,2025-11-11,2029-05-02,108902,108902.0,,unknown,3156,3156.0,108902,108902.0,0,3,3.0,loan_section_key_value,0,,"Reason: Education and family support
Source: Bank ADCB
Mortgaged Asset: 0
Start Date: 2025-11-11
End Date: 2029-05-02
Total Amount: 108902
Monthly Payment: 3156
Remaining Balance: 108902
Remaining Years: 3"
Export,2716,202610,Undergraduate,awarded,"International College (IC), Beirut",0,0,1,school tuition,onemainfinancial,N/A,2023-09-01,2028-09-01,"13,000",13000.0,,unknown,473,473.0,"12,101.21",12101.21,0,"3 years, 11 months",11.0,loan_section_key_value,0,,"Reason: school tuition
Source: onemainfinancial
Mortgaged Asset: N/A
Start Date: 2023-09-01
End Date: 2028-09-01
Total Amount: 13,000
Monthly Payment: 473
Remaining Balance: 12,101.21
Remaining Years: 3 years, 11 months"
Export,2716,202610,Undergraduate,awarded,"International College (IC), Beirut",0,0,2,school tuition,Lendmarkfinancial,N/A,2024-05-25,2029-05-25,"5,000",5000.0,,unknown,222,222.0,"4,632",4632.0,0,"4 years, 6 months",6.0,loan_section_key_value,0,,"Reason: school tuition
Source: Lendmarkfinancial
Mortgaged Asset: N/A
Start Date: 2024-05-25
End Date: 2029-05-25
Total Amount: 5,000
Monthly Payment: 222
Remaining Balance: 4,632
Remaining Years: 4 years, 6 months"
Export,2729,202610,Undergraduate,awarded,"Beirut Babptist School (BBS), Mouseitbeh",0,0,1,Needed money,Sharjah Islamic Bank,none,2024-05-24,2028-06-28,135307,135307.0,,unknown,3488,3488.0,135307,135307.0,0,3,3.0,loan_section_key_value,0,,"Reason: Needed money
Source: Sharjah Islamic Bank
Mortgaged Asset: none
Start Date: 2024-05-24
End Date: 2028-06-28
Total Amount: 135307
Monthly Payment: 3488
Remaining Balance: 135307
Remaining Years: 3"
Export,2729,202610,Undergraduate,awarded,"Beirut Babptist School (BBS), Mouseitbeh",0,0,2,Needed money,Credit card loan,none,2024-06-15,2026-06-15,11945,11945.0,,unknown,548,548.0,11945,11945.0,0,1,1.0,loan_section_key_value,0,,"Reason: Needed money
Source: Credit card loan
Mortgaged Asset: none
Start Date: 2024-06-15
End Date: 2026-06-15
Total Amount: 11945
Monthly Payment: 548
Remaining Balance: 11945
Remaining Years: 1"
Export,2729,202610,Undergraduate,awarded,"Beirut Babptist School (BBS), Mouseitbeh",0,0,3,Needed money,Credit card loan,none,2023-04-10,2025-07-10,1643,1643.0,,unknown,273,273.0,1643,1643.0,0,0,0.0,loan_section_key_value,0,,"Reason: Needed money
Source: Credit card loan
Mortgaged Asset: none
Start Date: 2023-04-10
End Date: 2025-07-10
Total Amount: 1643
Monthly Payment: 273
Remaining Balance: 1643
Remaining Years: 0"
Export,2734,202610,Undergraduate,awarded,Collège Saint Joseph Antoura,0,0,1,Housing,Bank,Housing,2018-03-01,2043-03-01,"4,616",4616.0,,unknown,22,22.0,4000,4000.0,0,19,19.0,loan_section_key_value,0,,"Reason: Housing
Source: Bank
Mortgaged Asset: Housing
Start Date: 2018-03-01
End Date: 2043-03-01
Total Amount: 4,616
Monthly Payment: 22
Remaining Balance: 4000
Remaining Years: 19"
Export,2740,202520,Graduate,denied,,1,2,1,Buying a House,Lebanese Canadian Bank,House,2010-03-31,2024-12-31,300000 $,300000.0,usd,usd,2211 $,2211.0,79596 $ + Interest,79596.0,0,4,4.0,loan_section_key_value,0,,"Reason: Buying a House
Source: Lebanese Canadian Bank
Mortgaged Asset: House
Start Date: 2010-03-31
End Date: 2024-12-31
Total Amount: 300000 $
Monthly Payment: 2211 $
Remaining Balance: 79596 $ + Interest
Remaining Years: 4"
Export,2740,202520,Graduate,denied,,1,2,2,Buy an Office,BLC Bank,Office,2014-08-01,2021-07-31,900000 $,900000.0,usd,usd,13770 $,13770.0,262381.95 $ + Interest,262381.95,0,2,2.0,loan_section_key_value,0,,"Reason: Buy an Office
Source: BLC Bank
Mortgaged Asset: Office
Start Date: 2014-08-01
End Date: 2021-07-31
Total Amount: 900000 $
Monthly Payment: 13770 $
Remaining Balance: 262381.95 $ + Interest
Remaining Years: 2"
Export,2740,202520,Graduate,denied,,1,2,3,Buy an Appartment,BLC Bank,Appartment,2015-07-22,2022-07-05,430000 $,430000.0,usd,usd,6512 $,6512.0,194104.5 $ + Interest,194104.5,0,3,3.0,loan_section_key_value,0,,"Reason: Buy an Appartment
Source: BLC Bank
Mortgaged Asset: Appartment
Start Date: 2015-07-22
End Date: 2022-07-05
Total Amount: 430000 $
Monthly Payment: 6512 $
Remaining Balance: 194104.5 $ + Interest
Remaining Years: 3"
Export,2746,202710,Undergraduate,awarded,"Shouf National College, Chouf",0,0,1,Buy an apartment,BBAC,0,2015-06-16,2034-05-11,272000000L.L.,,lbp,lbp,1345000L.L.,,145260000L.L.,,0,9,9.0,loan_section_key_value,1,total_amount_unparsed; monthly_payment_unparsed; remaining_balance_unparsed,"Reason: Buy an apartment
Source: BBAC
Mortgaged Asset: 0
Start Date: 2015-06-16
End Date: 2034-05-11
Total Amount: 272000000L.L.
Monthly Payment: 1345000L.L.
Remaining Balance: 145260000L.L.
Remaining Years: 9"
Export,2752,202610,Undergraduate,denied,The International School of Choueifat - Choueifat,0,0,1,To launch a business,My Father's sister,None,2017-03-09,2030-03-09,100000,100000.0,,unknown,Not determined,,100000,100000.0,0,Not determined,,loan_section_key_value,1,monthly_payment_unparsed; remaining_years_unparsed,"Reason: To launch a business
Source: My Father's sister
Mortgaged Asset: None
Start Date: 2017-03-09
End Date: 2030-03-09
Total Amount: 100000
Monthly Payment: Not determined
Remaining Balance: 100000
Remaining Years: Not determined"
Export,2759,202610,Undergraduate,awarded,"College Mariste Champville, Antelias",0,0,1,house loan,بنك الاسكان,apartment,2002-10-03,2026-09-05,53424000 LBP,53424000.0,lbp,lbp,121000LBP,,2924000LBP,,0,almost 2 years,2.0,loan_section_key_value,1,monthly_payment_unparsed; remaining_balance_unparsed,"Reason: house loan
Source: بنك الاسكان
Mortgaged Asset: apartment
Start Date: 2002-10-03
End Date: 2026-09-05
Total Amount: 53424000 LBP
Monthly Payment: 121000LBP
Remaining Balance: 2924000LBP
Remaining Years: almost 2 years"
Export,2801,202710,Undergraduate,denied,Lebanese Evangelical School for Boys and Girls,0,0,1,Housing loan,Blom,House is mortgaged,2013-03-30,2038-03-30,225000,225000.0,,unknown,250$,250.0,83468$,83468.0,0,13 years,13.0,loan_section_key_value,0,,"Reason: Housing loan
Source: Blom
Mortgaged Asset: House is mortgaged
Start Date: 2013-03-30
End Date: 2038-03-30
Total Amount: 225000
Monthly Payment: 250$
Remaining Balance: 83468$
Remaining Years: 13 years"
Export,2805,202610,Undergraduate,awarded,"West Hill College, Kabershmoun",0,0,1,Maintenance,BBAC Bank,House,2012-12-20,2027-12-20,50000000 L.L,50000000.0,lbp,lbp,315000 L.L,315000.0,11500000 L.L,11500000.0,0,3 years,3.0,loan_section_key_value,0,,"Reason: Maintenance
Source: BBAC Bank
Mortgaged Asset: House
Start Date: 2012-12-20
End Date: 2027-12-20
Total Amount: 50000000 L.L
Monthly Payment: 315000 L.L
Remaining Balance: 11500000 L.L
Remaining Years: 3 years"
Export,2822,202710,Undergraduate,denied,"Ahliah School, Wadi Abou Jamil",0,0,1,"To assist with monthly family expenses, school fees and basic needs",Saudi Arabia,Salary,2025-03-10,2030-03-10,"110,000",110000.0,,unknown,2000,2000.0,4500,4500.0,0,Four and a half years,,loan_section_key_value,1,remaining_years_unparsed,"Reason: To assist with monthly family expenses, school fees and basic needs
Source: Saudi Arabia
Mortgaged Asset: Salary
Start Date: 2025-03-10
End Date: 2030-03-10
Total Amount: 110,000
Monthly Payment: 2000
Remaining Balance: 4500
Remaining Years: Four and a half years"
Export,2842,202510,Graduate,awarded,,1,3,1,House Mortgage,المؤسسة العامة للإسكان,House,2002-07-30,2029-08-01,33,33.0,,unknown,3,3.0,209,209.0,0,5,5.0,loan_section_key_value,0,,"Reason: House Mortgage
Source: المؤسسة العامة للإسكان
Mortgaged Asset: House
Start Date: 2002-07-30
End Date: 2029-08-01
Total Amount: 33
Monthly Payment: 3
Remaining Balance: 209
Remaining Years: 5"
Export,2891,202711,Professional,awarded,,1,2,1,Donor scholarship for AUB tuitions,WAAAUB,0,2025-05-31,2028-05-31,4000,4000.0,,unknown,0,0.0,4000,4000.0,0,3,3.0,loan_section_key_value,0,,"Reason: Donor scholarship for AUB tuitions
Source: WAAAUB
Mortgaged Asset: 0
Start Date: 2025-05-31
End Date: 2028-05-31
Total Amount: 4000
Monthly Payment: 0
Remaining Balance: 4000
Remaining Years: 3"
Export,2891,202711,Professional,awarded,,1,2,2,Donor scholarship for AUB tuitions,WAAAUB,0,2026-06-06,2029-06-06,7936,7936.0,,unknown,0,0.0,7936,7936.0,0,3,3.0,loan_section_key_value,0,,"Reason: Donor scholarship for AUB tuitions
Source: WAAAUB
Mortgaged Asset: 0
Start Date: 2026-06-06
End Date: 2029-06-06
Total Amount: 7936
Monthly Payment: 0
Remaining Balance: 7936
Remaining Years: 3"
Export,2892,202610,Undergraduate,awarded,"Saint Mary's Orthodox College (SMOC), Beirut",1,2,1,home loan,bank of beirut,plot # 4622 - 7 Mazraa,2017-04-26,2029-04-26,225000000 lbp,225000000.0,lbp,lbp,1560000 lbp,1560000.0,122347000 lbp,122347000.0,0,5 years,5.0,loan_section_key_value,0,,"Reason: home loan
Source: bank of beirut
Mortgaged Asset: plot # 4622 - 7 Mazraa
Start Date: 2017-04-26
End Date: 2029-04-26
Total Amount: 225000000 lbp
Monthly Payment: 1560000 lbp
Remaining Balance: 122347000 lbp
Remaining Years: 5 years"
Export,2893,202510,Graduate,awarded,,1,2,1,Housing loan,Byblos Bank,Our current Home,2007-04-05,2037-02-05,"85,000,000 LL",85000000.0,lbp,lbp,"542,000 LL",542000.0,"37,000,000 LL",37000000.0,0,15,15.0,loan_section_key_value,0,,"Reason: Housing loan
Source: Byblos Bank
Mortgaged Asset: Our current Home
Start Date: 2007-04-05
End Date: 2037-02-05
Total Amount: 85,000,000 LL
Monthly Payment: 542,000 LL
Remaining Balance: 37,000,000 LL
Remaining Years: 15"
Export,2895,202710,Undergraduate,denied,Lebanese Evangelical School for Boys and Girls,1,2,1,money deficit,Bank,no asset,2024-08-27,2028-09-12,24500$,24500.0,usd,usd,1082$,1082.0,36788$,36788.0,0,3,3.0,loan_section_key_value,0,,"Reason: money deficit
Source: Bank
Mortgaged Asset: no asset
Start Date: 2024-08-27
End Date: 2028-09-12
Total Amount: 24500$
Monthly Payment: 1082$
Remaining Balance: 36788$
Remaining Years: 3"
Export,2895,202710,Undergraduate,denied,Lebanese Evangelical School for Boys and Girls,1,2,2,Shortage of money,Bank,nothing,2025-09-29,2026-08-29,17300$,17300.0,usd,usd,1827$,1827.0,19443,19443.0,0,1,1.0,loan_section_key_value,0,,"Reason: Shortage of money
Source: Bank
Mortgaged Asset: nothing
Start Date: 2025-09-29
End Date: 2026-08-29
Total Amount: 17300$
Monthly Payment: 1827$
Remaining Balance: 19443
Remaining Years: 1"
Export,2904,202610,Undergraduate,denied,"Beirut Evangelical School for Boys and Girls (BESBG), Antelias",0,0,1,Family support,Nbk,320000,2025-05-01,2029-05-01,320000,320000.0,,unknown,7600,7600.0,320000,320000.0,0,4,4.0,loan_section_key_value,0,,"Reason: Family support
Source: Nbk
Mortgaged Asset: 320000
Start Date: 2025-05-01
End Date: 2029-05-01
Total Amount: 320000
Monthly Payment: 7600
Remaining Balance: 320000
Remaining Years: 4"
Export,2905,202611,Professional,awarded,,1,2,1,over draft,central bank,my pension,1997-04-01,2034-12-31,7978,7978.0,,unknown,5,5.0,7978,7978.0,0,10,10.0,loan_section_key_value,0,,"Reason: over draft
Source: central bank
Mortgaged Asset: my pension
Start Date: 1997-04-01
End Date: 2034-12-31
Total Amount: 7978
Monthly Payment: 5
Remaining Balance: 7978
Remaining Years: 10"
Export,2905,202611,Professional,awarded,,1,2,2,over draft,central bank,my pension,2008-07-01,2034-12-31,1173,1173.0,,unknown,0.5,0.5,1173,1173.0,0,10,10.0,loan_section_key_value,0,,"Reason: over draft
Source: central bank
Mortgaged Asset: my pension
Start Date: 2008-07-01
End Date: 2034-12-31
Total Amount: 1173
Monthly Payment: 0.5
Remaining Balance: 1173
Remaining Years: 10"
Export,2905,202611,Professional,awarded,,1,2,3,term loan,Central bank,my pension,2017-07-01,2027-07-01,335,335.0,,unknown,2.2,2.2,90,90.0,0,3,3.0,loan_section_key_value,0,,"Reason: term loan
Source: Central bank
Mortgaged Asset: my pension
Start Date: 2017-07-01
End Date: 2027-07-01
Total Amount: 335
Monthly Payment: 2.2
Remaining Balance: 90
Remaining Years: 3"
Export,2920,202710,Undergraduate,,"College Mariste Champville, Antelias",1,1,1,Housing,Bank,Byblos bank,2014-06-02,2031-05-02,812500,812500.0,,unknown,5023,5023.0,Begining of the law suits since 28/7/2020,17.5,0,Law suits until now,,loan_section_key_value,1,remaining_years_unparsed,"Reason: Housing
Source: Bank
Mortgaged Asset: Byblos bank
Start Date: 2014-06-02
End Date: 2031-05-02
Total Amount: 812500
Monthly Payment: 5023
Remaining Balance: Begining of the law suits since 28/7/2020
Remaining Years: Law suits until now"
Export,2924,202710,Undergraduate,denied,"International College (IC), Beirut",0,0,1,Building House,National Bank of Kuwait (NBK),None,2025-09-01,2030-07-01,142443,142443.0,,unknown,2884,2884.0,139708,139708.0,0,4.7,4.7,loan_section_key_value,0,,"Reason: Building House
Source: National Bank of Kuwait (NBK)
Mortgaged Asset: None
Start Date: 2025-09-01
End Date: 2030-07-01
Total Amount: 142443
Monthly Payment: 2884
Remaining Balance: 139708
Remaining Years: 4.7"
Export,2924,202710,Undergraduate,denied,"International College (IC), Beirut",0,0,2,Building House,National Bank of Kuwait (NBK),None,2025-10-01,2030-08-01,64600,64600.0,,unknown,1310,1310.0,64224,64224.0,0,4.75,4.75,loan_section_key_value,0,,"Reason: Building House
Source: National Bank of Kuwait (NBK)
Mortgaged Asset: None
Start Date: 2025-10-01
End Date: 2030-08-01
Total Amount: 64600
Monthly Payment: 1310
Remaining Balance: 64224
Remaining Years: 4.75"
Export,2932,202710,Undergraduate,denied,"College Protestant Francais (CPF), Koraytem Beirut",1,1,1,Housing Loan,Central Bank of Lebanon,Appartment,2005-10-10,2030-11-01,"189,562,226 LBP",189562226.0,lbp,lbp,"556,523 LBP",556523.0,"48,511,329 LBP",48511329.0,0,5,5.0,loan_section_key_value,0,,"Reason: Housing Loan
Source: Central Bank of Lebanon
Mortgaged Asset: Appartment
Start Date: 2005-10-10
End Date: 2030-11-01
Total Amount: 189,562,226 LBP
Monthly Payment: 556,523 LBP
Remaining Balance: 48,511,329 LBP
Remaining Years: 5"
Export,2932,202710,Undergraduate,denied,"College Protestant Francais (CPF), Koraytem Beirut",1,1,2,Personal Loan,Central Bank of Lebanon,None,2017-07-19,2027-07-01,"25,000,000 LBP",25000000.0,lbp,lbp,"156,250 LBP",156250.0,"4,455,000",4455000.0,0,2,2.0,loan_section_key_value,0,,"Reason: Personal Loan
Source: Central Bank of Lebanon
Mortgaged Asset: None
Start Date: 2017-07-19
End Date: 2027-07-01
Total Amount: 25,000,000 LBP
Monthly Payment: 156,250 LBP
Remaining Balance: 4,455,000
Remaining Years: 2"
Export,2940,202520,Graduate,denied,,1,2,1,Car,Salary,Car,2025-01-05,2030-01-01,80366.99,80366.99,,unknown,1339.45,1339.45,80366.99,80366.99,0,5,5.0,loan_section_key_value,0,,"Reason: Car
Source: Salary
Mortgaged Asset: Car
Start Date: 2025-01-05
End Date: 2030-01-01
Total Amount: 80366.99
Monthly Payment: 1339.45
Remaining Balance: 80366.99
Remaining Years: 5"
Export,2941,202610,Undergraduate,awarded,"Collège des Sœurs des Saints Cœurs (SSCC), Tripoli Haykalieh",1,1,1,University of my sister,Universite saint-josef (usj),my sister will pay the loa after graduition,2029-08-01,2030-07-01,59088000LL+2472$,2472.0,mixed,mixed,5188000LL+217$,217.0,59088000LL+2472$,2472.0,0,5,5.0,loan_section_key_value,1,mixed_currency,"Reason: University of my sister
Source: Universite saint-josef (usj)
Mortgaged Asset: my sister will pay the loa after graduition
Start Date: 2029-08-01
End Date: 2030-07-01
Total Amount: 59088000LL+2472$
Monthly Payment: 5188000LL+217$
Remaining Balance: 59088000LL+2472$
Remaining Years: 5"
Export,2950,202710,Undergraduate,awarded,"Saint Mary's Orthodox College (SMOC), Beirut",0,0,1,Personal,Blom Bank,Not Available,2025-09-01,2027-09-01,1392.75,1392.75,,unknown,52.68,52.68,1340,1340.0,0,2,2.0,loan_section_key_value,0,,"Reason: Personal
Source: Blom Bank
Mortgaged Asset: Not Available
Start Date: 2025-09-01
End Date: 2027-09-01
Total Amount: 1392.75
Monthly Payment: 52.68
Remaining Balance: 1340
Remaining Years: 2"
Export,2950,202710,Undergraduate,awarded,"Saint Mary's Orthodox College (SMOC), Beirut",0,0,2,Personal,Blom Bank,Not Available,2024-10-01,2027-10-01,3500,3500.0,,unknown,126,126.0,2898,2898.0,0,2,2.0,loan_section_key_value,0,,"Reason: Personal
Source: Blom Bank
Mortgaged Asset: Not Available
Start Date: 2024-10-01
End Date: 2027-10-01
Total Amount: 3500
Monthly Payment: 126
Remaining Balance: 2898
Remaining Years: 2"
Export,2951,202610,Undergraduate,awarded,"College Protestant Francais (CPF), Koraytem Beirut",0,0,1,buying a house,Public Corporation for Housing,65000 USD,2004-02-17,2028-02-05,50000,50000.0,,unknown,2 USD,2.0,72 USD,72.0,0,3,3.0,loan_section_key_value,0,,"Reason: buying a house
Source: Public Corporation for Housing
Mortgaged Asset: 65000 USD
Start Date: 2004-02-17
End Date: 2028-02-05
Total Amount: 50000
Monthly Payment: 2 USD
Remaining Balance: 72 USD
Remaining Years: 3"
Export,2957,202610,Undergraduate,awarded,"Ecole des Filles de la Charite, Clemeceau",0,0,1,Personal loan,Bank Audi,Nothing,2025-03-18,2030-03-27,18000,18000.0,,unknown,233,233.0,18000,18000.0,0,5,5.0,loan_section_key_value,0,,"Reason: Personal loan
Source: Bank Audi
Mortgaged Asset: Nothing
Start Date: 2025-03-18
End Date: 2030-03-27
Total Amount: 18000
Monthly Payment: 233
Remaining Balance: 18000
Remaining Years: 5"
Export,2980,202520,Graduate,denied,,1,2,1,Buying An Apartment,Bank De L'habitat,Apartment,2008-09-25,2027-09-25,1562.5,1562.5,,unknown,8.92,8.92,334.82,334.82,0,3,3.0,loan_section_key_value,0,,"Reason: Buying An Apartment
Source: Bank De L'habitat
Mortgaged Asset: Apartment
Start Date: 2008-09-25
End Date: 2027-09-25
Total Amount: 1562.5
Monthly Payment: 8.92
Remaining Balance: 334.82
Remaining Years: 3"
Export,2983,202510,Professional,denied,,1,2,1,Education for undergraduate,Federal Loan,n/a,2022-09-01,2024-06-01,"15,500",15500.0,,unknown,270,270.0,"15,500",15500.0,0,10,10.0,loan_section_key_value,0,,"Reason: Education for undergraduate
Source: Federal Loan
Mortgaged Asset: n/a
Start Date: 2022-09-01
End Date: 2024-06-01
Total Amount: 15,500
Monthly Payment: 270
Remaining Balance: 15,500
Remaining Years: 10"
Export,2988,202710,Undergraduate,denied,The Lebanese School,0,0,1,Buying a appartment,Bank Audi - under Public Corporation for Housing loan program,Appartment,2007-10-16,2022-10-10,1340.78,1340.78,,unknown,7.45,7.45,0,0.0,0,0,0.0,loan_section_key_value,0,,"Reason: Buying a appartment
Source: Bank Audi - under Public Corporation for Housing loan program
Mortgaged Asset: Appartment
Start Date: 2007-10-16
End Date: 2022-10-10
Total Amount: 1340.78
Monthly Payment: 7.45
Remaining Balance: 0
Remaining Years: 0"
Export,3006,202710,Undergraduate,,Al Mahdi Kafaat High School,1,1,1,Financial need,Al-Qaurd AlHassan,Gold,2025-05-06,2027-06-06,6167$,6167.0,usd,usd,246$,246.0,5667$,5667.0,0,2,2.0,loan_section_key_value,0,,"Reason: Financial need
Source: Al-Qaurd AlHassan
Mortgaged Asset: Gold
Start Date: 2025-05-06
End Date: 2027-06-06
Total Amount: 6167$
Monthly Payment: 246$
Remaining Balance: 5667$
Remaining Years: 2"
Export,3007,202610,Undergraduate,awarded,"College Notre Dame de Jamhour, Baabda",0,0,1,Housing loan,Bank of Beirut SAL,Apartment,2014-11-03,2036-10-10,"6,745",6745.0,,unknown,"25,60",2560.0,"3,713",3713.0,0,12,12.0,loan_section_key_value,0,,"Reason: Housing loan
Source: Bank of Beirut SAL
Mortgaged Asset: Apartment
Start Date: 2014-11-03
End Date: 2036-10-10
Total Amount: 6,745
Monthly Payment: 25,60
Remaining Balance: 3,713
Remaining Years: 12"
Export,3013,202610,Undergraduate,awarded,"Le Lycee National, Choueifat",1,2,1,Housing loan,Public Corporation for Housing Loans,Yes,2009-05-01,2039-05-01,175500000 l.l,175500000.0,lbp,lbp,975000,975000.0,"105,300,000‬",105300000.0,0,16,16.0,loan_section_key_value,0,,"Reason: Housing loan
Source: Public Corporation for Housing Loans
Mortgaged Asset: Yes
Start Date: 2009-05-01
End Date: 2039-05-01
Total Amount: 175500000 l.l
Monthly Payment: 975000
Remaining Balance: 105,300,000‬
Remaining Years: 16"
Export,3030,202510,Graduate,denied,,1,2,1,Personal Loan,Bank,Apartment,2021-11-11,2026-11-11,485000 (in EGP),485000.0,,unknown,13477,13477.0,234416,234416.0,0,2.5,2.5,loan_section_key_value,0,,"Reason: Personal Loan
Source: Bank
Mortgaged Asset: Apartment
Start Date: 2021-11-11
End Date: 2026-11-11
Total Amount: 485000 (in EGP)
Monthly Payment: 13477
Remaining Balance: 234416
Remaining Years: 2.5"
Export,3030,202510,Graduate,denied,,1,2,2,Car Lease Loan,Bank,Car,2023-09-29,2033-09-29,321000 (EGP),321000.0,,unknown,5543,5543.0,N/A,,0,9,9.0,loan_section_key_value,1,remaining_balance_unparsed,"Reason: Car Lease Loan
Source: Bank
Mortgaged Asset: Car
Start Date: 2023-09-29
End Date: 2033-09-29
Total Amount: 321000 (EGP)
Monthly Payment: 5543
Remaining Balance: N/A
Remaining Years: 9"
Export,3044,202710,Undergraduate,denied,"Lycée Franco Libanais, Verdun",0,0,1,Personal loan,blom bank,Business Premises,2018-01-06,2029-01-06,500000$,500000.0,usd,usd,500$,500.0,24000$,24000.0,0,4,4.0,loan_section_key_value,0,,"Reason: Personal loan
Source: blom bank
Mortgaged Asset: Business Premises
Start Date: 2018-01-06
End Date: 2029-01-06
Total Amount: 500000$
Monthly Payment: 500$
Remaining Balance: 24000$
Remaining Years: 4"
Export,3050,202510,Graduate,awarded,,1,2,1,Education,Al-Qard Al-Hasan,Gold,2024-11-01,2026-01-11,$3866,3866.0,usd,usd,$107,107.0,$3426,3426.0,0,2,2.0,loan_section_key_value,0,,"Reason: Education
Source: Al-Qard Al-Hasan
Mortgaged Asset: Gold
Start Date: 2024-11-01
End Date: 2026-01-11
Total Amount: $3866
Monthly Payment: $107
Remaining Balance: $3426
Remaining Years: 2"
Export,3060,202610,Undergraduate,denied,"Ras Beirut International School, Ghobeiry",0,0,1,Personal Expenses,Bankmed,Salary,2023-12-01,2024-12-01,557,557.0,,unknown,55,55.0,557,557.0,0,1,1.0,loan_section_key_value,0,,"Reason: Personal Expenses
Source: Bankmed
Mortgaged Asset: Salary
Start Date: 2023-12-01
End Date: 2024-12-01
Total Amount: 557
Monthly Payment: 55
Remaining Balance: 557
Remaining Years: 1"
Export,3082,202510,Graduate,awarded,,1,2,1,House Mortgage,Byblos Bank,the house itself,2012-06-13,2042-06-13,1500,1500.0,,unknown,10.65,10.65,555.5,555.5,0,18,18.0,loan_section_key_value,0,,"Reason: House Mortgage
Source: Byblos Bank
Mortgaged Asset: the house itself
Start Date: 2012-06-13
End Date: 2042-06-13
Total Amount: 1500
Monthly Payment: 10.65
Remaining Balance: 555.5
Remaining Years: 18"
Export,3090,202710,Undergraduate,awarded,"Grand Lycee Franco Libanais, Achrafieh",0,0,1,Financial help for father,Bank BNP Pari-bas,0,2022-11-25,2029-11-25,"33,066€",33066.0,,unknown,457.5€,457.5,20602€,20602.0,0,4,4.0,loan_section_key_value,0,,"Reason: Financial help for father
Source: Bank BNP Pari-bas
Mortgaged Asset: 0
Start Date: 2022-11-25
End Date: 2029-11-25
Total Amount: 33,066€
Monthly Payment: 457.5€
Remaining Balance: 20602€
Remaining Years: 4"
Export,3090,202710,Undergraduate,awarded,"Grand Lycee Franco Libanais, Achrafieh",0,0,2,Financial help for father,Bank BNP Pari-bas,0,2022-12-06,2030-06-06,"36,320.64€",36320.64,,unknown,500€,500.0,"29,070.07€",29070.07,0,5,5.0,loan_section_key_value,0,,"Reason: Financial help for father
Source: Bank BNP Pari-bas
Mortgaged Asset: 0
Start Date: 2022-12-06
End Date: 2030-06-06
Total Amount: 36,320.64€
Monthly Payment: 500€
Remaining Balance: 29,070.07€
Remaining Years: 5"
Export,3094,202520,Undergraduate,awarded,"Le Lycee National, Choueifat",0,0,1,Educational Loan,Bank,Home,2019-11-11,2025-11-11,12000,12000.0,,unknown,25,25.0,750,750.0,0,2.5 years,2.5,loan_section_key_value,0,,"Reason: Educational Loan
Source: Bank
Mortgaged Asset: Home
Start Date: 2019-11-11
End Date: 2025-11-11
Total Amount: 12000
Monthly Payment: 25
Remaining Balance: 750
Remaining Years: 2.5 years"
Export,3098,202610,Undergraduate,awarded,"College De La Saint Famille Fanar, Fanar",0,0,1,Housing,Public corporation for housing,None,2020-02-20,2025-01-25,"47,340,000",47340000.0,,unknown,"789,000",789000.0,"789,000",789000.0,0,0,0.0,loan_section_key_value,0,,"Reason: Housing
Source: Public corporation for housing
Mortgaged Asset: None
Start Date: 2020-02-20
End Date: 2025-01-25
Total Amount: 47,340,000
Monthly Payment: 789,000
Remaining Balance: 789,000
Remaining Years: 0"
Export,3114,202610,Undergraduate,awarded,"Le Lycee National, Choueifat",1,1,1,School Expenses,Al kared al Hasan,gold jewelery,2024-04-06,2025-01-06,878$,878.0,usd,usd,98$,98.0,290$,290.0,0,1/6,6.0,loan_section_key_value,0,,"Reason: School Expenses
Source: Al kared al Hasan
Mortgaged Asset: gold jewelery
Start Date: 2024-04-06
End Date: 2025-01-06
Total Amount: 878$
Monthly Payment: 98$
Remaining Balance: 290$
Remaining Years: 1/6"
Export,3114,202610,Undergraduate,awarded,"Le Lycee National, Choueifat",1,1,2,School Expenses,Al Kared al hasan,Gold jewelery,2024-09-03,2025-07-03,"21,850,000 lbp",21850000.0,lbp,lbp,"2,185,000 lbp",2185000.0,"18,665,000 lbp",18665000.0,0,0.67 years (8 months),8.0,loan_section_key_value,0,,"Reason: School Expenses
Source: Al Kared al hasan
Mortgaged Asset: Gold jewelery
Start Date: 2024-09-03
End Date: 2025-07-03
Total Amount: 21,850,000 lbp
Monthly Payment: 2,185,000 lbp
Remaining Balance: 18,665,000 lbp
Remaining Years: 0.67 years (8 months)"
Export,3114,202610,Undergraduate,awarded,"Le Lycee National, Choueifat",1,1,3,School Expenses,Al Kard Al Hasan,gold jewelery,2024-09-04,2025-09-04,"1,985$",1985.0,usd,usd,165$,165.0,1820$,1820.0,0,0.83 (10 months),10.0,loan_section_key_value,0,,"Reason: School Expenses
Source: Al Kard Al Hasan
Mortgaged Asset: gold jewelery
Start Date: 2024-09-04
End Date: 2025-09-04
Total Amount: 1,985$
Monthly Payment: 165$
Remaining Balance: 1820$
Remaining Years: 0.83 (10 months)"
Export,3118,202610,Undergraduate,awarded,"College Notre Dame de Jamhour, Baabda",0,0,1,Personal,ISF,0,2022-04-01,2026-04-01,"66,120,000 LBP",66120000.0,lbp,lbp,"1,500,000 LBP",1500000.0,"22,500,000",22500000.0,0,1.3,1.3,loan_section_key_value,0,,"Reason: Personal
Source: ISF
Mortgaged Asset: 0
Start Date: 2022-04-01
End Date: 2026-04-01
Total Amount: 66,120,000 LBP
Monthly Payment: 1,500,000 LBP
Remaining Balance: 22,500,000
Remaining Years: 1.3"
Export,3121,202610,Undergraduate,awarded,"Le Lycee National, Choueifat",1,2,1,قرض إسكاني,المؤسسة العامة للإسكان,for فرنسبنك,2014-09-18,2034-09-18,"211,000,000 L.L",211000000.0,lbp,lbp,"1,172,223",1172223.0,"181,000,000 L.L",181000000.0,0,20,20.0,loan_section_key_value,0,,"Reason: قرض إسكاني
Source: المؤسسة العامة للإسكان
Mortgaged Asset: for فرنسبنك
Start Date: 2014-09-18
End Date: 2034-09-18
Total Amount: 211,000,000 L.L
Monthly Payment: 1,172,223
Remaining Balance: 181,000,000 L.L
Remaining Years: 20"
Export,3128,202610,Undergraduate,awarded,"Imam Al Hassan School, Rouweiss",1,1,1,Family expenses,General Security,N/A,2023-09-28,2027-09-28,362,362.0,,unknown,7,7.0,"22,950,000",22950000.0,0,3,3.0,loan_section_key_value,0,,"Reason: Family expenses
Source: General Security
Mortgaged Asset: N/A
Start Date: 2023-09-28
End Date: 2027-09-28
Total Amount: 362
Monthly Payment: 7
Remaining Balance: 22,950,000
Remaining Years: 3"
Export,3130,202610,Undergraduate,,"International College (IC), Beirut",1,1,1,Personal Loan,Friend,0,2023-01-01,2030-01-01,4500,4500.0,,unknown,0,0.0,4500,4500.0,0,7,7.0,loan_section_key_value,0,,"Reason: Personal Loan
Source: Friend
Mortgaged Asset: 0
Start Date: 2023-01-01
End Date: 2030-01-01
Total Amount: 4500
Monthly Payment: 0
Remaining Balance: 4500
Remaining Years: 7"
Export,3130,202610,Undergraduate,,"International College (IC), Beirut",1,1,2,Personal Loan,Friend,0,2023-01-01,2030-01-01,5500,5500.0,,unknown,0,0.0,5500,5500.0,0,7,7.0,loan_section_key_value,0,,"Reason: Personal Loan
Source: Friend
Mortgaged Asset: 0
Start Date: 2023-01-01
End Date: 2030-01-01
Total Amount: 5500
Monthly Payment: 0
Remaining Balance: 5500
Remaining Years: 7"
Export,3130,202610,Undergraduate,,"International College (IC), Beirut",1,1,3,House Loan,Bank,Probably House,2004-08-01,2019-01-01,35000,35000.0,,unknown,400,400.0,N/A,,0,N/A,,loan_section_key_value,1,remaining_balance_unparsed; remaining_years_unparsed,"Reason: House Loan
Source: Bank
Mortgaged Asset: Probably House
Start Date: 2004-08-01
End Date: 2019-01-01
Total Amount: 35000
Monthly Payment: 400
Remaining Balance: N/A
Remaining Years: N/A"
