source_row_number,field_name,issue_code,raw_value,detail
4,Application Type,application_type_inferred_from_level,,Derived from level 'Graduate'
4,School,school_missing,,School is blank in the source export
9,Application Type,application_type_inferred_from_level,,Derived from level 'Graduate'
9,School,school_missing,,School is blank in the source export
13,Application Type,application_type_inferred_from_level,,Derived from level 'Graduate'
13,School,school_missing,,School is blank in the source export
19,Application Type,application_type_inferred_from_level,,Derived from level 'Graduate'
19,School,school_missing,,School is blank in the source export
24,Decision,decision_missing_with_bin_status,,Decision is blank while Bin contains 'incomplete'
31,Application Type,application_type_inferred_from_level,,Derived from level 'Graduate'
31,School,school_missing,,School is blank in the source export
32,Decision,decision_missing_with_bin_status,,Decision is blank while Bin contains 'incomplete'
33,Loans,mixed_currency_signal,"Reason: housing
Source: Banque de l ' Habitat
Mortgaged Asset: hypotheque
Start Date: 2017-09-29
End Date: 2032-08-29
Total Amount: 100,000,000 L.L.
Monthly Payment: 970,054 L.L. + $40
Remaining Balance: 7 years
Remaining Years: 7 years",Contains both USD and LBP/L.L. markers
33,Loans,loan_remaining_balance_non_monetary_text,"Reason: housing
Source: Banque de l ' Habitat
Mortgaged Asset: hypotheque
Start Date: 2017-09-29
End Date: 2032-08-29
Total Amount: 100,000,000 L.L.
Monthly Payment: 970,054 L.L. + $40
Remaining Balance: 7 years
Remaining Years: 7 years",Remaining Balance contains duration text instead of a monetary amount
33,Loans,large_monetary_value_review,"Reason: housing
Source: Banque de l ' Habitat
Mortgaged Asset: hypotheque
Start Date: 2017-09-29
End Date: 2032-08-29
Total Amount: 100,000,000 L.L.
Monthly Payment: 970,054 L.L. + $40
Remaining Balance: 7 years
Remaining Years: 7 years",loans_total_amount=100000000.0; currency_signal=mixed; currency_guess=mixed
35,Application Type,application_type_inferred_from_level,,Derived from level 'Undergraduate'
37,Application Type,application_type_inferred_from_level,,Derived from level 'Graduate'
37,School,school_missing,,School is blank in the source export
41,Application Type,application_type_inferred_from_level,,Derived from level 'Graduate'
41,School,school_missing,,School is blank in the source export
44,Application Type,application_type_inferred_from_level,,Derived from level 'Graduate'
44,School,school_missing,,School is blank in the source export
45,Application Type,application_type_inferred_from_level,,Derived from level 'Graduate'
45,School,school_missing,,School is blank in the source export
47,Application Type,application_type_inferred_from_level,,Derived from level 'Graduate'
47,School,school_missing,,School is blank in the source export
49,Decision,decision_missing_with_bin_status,,Decision is blank while Bin contains 'incomplete'
52,Decision,decision_missing_with_bin_status,,Decision is blank while Bin contains 'incomplete'
54,Application Type,application_type_inferred_from_level,,Derived from level 'Undergraduate'
54,School,school_missing,,School is blank in the source export
54,School,school_missing_undergraduate,,School is blank for an undergraduate application
55,Application Type,application_type_inferred_from_level,,Derived from level 'Undergraduate'
55,School,school_missing,,School is blank in the source export
55,School,school_missing_undergraduate,,School is blank for an undergraduate application
56,Loans,likely_lbp_without_currency_marker,"Reason: social living circumstances due to the economic crisis
Source: مصرف لبنان
Mortgaged Asset: Nothing because it is a social loan
Start Date: 2024-10-01
End Date: 2027-10-01
Total Amount: 210000000
Monthly Payment: 4900000
Remaining Balance: 210000000
Remaining Years: 3

Reason: social living circumstances due to the economic crisis
Source: مصرف لبنان
Mortgaged Asset: Nothing because it is a social loan
Start Date: 2024-10-01
End Date: 2025-10-01
Total Amount: 90000000
Monthly Payment: 6100000
Remaining Balance: 90000000
Remaining Years: 1",loans_total_amount=300000000.0; currency_signal=none; currency_guess=likely_lbp_unmarked
56,Loans,likely_lbp_without_currency_marker,"Reason: social living circumstances due to the economic crisis
Source: مصرف لبنان
Mortgaged Asset: Nothing because it is a social loan
Start Date: 2024-10-01
End Date: 2027-10-01
Total Amount: 210000000
Monthly Payment: 4900000
Remaining Balance: 210000000
Remaining Years: 3

Reason: social living circumstances due to the economic crisis
Source: مصرف لبنان
Mortgaged Asset: Nothing because it is a social loan
Start Date: 2024-10-01
End Date: 2025-10-01
Total Amount: 90000000
Monthly Payment: 6100000
Remaining Balance: 90000000
Remaining Years: 1",loans_total_monthly_payment=11000000.0; currency_signal=none; currency_guess=likely_lbp_unmarked
56,Loans,likely_lbp_without_currency_marker,"Reason: social living circumstances due to the economic crisis
Source: مصرف لبنان
Mortgaged Asset: Nothing because it is a social loan
Start Date: 2024-10-01
End Date: 2027-10-01
Total Amount: 210000000
Monthly Payment: 4900000
Remaining Balance: 210000000
Remaining Years: 3

Reason: social living circumstances due to the economic crisis
Source: مصرف لبنان
Mortgaged Asset: Nothing because it is a social loan
Start Date: 2024-10-01
End Date: 2025-10-01
Total Amount: 90000000
Monthly Payment: 6100000
Remaining Balance: 90000000
Remaining Years: 1",loans_total_remaining_balance=300000000.0; currency_signal=none; currency_guess=likely_lbp_unmarked
58,Decision,decision_missing_with_bin_status,,Decision is blank while Bin contains 'incomplete'
59,Father Income Document,likely_lbp_without_currency_marker,1090000,father_income_document=1090000.0; currency_signal=none; currency_guess=likely_lbp_unmarked
61,Application Type,application_type_inferred_from_level,,Derived from level 'Professional'
61,School,school_missing,,School is blank in the source export
62,Loans,large_monetary_value_review,"Reason: Construction
Source: Byblos Bank
Mortgaged Asset: Land 532
Start Date: 2018-09-22
End Date: 2025-09-22
Total Amount: 135000000 Lbp
Monthly Payment: 2198302 Lbp
Remaining Balance: 23085054 Lbp
Remaining Years: 1 year",loans_total_amount=135000000.0; currency_signal=lbp; currency_guess=lbp
66,Application Type,application_type_inferred_from_level,,Derived from level 'Graduate'
66,School,school_missing,,School is blank in the source export
72,Application Type,application_type_inferred_from_level,,Derived from level 'Professional'
72,School,school_missing,,School is blank in the source export
75,Loans,large_monetary_value_review,"Reason: Housing
Source: Bank of beirut
Mortgaged Asset: Apartment
Start Date: 2010-03-18
End Date: 2029-03-18
Total Amount: 716,000,000 LBP
Monthly Payment: 3,764,000 LBP
Remaining Balance: 241,591,000 LBP
Remaining Years: 6 years",loans_total_amount=716000000.0; currency_signal=lbp; currency_guess=lbp
75,Loans,large_monetary_value_review,"Reason: Housing
Source: Bank of beirut
Mortgaged Asset: Apartment
Start Date: 2010-03-18
End Date: 2029-03-18
Total Amount: 716,000,000 LBP
Monthly Payment: 3,764,000 LBP
Remaining Balance: 241,591,000 LBP
Remaining Years: 6 years",loans_total_remaining_balance=241591000.0; currency_signal=lbp; currency_guess=lbp
80,Decision,decision_missing_with_bin_status,,Decision is blank while Bin contains 'incomplete'
92,Decision,decision_missing_with_bin_status,,Decision is blank while Bin contains 'incomplete'
93,Application Type,application_type_inferred_from_level,,Derived from level 'Undergraduate'
93,School,school_missing,,School is blank in the source export
93,School,school_missing_undergraduate,,School is blank for an undergraduate application
97,Application Type,application_type_inferred_from_level,,Derived from level 'Graduate'
97,School,school_missing,,School is blank in the source export
107,Application Type,application_type_inferred_from_level,,Derived from level 'Undergraduate'
107,Loans,loan_balance_exceeds_total_amount,"Reason: Expenses are high
Source: ADIB Bank
Mortgaged Asset: End of service indemnity
Start Date: 2024-03-05
End Date: 2028-03-27
Total Amount: 140000
Monthly Payment: 3433
Remaining Balance: 144000
Remaining Years: 3 and half

Reason: High Expenses
Source: ADIB Bank
Mortgaged Asset: End of Service Indemnity
Start Date: 2021-09-26
End Date: 2024-11-26
Total Amount: 40000
Monthly Payment: 1280
Remaining Balance: 3837
Remaining Years: 2 months",Remaining balance exceeds total amount for at least one parsed loan block
109,Application Type,application_type_inferred_from_level,,Derived from level 'Graduate'
109,School,school_missing,,School is blank in the source export
111,Application Type,application_type_inferred_from_level,,Derived from level 'Professional'
111,School,school_missing,,School is blank in the source export
112,Application Type,application_type_inferred_from_level,,Derived from level 'Professional'
112,School,school_missing,,School is blank in the source export
118,Application Type,application_type_inferred_from_level,,Derived from level 'Professional'
118,School,school_missing,,School is blank in the source export
122,Application Type,application_type_inferred_from_level,,Derived from level 'Undergraduate'
122,School,school_missing,,School is blank in the source export
122,School,school_missing_undergraduate,,School is blank for an undergraduate application
123,Application Type,application_type_inferred_from_level,,Derived from level 'Graduate'
123,School,school_missing,,School is blank in the source export
126,Application Type,application_type_inferred_from_level,,Derived from level 'Graduate'
126,School,school_missing,,School is blank in the source export
129,Application Type,application_type_inferred_from_level,,Derived from level 'Graduate'
129,School,school_missing,,School is blank in the source export
130,Application Type,application_type_inferred_from_level,,Derived from level 'Professional'
130,School,school_missing,,School is blank in the source export
134,Application Type,application_type_inferred_from_level,,Derived from level 'Graduate'
134,School,school_missing,,School is blank in the source export
135,Application Type,application_type_inferred_from_level,,Derived from level 'Undergraduate'
135,School,school_missing,,School is blank in the source export
135,School,school_missing_undergraduate,,School is blank for an undergraduate application
137,Application Type,application_type_inferred_from_level,,Derived from level 'Undergraduate'
137,School,school_missing,,School is blank in the source export
137,School,school_missing_undergraduate,,School is blank for an undergraduate application
145,Application Type,application_type_inferred_from_level,,Derived from level 'Graduate'
145,School,school_missing,,School is blank in the source export
147,Decision,decision_missing_with_bin_status,,Decision is blank while Bin contains 'committee_early_applications'
151,Loans,large_monetary_value_review,"Reason: housing loan
Source: Etablissement publique de l'habitat
Mortgaged Asset: House
Start Date: 2003-03-05
End Date: 2033-03-05
Total Amount: 117,000,000 lbp
Monthly Payment: 377,000 lbp
Remaining Balance: 33,176,000
Remaining Years: 7",loans_total_amount=117000000.0; currency_signal=lbp; currency_guess=lbp
152,Application Type,application_type_inferred_from_level,,Derived from level 'Graduate'
152,School,school_missing,,School is blank in the source export
153,Decision,decision_missing_with_bin_status,,Decision is blank while Bin contains 'incomplete'
155,Loans,large_monetary_value_review,"Reason: Sibling's Education
Source: Uncle
Mortgaged Asset: 0
Start Date: 2023-09-10
End Date: 2029-09-10
Total Amount: 12000
Monthly Payment: 0
Remaining Balance: 12000
Remaining Years: 5

Reason: Appartment
Source: المؤسسة العامة للإسكان
Mortgaged Asset: House
Start Date: 2012-08-06
End Date: 2027-08-06
Total Amount: 195000000 lbp
Monthly Payment: 1084000 lbp
Remaining Balance: 18500000 lbp
Remaining Years: 3 years",loans_total_amount=195012000.0; currency_signal=lbp; currency_guess=lbp
161,Application Type,application_type_inferred_from_level,,Derived from level 'Undergraduate'
163,Application Type,application_type_inferred_from_level,,Derived from level 'Graduate'
163,School,school_missing,,School is blank in the source export
168,Application Type,application_type_inferred_from_level,,Derived from level 'Professional'
168,School,school_missing,,School is blank in the source export
169,Loans,likely_lbp_without_currency_marker,"Reason: Housing Loan
Source: Banque de l'habitat
Mortgaged Asset: house
Start Date: 2016-01-23
End Date: 2031-01-23
Total Amount: 150,000,000.-
Monthly Payment: 1,300,000.-
Remaining Balance: 70,780,000
Remaining Years: 7",loans_total_amount=150000000.0; currency_signal=none; currency_guess=likely_lbp_unmarked
170,Application Type,application_type_inferred_from_level,,Derived from level 'Undergraduate'
170,School,school_missing,,School is blank in the source export
170,School,school_missing_undergraduate,,School is blank for an undergraduate application
171,Application Type,application_type_inferred_from_level,,Derived from level 'Graduate'
171,School,school_missing,,School is blank in the source export
172,Application Type,application_type_inferred_from_level,,Derived from level 'Graduate'
172,School,school_missing,,School is blank in the source export
173,Application Type,application_type_inferred_from_level,,Derived from level 'Graduate'
173,School,school_missing,,School is blank in the source export
174,Application Type,application_type_inferred_from_level,,Derived from level 'Graduate'
174,School,school_missing,,School is blank in the source export
180,Father Income Document,likely_lbp_without_currency_marker,2420426,father_income_document=2420426.0; currency_signal=none; currency_guess=likely_lbp_unmarked
181,Application Type,application_type_inferred_from_level,,Derived from level 'Professional'
181,School,school_missing,,School is blank in the source export
185,Application Type,application_type_inferred_from_level,,Derived from level 'Professional'
185,School,school_missing,,School is blank in the source export
188,Application Type,application_type_inferred_from_level,,Derived from level 'Undergraduate'
188,School,school_missing,,School is blank in the source export
188,School,school_missing_undergraduate,,School is blank for an undergraduate application
190,Application Type,application_type_inferred_from_level,,Derived from level 'Undergraduate'
190,School,school_missing,,School is blank in the source export
190,School,school_missing_undergraduate,,School is blank for an undergraduate application
193,Decision,decision_missing_with_bin_status,,Decision is blank while Bin contains 'committee_early_applications'
196,Application Type,application_type_inferred_from_level,,Derived from level 'Graduate'
196,School,school_missing,,School is blank in the source export
199,Loans,large_monetary_value_review,"Reason: Appartment Purchase
Source: Lebanese National Housing Corporation
Mortgaged Asset: Salaries as state officials
Start Date: 2012-08-18
End Date: 2026-09-05
Total Amount: 245000000 L.L.
Monthly Payment: 1910000 L.L.
Remaining Balance: 42009405 L.L.
Remaining Years: 2",loans_total_amount=245000000.0; currency_signal=lbp; currency_guess=lbp
202,Application Type,application_type_inferred_from_level,,Derived from level 'Graduate'
202,School,school_missing,,School is blank in the source export
203,Application Type,application_type_inferred_from_level,,Derived from level 'Professional'
203,School,school_missing,,School is blank in the source export
204,Application Type,application_type_inferred_from_level,,Derived from level 'Graduate'
204,School,school_missing,,School is blank in the source export
205,Application Type,application_type_inferred_from_level,,Derived from level 'Professional'
205,School,school_missing,,School is blank in the source export
207,Application Type,application_type_inferred_from_level,,Derived from level 'Undergraduate'
207,School,school_missing,,School is blank in the source export
207,School,school_missing_undergraduate,,School is blank for an undergraduate application
209,Application Type,application_type_inferred_from_level,,Derived from level 'Professional'
209,School,school_missing,,School is blank in the source export
210,Application Type,application_type_inferred_from_level,,Derived from level 'Graduate'
210,School,school_missing,,School is blank in the source export
210,Applicant Work Status,likely_lbp_without_currency_marker,"Employed In: Private Sector
Position: Junior MIS Officer
Institution or Employer's Name: Bank of Beirut
Annual Income 819,730,500
Educational Benefits: 0
Accomodation: 0
Commission: 0
Bonuses: 0
Other Benefits: 0",applicant_annual_income=819730500.0; currency_signal=none; currency_guess=likely_lbp_unmarked
212,Application Type,application_type_inferred_from_level,,Derived from level 'Graduate'
212,School,school_missing,,School is blank in the source export
216,Loans,large_monetary_value_review,"Reason: To help with tuitions and expensses.
Source: LGB bank
Mortgaged Asset: no mortgaged asset
Start Date: 2024-10-01
End Date: 2028-05-02
Total Amount: 36950
Monthly Payment: 850
Remaining Balance: 33550
Remaining Years: 3.5 years

Reason: To help with tuitions and expensses.
Source: LGB bank
Mortgaged Asset: no mortgaged asset
Start Date: 2024-01-15
End Date: 2026-12-15
Total Amount: 1610000000 lgb
Monthly Payment: 44750000 lbp
Remaining Balance: 1028250000 lbp
Remaining Years: 2 years",loans_total_amount=1610036950.0; currency_signal=lbp; currency_guess=lbp
216,Loans,large_monetary_value_review,"Reason: To help with tuitions and expensses.
Source: LGB bank
Mortgaged Asset: no mortgaged asset
Start Date: 2024-10-01
End Date: 2028-05-02
Total Amount: 36950
Monthly Payment: 850
Remaining Balance: 33550
Remaining Years: 3.5 years

Reason: To help with tuitions and expensses.
Source: LGB bank
Mortgaged Asset: no mortgaged asset
Start Date: 2024-01-15
End Date: 2026-12-15
Total Amount: 1610000000 lgb
Monthly Payment: 44750000 lbp
Remaining Balance: 1028250000 lbp
Remaining Years: 2 years",loans_total_monthly_payment=44750850.0; currency_signal=lbp; currency_guess=lbp
216,Loans,large_monetary_value_review,"Reason: To help with tuitions and expensses.
Source: LGB bank
Mortgaged Asset: no mortgaged asset
Start Date: 2024-10-01
End Date: 2028-05-02
Total Amount: 36950
Monthly Payment: 850
Remaining Balance: 33550
Remaining Years: 3.5 years

Reason: To help with tuitions and expensses.
Source: LGB bank
Mortgaged Asset: no mortgaged asset
Start Date: 2024-01-15
End Date: 2026-12-15
Total Amount: 1610000000 lgb
Monthly Payment: 44750000 lbp
Remaining Balance: 1028250000 lbp
Remaining Years: 2 years",loans_total_remaining_balance=1028283550.0; currency_signal=lbp; currency_guess=lbp
219,Application Type,application_type_inferred_from_level,,Derived from level 'Graduate'
219,School,school_missing,,School is blank in the source export
223,Application Type,application_type_inferred_from_level,,Derived from level 'Graduate'
223,School,school_missing,,School is blank in the source export
224,Application Type,application_type_inferred_from_level,,Derived from level 'Undergraduate'
224,School,school_missing,,School is blank in the source export
224,School,school_missing_undergraduate,,School is blank for an undergraduate application
229,Application Type,application_type_inferred_from_level,,Derived from level 'Graduate'
229,School,school_missing,,School is blank in the source export
230,Application Type,application_type_inferred_from_level,,Derived from level 'Professional'
230,School,school_missing,,School is blank in the source export
231,Application Type,application_type_inferred_from_level,,Derived from level 'Undergraduate'
232,Application Type,application_type_inferred_from_level,,Derived from level 'Graduate'
232,School,school_missing,,School is blank in the source export
232,Loans,large_monetary_value_review,"Reason: housing
Source: lebanese army corporation for housing
Mortgaged Asset: house
Start Date: 2015-08-01
End Date: 2040-07-01
Total Amount: 252180000 L.L
Monthly Payment: 840600 L.L
Remaining Balance: 113000000 L.L
Remaining Years: 16",loans_total_amount=252180000.0; currency_signal=lbp; currency_guess=lbp
232,Loans,large_monetary_value_review,"Reason: housing
Source: lebanese army corporation for housing
Mortgaged Asset: house
Start Date: 2015-08-01
End Date: 2040-07-01
Total Amount: 252180000 L.L
Monthly Payment: 840600 L.L
Remaining Balance: 113000000 L.L
Remaining Years: 16",loans_total_remaining_balance=113000000.0; currency_signal=lbp; currency_guess=lbp
234,Application Type,application_type_inferred_from_level,,Derived from level 'Graduate'
234,School,school_missing,,School is blank in the source export
237,Application Type,application_type_inferred_from_level,,Derived from level 'Graduate'
237,School,school_missing,,School is blank in the source export
238,Decision,decision_missing_with_bin_status,,Decision is blank while Bin contains 'incomplete'
239,Application Type,application_type_inferred_from_level,,Derived from level 'Professional'
239,School,school_missing,,School is blank in the source export
242,Application Type,application_type_inferred_from_level,,Derived from level 'Professional'
242,School,school_missing,,School is blank in the source export
242,Loans,likely_lbp_without_currency_marker,"Reason: Residential apartment
Source: Bank
Mortgaged Asset: the same Residential apartment
Start Date: 2001-11-09
End Date: 2031-11-09
Total Amount: 102680000
Monthly Payment: 7
Remaining Balance: 432
Remaining Years: 6",loans_total_amount=102680000.0; currency_signal=none; currency_guess=likely_lbp_unmarked
243,Application Type,application_type_inferred_from_level,,Derived from level 'Graduate'
243,School,school_missing,,School is blank in the source export
250,Application Type,application_type_inferred_from_level,,Derived from level 'Graduate'
250,School,school_missing,,School is blank in the source export
256,Application Type,application_type_inferred_from_level,,Derived from level 'Graduate'
256,School,school_missing,,School is blank in the source export
259,Application Type,application_type_inferred_from_level,,Derived from level 'Graduate'
259,School,school_missing,,School is blank in the source export
260,Application Type,application_type_inferred_from_level,,Derived from level 'Professional'
260,School,school_missing,,School is blank in the source export
265,Application Type,application_type_inferred_from_level,,Derived from level 'Graduate'
265,School,school_missing,,School is blank in the source export
271,Application Type,application_type_inferred_from_level,,Derived from level 'Graduate'
271,School,school_missing,,School is blank in the source export
274,Application Type,application_type_inferred_from_level,,Derived from level 'Professional'
274,School,school_missing,,School is blank in the source export
276,Application Type,application_type_inferred_from_level,,Derived from level 'Undergraduate'
276,School,school_missing,,School is blank in the source export
276,School,school_missing_undergraduate,,School is blank for an undergraduate application
279,Application Type,application_type_inferred_from_level,,Derived from level 'Professional'
279,School,school_missing,,School is blank in the source export
288,Application Type,application_type_inferred_from_level,,Derived from level 'Graduate'
288,School,school_missing,,School is blank in the source export
289,Decision,decision_missing_with_bin_status,,Decision is blank while Bin contains 'incomplete'
296,Application Type,application_type_inferred_from_level,,Derived from level 'Undergraduate'
296,School,school_missing,,School is blank in the source export
296,School,school_missing_undergraduate,,School is blank for an undergraduate application
299,Loans,large_monetary_value_review,"Reason: house building
Source: mawared bank,aley,lebanon
Mortgaged Asset: the house i am living in
Start Date: 2015-10-01
End Date: 2033-09-01
Total Amount: 115434072 L.L
Monthly Payment: 534417 L.L
Remaining Balance: 57182619 L.L
Remaining Years: not decided",loans_total_amount=115434072.0; currency_signal=lbp; currency_guess=lbp
304,Over and Above - Percentage Awarded,merit_plus_over_and_above_exceeds_50_rule,70,merit_pct=None; over_and_above_pct=70.0
308,Application Type,application_type_inferred_from_level,,Derived from level 'Graduate'
308,Decision,decision_missing_with_bin_status,,Decision is blank while Bin contains 'committee_graduate'
308,Loans,mixed_currency_signal,"Reason: Buy inventory for the store
Source: Yahya Zahra- dad's friend
Mortgaged Asset: None
Start Date: 2024-09-15
End Date: 2024-12-31
Total Amount: $558.66
Monthly Payment: 200
Remaining Balance: 158.66
Remaining Years: 0

Reason: Buy inventory for the store
Source: Yahya Zahra-dad's friend
Mortgaged Asset: None
Start Date: 2023-05-01
End Date: 2025-12-01
Total Amount: 2,298.88 (LBP 161,000,000 + $500 )
Monthly Payment: Each month he pays what he can
Remaining Balance: 1,417.32
Remaining Years: 1

Reason: Buy inventory for the store
Source: Cezar Antoun- dad's friend
Mortgaged Asset: None
Start Date: 2024-08-01
End Date: 2025-08-01
Total Amount: 2,000
Monthly Payment: He pays when can, til now he hasn't paid anything
Remaining Balance: 2,009
Remaining Years: 1",Contains both USD and LBP/L.L. markers
308,School,school_missing,,School is blank in the source export
308,Loans,loan_balance_exceeds_total_amount,"Reason: Buy inventory for the store
Source: Yahya Zahra- dad's friend
Mortgaged Asset: None
Start Date: 2024-09-15
End Date: 2024-12-31
Total Amount: $558.66
Monthly Payment: 200
Remaining Balance: 158.66
Remaining Years: 0

Reason: Buy inventory for the store
Source: Yahya Zahra-dad's friend
Mortgaged Asset: None
Start Date: 2023-05-01
End Date: 2025-12-01
Total Amount: 2,298.88 (LBP 161,000,000 + $500 )
Monthly Payment: Each month he pays what he can
Remaining Balance: 1,417.32
Remaining Years: 1

Reason: Buy inventory for the store
Source: Cezar Antoun- dad's friend
Mortgaged Asset: None
Start Date: 2024-08-01
End Date: 2025-08-01
Total Amount: 2,000
Monthly Payment: He pays when can, til now he hasn't paid anything
Remaining Balance: 2,009
Remaining Years: 1",Remaining balance exceeds total amount for at least one parsed loan block
316,Application Type,application_type_inferred_from_level,,Derived from level 'Undergraduate'
316,School,school_missing,,School is blank in the source export
316,School,school_missing_undergraduate,,School is blank for an undergraduate application
321,Application Type,application_type_inferred_from_level,,Derived from level 'Graduate'
321,School,school_missing,,School is blank in the source export
324,Application Type,application_type_inferred_from_level,,Derived from level 'Professional'
324,School,school_missing,,School is blank in the source export
328,Application Type,application_type_inferred_from_level,,Derived from level 'Graduate'
328,Loans,mixed_currency_signal,"Reason: Housing
Source: Banque de l'Habitat
Mortgaged Asset: House
Start Date: 2017-01-24
End Date: 2032-01-24
Total Amount: 1,782$ [158,600,000 lbp (without interest amount)]
Monthly Payment: 12.3$ [1,101,388.89 lbp (without interest amount)]
Remaining Balance: 705.3$ [62,779,166.57 lbp (without interest amount)]
Remaining Years: 4.6 years (without interest years)",Contains both USD and LBP/L.L. markers
328,School,school_missing,,School is blank in the source export
330,Application Type,application_type_inferred_from_level,,Derived from level 'Graduate'
330,School,school_missing,,School is blank in the source export
336,Decision,decision_missing_with_bin_status,,Decision is blank while Bin contains 'incomplete'
345,Application Type,application_type_inferred_from_level,,Derived from level 'Undergraduate'
345,School,school_missing,,School is blank in the source export
345,School,school_missing_undergraduate,,School is blank for an undergraduate application
347,Application Type,application_type_inferred_from_level,,Derived from level 'Graduate'
347,School,school_missing,,School is blank in the source export
354,Application Type,application_type_inferred_from_level,,Derived from level 'Graduate'
354,School,school_missing,,School is blank in the source export
355,Application Type,application_type_inferred_from_level,,Derived from level 'Graduate'
355,School,school_missing,,School is blank in the source export
356,Application Type,application_type_inferred_from_level,,Derived from level 'Professional'
356,School,school_missing,,School is blank in the source export
363,Application Type,application_type_inferred_from_level,,Derived from level 'Undergraduate'
363,School,school_missing,,School is blank in the source export
363,School,school_missing_undergraduate,,School is blank for an undergraduate application
367,Decision,decision_missing_with_bin_status,,Decision is blank while Bin contains 'incomplete'
371,Decision,decision_missing_with_bin_status,,Decision is blank while Bin contains 'incomplete'
372,Application Type,application_type_inferred_from_level,,Derived from level 'Graduate'
372,School,school_missing,,School is blank in the source export
375,Application Type,application_type_inferred_from_level,,Derived from level 'Graduate'
375,School,school_missing,,School is blank in the source export
387,Application Type,application_type_inferred_from_level,,Derived from level 'Graduate'
387,School,school_missing,,School is blank in the source export
391,Application Type,application_type_inferred_from_level,,Derived from level 'Graduate'
391,School,school_missing,,School is blank in the source export
394,Application Type,application_type_inferred_from_level,,Derived from level 'Graduate'
394,School,school_missing,,School is blank in the source export
398,Application Type,application_type_inferred_from_level,,Derived from level 'Graduate'
398,School,school_missing,,School is blank in the source export
399,Application Type,application_type_inferred_from_level,,Derived from level 'Graduate'
399,School,school_missing,,School is blank in the source export
400,Application Type,application_type_inferred_from_level,,Derived from level 'Professional'
400,School,school_missing,,School is blank in the source export
401,Application Type,application_type_inferred_from_level,,Derived from level 'Undergraduate'
401,School,school_missing,,School is blank in the source export
401,School,school_missing_undergraduate,,School is blank for an undergraduate application
401,Loans,likely_lbp_without_currency_marker,"Reason: House
Source: BDL
Mortgaged Asset: House
Start Date: 2012-09-01
End Date: 2028-12-31
Total Amount: 285,944,057
Monthly Payment: 26,246,710
Remaining Balance: 249,991,771
Remaining Years: 4",loans_total_amount=285944057.0; currency_signal=none; currency_guess=likely_lbp_unmarked
401,Loans,likely_lbp_without_currency_marker,"Reason: House
Source: BDL
Mortgaged Asset: House
Start Date: 2012-09-01
End Date: 2028-12-31
Total Amount: 285,944,057
Monthly Payment: 26,246,710
Remaining Balance: 249,991,771
Remaining Years: 4",loans_total_monthly_payment=26246710.0; currency_signal=none; currency_guess=likely_lbp_unmarked
401,Loans,likely_lbp_without_currency_marker,"Reason: House
Source: BDL
Mortgaged Asset: House
Start Date: 2012-09-01
End Date: 2028-12-31
Total Amount: 285,944,057
Monthly Payment: 26,246,710
Remaining Balance: 249,991,771
Remaining Years: 4",loans_total_remaining_balance=249991771.0; currency_signal=none; currency_guess=likely_lbp_unmarked
410,Application Type,application_type_inferred_from_level,,Derived from level 'Undergraduate'
410,School,school_missing,,School is blank in the source export
410,School,school_missing_undergraduate,,School is blank for an undergraduate application
411,Decision,decision_missing_with_bin_status,,Decision is blank while Bin contains 'committee_early_applications'
412,Application Type,application_type_inferred_from_level,,Derived from level 'Undergraduate'
412,School,school_missing,,School is blank in the source export
412,School,school_missing_undergraduate,,School is blank for an undergraduate application
413,Decision,decision_missing_with_bin_status,,Decision is blank while Bin contains 'incomplete'
416,Decision,decision_missing_with_bin_status,,Decision is blank while Bin contains 'incomplete'
417,Application Type,application_type_inferred_from_level,,Derived from level 'Graduate'
417,School,school_missing,,School is blank in the source export
418,Application Type,application_type_inferred_from_level,,Derived from level 'Undergraduate'
418,School,school_missing,,School is blank in the source export
418,School,school_missing_undergraduate,,School is blank for an undergraduate application
421,Application Type,application_type_inferred_from_level,,Derived from level 'Graduate'
421,School,school_missing,,School is blank in the source export
425,Application Type,application_type_inferred_from_level,,Derived from level 'Graduate'
425,School,school_missing,,School is blank in the source export
429,Loans,mixed_currency_signal,"Reason: To buy an apartment
Source: Societe Generale De Banque Au Liban (SGBL)
Mortgaged Asset: The apartment
Start Date: 2013-10-03
End Date: 2038-09-15
Total Amount: 26 000$ Before the crisis
Monthly Payment: 130 000 LBP
Remaining Balance: 21 999 010 LBP
Remaining Years: 13",Contains both USD and LBP/L.L. markers
430,Application Type,application_type_inferred_from_level,,Derived from level 'Professional'
430,School,school_missing,,School is blank in the source export
431,Application Type,application_type_inferred_from_level,,Derived from level 'Graduate'
431,School,school_missing,,School is blank in the source export
432,Application Type,application_type_inferred_from_level,,Derived from level 'Professional'
432,School,school_missing,,School is blank in the source export
434,Application Type,application_type_inferred_from_level,,Derived from level 'Graduate'
434,School,school_missing,,School is blank in the source export
436,Application Type,application_type_inferred_from_level,,Derived from level 'Undergraduate'
437,Application Type,application_type_inferred_from_level,,Derived from level 'Graduate'
437,School,school_missing,,School is blank in the source export
438,Application Type,application_type_inferred_from_level,,Derived from level 'Graduate'
438,School,school_missing,,School is blank in the source export
439,Application Type,application_type_inferred_from_level,,Derived from level 'Undergraduate'
439,School,school_missing,,School is blank in the source export
439,School,school_missing_undergraduate,,School is blank for an undergraduate application
441,Application Type,application_type_inferred_from_level,,Derived from level 'Graduate'
441,School,school_missing,,School is blank in the source export
443,Application Type,application_type_inferred_from_level,,Derived from level 'Undergraduate'
443,School,school_missing,,School is blank in the source export
443,School,school_missing_undergraduate,,School is blank for an undergraduate application
446,Decision,decision_missing_with_bin_status,,Decision is blank while Bin contains 'incomplete'
448,Application Type,application_type_inferred_from_level,,Derived from level 'Undergraduate'
448,School,school_missing,,School is blank in the source export
448,School,school_missing_undergraduate,,School is blank for an undergraduate application
449,Application Type,application_type_inferred_from_level,,Derived from level 'Graduate'
449,School,school_missing,,School is blank in the source export
452,Application Type,application_type_inferred_from_level,,Derived from level 'Graduate'
452,School,school_missing,,School is blank in the source export
453,Application Type,application_type_inferred_from_level,,Derived from level 'Undergraduate'
453,School,school_missing,,School is blank in the source export
453,School,school_missing_undergraduate,,School is blank for an undergraduate application
465,Application Type,application_type_inferred_from_level,,Derived from level 'Graduate'
465,School,school_missing,,School is blank in the source export
466,Loans,large_monetary_value_review,"Reason: Housing Loan
Source: BLOM Bank
Mortgaged Asset: Purchased House
Start Date: 2012-09-06
End Date: 2027-08-06
Total Amount: 220560000 L.L.
Monthly Payment: 1226000 L.L.
Remaining Balance: 40338000 L.L.
Remaining Years: 2.75",loans_total_amount=220560000.0; currency_signal=lbp; currency_guess=lbp
472,Application Type,application_type_inferred_from_level,,Derived from level 'Undergraduate'
472,Decision,decision_missing_with_bin_status,,Decision is blank while Bin contains 'awarded_donor_funded_scholarship'
472,School,school_missing,,School is blank in the source export
472,School,school_missing_undergraduate,,School is blank for an undergraduate application
476,Decision,decision_missing_with_bin_status,,Decision is blank while Bin contains 'incomplete'
485,Decision,decision_missing_with_bin_status,,Decision is blank while Bin contains 'incomplete'
487,Application Type,application_type_inferred_from_level,,Derived from level 'Professional'
487,School,school_missing,,School is blank in the source export
491,Application Type,application_type_inferred_from_level,,Derived from level 'Undergraduate'
491,School,school_missing,,School is blank in the source export
491,School,school_missing_undergraduate,,School is blank for an undergraduate application
495,Application Type,application_type_inferred_from_level,,Derived from level 'Graduate'
495,School,school_missing,,School is blank in the source export
500,Loans,likely_lbp_without_currency_marker,"Reason: Housing Loan
Source: Banque de L'habitat in corporation with Bank MED
Mortgaged Asset: house in beirut
Start Date: 2014-12-11
End Date: 2028-12-11
Total Amount: 111,230,000
Monthly Payment: 662,083
Remaining Balance: 78,125,860
Remaining Years: 7",loans_total_amount=111230000.0; currency_signal=none; currency_guess=likely_lbp_unmarked
502,Application Type,application_type_inferred_from_level,,Derived from level 'Undergraduate'
502,School,school_missing,,School is blank in the source export
502,School,school_missing_undergraduate,,School is blank for an undergraduate application
503,Loans,large_monetary_value_review,"Reason: قرض اسكان
Source: مؤسسة العامة للاسكان
Mortgaged Asset: the house
Start Date: 2008-11-20
End Date: 2038-11-20
Total Amount: 142,000,000 L.L
Monthly Payment: 300,000L.L
Remaining Balance: 60,000,000L.L
Remaining Years: 13",loans_total_amount=142000000.0; currency_signal=lbp; currency_guess=lbp
505,Application Type,application_type_inferred_from_level,,Derived from level 'Graduate'
505,School,school_missing,,School is blank in the source export
506,Decision,decision_missing_with_bin_status,,Decision is blank while Bin contains 'incomplete'
507,Application Type,application_type_inferred_from_level,,Derived from level 'Undergraduate'
507,School,school_missing,,School is blank in the source export
507,School,school_missing_undergraduate,,School is blank for an undergraduate application
508,Decision,decision_missing_with_bin_status,,Decision is blank while Bin contains 'committee_early_applications'
509,Loans,loan_balance_exceeds_total_amount,"Reason: social problems
Source: Banque Du Liban
Mortgaged Asset: social services
Start Date: 2017-04-01
End Date: 2027-03-31
Total Amount: 20 000 000 L.L
Monthly Payment: 131 345L.L
Remaining Balance: 3 020 935L.L
Remaining Years: 2

Reason: To Buy A House
Source: Banque Du Liban
Mortgaged Asset: house
Start Date: 2001-07-01
End Date:
Total Amount: 129 274 834L.L
Monthly Payment: 424 147 L.L
Remaining Balance: 5 089 764L.L
Remaining Years: 1

Reason: social problems
Source: Banque du Liban
Mortgaged Asset: social services
Start Date: 2016-03-02
End Date: 2026-02-28
Total Amount: 111 988 329L.L
Monthly Payment: 835 395L.L
Remaining Balance: 5 012 370L.L
Remaining Years: 1

Reason: social problems
Source: Banque du Liban
Mortgaged Asset: social services
Start Date: 2025-05-01
End Date: 2029-12-31
Total Amount: 1 000 000 000
Monthly Payment: 13 515 000L.L
Remaining Balance: 905 395 000L.L
Remaining Years: 1",Remaining balance exceeds total amount for at least one parsed loan block
510,Application Type,application_type_inferred_from_level,,Derived from level 'Professional'
510,School,school_missing,,School is blank in the source export
512,Application Type,application_type_inferred_from_level,,Derived from level 'Professional'
512,School,school_missing,,School is blank in the source export
514,Father Income Document,likely_lbp_without_currency_marker,1091000,father_income_document=1091000.0; currency_signal=none; currency_guess=likely_lbp_unmarked
516,Decision,decision_missing_with_bin_status,,Decision is blank while Bin contains 'incomplete'
519,Application Type,application_type_inferred_from_level,,Derived from level 'Professional'
519,School,school_missing,,School is blank in the source export
520,Application Type,application_type_inferred_from_level,,Derived from level 'Graduate'
520,School,school_missing,,School is blank in the source export
522,Application Type,application_type_inferred_from_level,,Derived from level 'Graduate'
526,Loans,mixed_currency_signal,"Reason: Housing
Source: Banque Libano Francaise
Mortgaged Asset: House
Start Date: 2008-04-29
End Date: 2038-04-29
Total Amount: 200,000,000 LBP (133,000 USD)
Monthly Payment: 675,000 LBP (450 USD)
Remaining Balance: around 100,000,000 LBP
Remaining Years: 15",Contains both USD and LBP/L.L. markers
526,Loans,large_monetary_value_review,"Reason: Housing
Source: Banque Libano Francaise
Mortgaged Asset: House
Start Date: 2008-04-29
End Date: 2038-04-29
Total Amount: 200,000,000 LBP (133,000 USD)
Monthly Payment: 675,000 LBP (450 USD)
Remaining Balance: around 100,000,000 LBP
Remaining Years: 15",loans_total_amount=200000000.0; currency_signal=mixed; currency_guess=mixed
526,Loans,large_monetary_value_review,"Reason: Housing
Source: Banque Libano Francaise
Mortgaged Asset: House
Start Date: 2008-04-29
End Date: 2038-04-29
Total Amount: 200,000,000 LBP (133,000 USD)
Monthly Payment: 675,000 LBP (450 USD)
Remaining Balance: around 100,000,000 LBP
Remaining Years: 15",loans_total_remaining_balance=100000000.0; currency_signal=mixed; currency_guess=mixed
528,Application Type,application_type_inferred_from_level,,Derived from level 'Professional'
528,School,school_missing,,School is blank in the source export
529,Application Type,application_type_inferred_from_level,,Derived from level 'Undergraduate'
529,School,school_missing,,School is blank in the source export
529,School,school_missing_undergraduate,,School is blank for an undergraduate application
531,Mother Income Document,parent_income_unparsed,nssf,Could not confidently parse a numeric amount
531,Mother Income Document,parent_income_needs_review,nssf,unparsed_text
536,Decision,decision_missing_with_bin_status,,Decision is blank while Bin contains 'committee_early_applications'
540,Application Type,application_type_inferred_from_level,,Derived from level 'Graduate'
540,School,school_missing,,School is blank in the source export
543,Loans,mixed_currency_signal,"Reason: Housing
Source: General Housing Institution
Mortgaged Asset: House
Start Date: 2007-09-01
End Date: 2037-09-01
Total Amount: 80 000 $
Monthly Payment: 666 000 L.L.
Remaining Balance: 450 000 000 L.L.
Remaining Years: 12",Contains both USD and LBP/L.L. markers
543,Loans,loan_balance_exceeds_total_amount,"Reason: Housing
Source: General Housing Institution
Mortgaged Asset: House
Start Date: 2007-09-01
End Date: 2037-09-01
Total Amount: 80 000 $
Monthly Payment: 666 000 L.L.
Remaining Balance: 450 000 000 L.L.
Remaining Years: 12",Remaining balance exceeds total amount for at least one parsed loan block
547,Application Type,application_type_inferred_from_level,,Derived from level 'Graduate'
547,School,school_missing,,School is blank in the source export
549,Application Type,application_type_inferred_from_level,,Derived from level 'Graduate'
549,School,school_missing,,School is blank in the source export
551,Application Type,application_type_inferred_from_level,,Derived from level 'Undergraduate'
553,Father Income Document,large_monetary_value_review,"2,000,000$",father_income_document=2000000.0; currency_signal=usd; currency_guess=usd
555,Application Type,application_type_inferred_from_level,,Derived from level 'Undergraduate'
555,School,school_missing,,School is blank in the source export
555,School,school_missing_undergraduate,,School is blank for an undergraduate application
556,Over and Above - Percentage Awarded,merit_plus_over_and_above_exceeds_50_rule,20,merit_pct=40.0; over_and_above_pct=20.0
558,Application Type,application_type_inferred_from_level,,Derived from level 'Professional'
558,School,school_missing,,School is blank in the source export
560,Application Type,application_type_inferred_from_level,,Derived from level 'Undergraduate'
560,Decision,decision_missing_with_bin_status,,Decision is blank while Bin contains 'incomplete'
561,Application Type,application_type_inferred_from_level,,Derived from level 'Graduate'
561,School,school_missing,,School is blank in the source export
568,Application Type,application_type_inferred_from_level,,Derived from level 'Graduate'
568,School,school_missing,,School is blank in the source export
571,Application Type,application_type_inferred_from_level,,Derived from level 'Undergraduate'
571,School,school_missing,,School is blank in the source export
571,School,school_missing_undergraduate,,School is blank for an undergraduate application
586,Decision,decision_missing_with_bin_status,,Decision is blank while Bin contains 'incomplete'
588,Application Type,application_type_inferred_from_level,,Derived from level 'Professional'
588,School,school_missing,,School is blank in the source export
589,Decision,decision_missing_with_bin_status,,Decision is blank while Bin contains 'committee_early_applications'
591,Application Type,application_type_inferred_from_level,,Derived from level 'Undergraduate'
591,School,school_missing,,School is blank in the source export
591,School,school_missing_undergraduate,,School is blank for an undergraduate application
592,Application Type,application_type_inferred_from_level,,Derived from level 'Undergraduate'
592,School,school_missing,,School is blank in the source export
592,School,school_missing_undergraduate,,School is blank for an undergraduate application
594,Application Type,application_type_inferred_from_level,,Derived from level 'Undergraduate'
594,School,school_missing,,School is blank in the source export
594,School,school_missing_undergraduate,,School is blank for an undergraduate application
595,Decision,decision_missing_with_bin_status,,Decision is blank while Bin contains 'incomplete'
598,Decision,decision_missing_with_bin_status,,Decision is blank while Bin contains 'committee_regular'
599,Application Type,application_type_inferred_from_level,,Derived from level 'Graduate'
599,School,school_missing,,School is blank in the source export
601,Application Type,application_type_inferred_from_level,,Derived from level 'Graduate'
601,School,school_missing,,School is blank in the source export
606,Application Type,application_type_inferred_from_level,,Derived from level 'Graduate'
606,School,school_missing,,School is blank in the source export
612,Application Type,application_type_inferred_from_level,,Derived from level 'Graduate'
612,School,school_missing,,School is blank in the source export
613,Application Type,application_type_inferred_from_level,,Derived from level 'Professional'
613,School,school_missing,,School is blank in the source export
616,Decision,decision_missing_with_bin_status,,Decision is blank while Bin contains 'incomplete'
619,Application Type,application_type_inferred_from_level,,Derived from level 'Professional'
619,School,school_missing,,School is blank in the source export
622,Application Type,application_type_inferred_from_level,,Derived from level 'Graduate'
622,School,school_missing,,School is blank in the source export
624,Application Type,application_type_inferred_from_level,,Derived from level 'Graduate'
624,School,school_missing,,School is blank in the source export
629,Application Type,application_type_inferred_from_level,,Derived from level 'Undergraduate'
629,School,school_missing,,School is blank in the source export
629,School,school_missing_undergraduate,,School is blank for an undergraduate application
631,Decision,decision_missing_with_bin_status,,Decision is blank while Bin contains 'incomplete'
637,Application Type,application_type_inferred_from_level,,Derived from level 'Graduate'
637,School,school_missing,,School is blank in the source export
638,Application Type,application_type_inferred_from_level,,Derived from level 'Undergraduate'
638,School,school_missing,,School is blank in the source export
638,School,school_missing_undergraduate,,School is blank for an undergraduate application
641,Financial Assistants,mixed_currency_signal,"church in kfarahbab some times (during christmas , easter..) around 5,000,000 L.L. + food

neighbor / friends per 2 month 100$

organization no payements but through essentials like food food",Contains both USD and LBP/L.L. markers
641,Financial Assistants,large_monetary_value_review,"church in kfarahbab some times (during christmas , easter..) around 5,000,000 L.L. + food

neighbor / friends per 2 month 100$

organization no payements but through essentials like food food",financial_assistants_total_est_annual_amount=5000000.0; currency_signal=mixed; currency_guess=mixed
652,Decision,decision_missing_with_bin_status,,Decision is blank while Bin contains 'incomplete'
655,Application Type,application_type_inferred_from_level,,Derived from level 'Graduate'
655,School,school_missing,,School is blank in the source export
660,Application Type,application_type_inferred_from_level,,Derived from level 'Graduate'
660,School,school_missing,,School is blank in the source export
665,Application Type,application_type_inferred_from_level,,Derived from level 'Graduate'
665,School,school_missing,,School is blank in the source export
666,Decision,decision_missing_with_bin_status,,Decision is blank while Bin contains 'incomplete'
669,Application Type,application_type_inferred_from_level,,Derived from level 'Undergraduate'
669,School,school_missing,,School is blank in the source export
669,School,school_missing_undergraduate,,School is blank for an undergraduate application
671,Loans,large_monetary_value_review,"Reason: housing
Source: BLOM Bank
Mortgaged Asset: house
Start Date: 2010-07-14
End Date: 2040-07-14
Total Amount: 168750000 L.L
Monthly Payment: 1050000
Remaining Balance: remaining payment scheduling ia under process by the Public Corporation for Housing
Remaining Years: 15",loans_total_amount=168750000.0; currency_signal=lbp; currency_guess=lbp
681,Application Type,application_type_inferred_from_level,,Derived from level 'Professional'
681,School,school_missing,,School is blank in the source export
689,Decision,decision_missing_with_bin_status,,Decision is blank while Bin contains 'incomplete'
693,Application Type,application_type_inferred_from_level,,Derived from level 'Graduate'
693,School,school_missing,,School is blank in the source export
697,Decision,decision_missing_with_bin_status,,Decision is blank while Bin contains 'incomplete'
700,Application Type,application_type_inferred_from_level,,Derived from level 'Professional'
700,School,school_missing,,School is blank in the source export
700,Loans,large_monetary_value_review,"Reason: House loan
Source: Public corporation for housing Lebanon (المؤسسة العامة للإسكان)
Mortgaged Asset: House
Start Date: 2015-07-10
End Date: 2030-08-10
Total Amount: 216,000,000 LBP (without interest)
Monthly Payment: 1,200,000 LBP
Remaining Balance: 79,200,000 LBP (without interest)
Remaining Years: 5.5",loans_total_amount=216000000.0; currency_signal=lbp; currency_guess=lbp
712,Application Type,application_type_inferred_from_level,,Derived from level 'Graduate'
712,School,school_missing,,School is blank in the source export
715,Decision,decision_missing_with_bin_status,,Decision is blank while Bin contains 'incomplete'
722,Application Type,application_type_inferred_from_level,,Derived from level 'Professional'
722,School,school_missing,,School is blank in the source export
724,Decision,decision_missing_with_bin_status,,Decision is blank while Bin contains 'incomplete'
725,Application Type,application_type_inferred_from_level,,Derived from level 'Graduate'
725,School,school_missing,,School is blank in the source export
728,Application Type,application_type_inferred_from_level,,Derived from level 'Professional'
728,School,school_missing,,School is blank in the source export
729,Application Type,application_type_inferred_from_level,,Derived from level 'Undergraduate'
729,School,school_missing,,School is blank in the source export
729,School,school_missing_undergraduate,,School is blank for an undergraduate application
731,Application Type,application_type_inferred_from_level,,Derived from level 'Undergraduate'
731,School,school_missing,,School is blank in the source export
731,School,school_missing_undergraduate,,School is blank for an undergraduate application
733,Decision,decision_missing_with_bin_status,,Decision is blank while Bin contains 'incomplete'
734,Decision,decision_missing_with_bin_status,,Decision is blank while Bin contains 'incomplete'
738,Loans,large_monetary_value_review,"Reason: house rennovation
Source: Bnque De L habitat
Mortgaged Asset: house
Start Date: 2016-05-18
End Date: 2033-05-18
Total Amount: 140,000,000 l.l.
Monthly Payment: 910,000 l.l.
Remaining Balance: 65,330,000 l.l.
Remaining Years: 9",loans_total_amount=140000000.0; currency_signal=lbp; currency_guess=lbp
740,Application Type,application_type_inferred_from_level,,Derived from level 'Graduate'
740,School,school_missing,,School is blank in the source export
741,Application Type,application_type_inferred_from_level,,Derived from level 'Undergraduate'
741,School,school_missing,,School is blank in the source export
741,School,school_missing_undergraduate,,School is blank for an undergraduate application
743,Application Type,application_type_inferred_from_level,,Derived from level 'Professional'
743,School,school_missing,,School is blank in the source export
748,Loans,mixed_currency_signal,"Reason: To pay for school
Source: Kard Al Hasan
Mortgaged Asset: Gold
Start Date: 2024-06-09
End Date: 2027-05-09
Total Amount: 4400$
Monthly Payment: 122$
Remaining Balance: 4034$
Remaining Years: 3

Reason: To pay for school
Source: Kard Al Hasan
Mortgaged Asset: Gold
Start Date: 2024-03-12
End Date: 2026-02-12
Total Amount: 45720000L.L
Monthly Payment: 1905000L.L
Remaining Balance: 30600000L.L
Remaining Years: 2

Reason: To complete the remaining payment for the house
Source: بنك الاعتماد
Mortgaged Asset: House itself
Start Date: 2014-11-30
End Date: 2037-11-30
Total Amount: 67000000L.L
Monthly Payment: 500000L.L
Remaining Balance: 30000000L.L
Remaining Years: 13",Contains both USD and LBP/L.L. markers
750,Application Type,application_type_inferred_from_level,,Derived from level 'Graduate'
750,School,school_missing,,School is blank in the source export
762,Application Type,application_type_inferred_from_level,,Derived from level 'Graduate'
762,School,school_missing,,School is blank in the source export
765,Application Type,application_type_inferred_from_level,,Derived from level 'Undergraduate'
765,School,school_missing,,School is blank in the source export
765,School,school_missing_undergraduate,,School is blank for an undergraduate application
772,Mother Income Document,parent_income_unparsed,NSSF,Could not confidently parse a numeric amount
772,Mother Income Document,parent_income_needs_review,NSSF,unparsed_text
776,Loans,likely_lbp_without_currency_marker,"Reason: House Loan
Source: Bank
Mortgaged Asset: Unknown
Start Date: 2015-08-24
End Date: 2026-08-24
Total Amount: 209000000
Monthly Payment: 1850000
Remaining Balance: 37000000
Remaining Years: 1.5",loans_total_amount=209000000.0; currency_signal=none; currency_guess=likely_lbp_unmarked
781,Application Type,application_type_inferred_from_level,,Derived from level 'Graduate'
781,School,school_missing,,School is blank in the source export
785,Decision,decision_missing_with_bin_status,,Decision is blank while Bin contains 'incomplete'
791,Application Type,application_type_inferred_from_level,,Derived from level 'Graduate'
791,School,school_missing,,School is blank in the source export
793,Application Type,application_type_inferred_from_level,,Derived from level 'Graduate'
793,School,school_missing,,School is blank in the source export
794,Application Type,application_type_inferred_from_level,,Derived from level 'Undergraduate'
794,School,school_missing,,School is blank in the source export
794,School,school_missing_undergraduate,,School is blank for an undergraduate application
801,Decision,decision_missing_with_bin_status,,Decision is blank while Bin contains 'incomplete'
802,Application Type,application_type_inferred_from_level,,Derived from level 'Graduate'
802,School,school_missing,,School is blank in the source export
802,Loans,large_monetary_value_review,"Reason: House purchase
Source: BLC bank
Mortgaged Asset: nothing, it is Iskan loan
Start Date: 2015-12-26
End Date: 2027-10-31
Total Amount: 130,000,000 L.L
Monthly Payment: 991,711 L.L
Remaining Balance: 40,000,000
Remaining Years: 3",loans_total_amount=130000000.0; currency_signal=lbp; currency_guess=lbp
803,Application Type,application_type_inferred_from_level,,Derived from level 'Graduate'
803,School,school_missing,,School is blank in the source export
811,Application Type,application_type_inferred_from_level,,Derived from level 'Graduate'
811,School,school_missing,,School is blank in the source export
811,Applicant Work Status,likely_lbp_without_currency_marker,"Employed In: Private Sector
Position: Civil Engineer
Institution or Employer's Name: Dar Al-Handasah
Annual Income 1,332,737
Educational Benefits: 0
Accomodation: 0
Commission: 0
Bonuses: 0
Other Benefits: 0",applicant_annual_income=1332737.0; currency_signal=none; currency_guess=likely_lbp_unmarked
812,Decision,decision_missing_with_bin_status,,Decision is blank while Bin contains 'incomplete'
825,Application Type,application_type_inferred_from_level,,Derived from level 'Graduate'
825,School,school_missing,,School is blank in the source export
826,Application Type,application_type_inferred_from_level,,Derived from level 'Graduate'
826,School,school_missing,,School is blank in the source export
827,Application Type,application_type_inferred_from_level,,Derived from level 'Undergraduate'
827,School,school_missing,,School is blank in the source export
827,School,school_missing_undergraduate,,School is blank for an undergraduate application
828,Application Type,application_type_inferred_from_level,,Derived from level 'Graduate'
828,School,school_missing,,School is blank in the source export
832,Loans,mixed_currency_signal,"Reason: buy an appartment
Source: UNRWA
Mortgaged Asset: YES
Start Date: 2016-10-01
End Date: 2026-11-01
Total Amount: 10000
Monthly Payment: 82.92 $
Remaining Balance: 876.64 $
Remaining Years: 1

Reason: buy an appartment
Source: Lebanese
Mortgaged Asset: Yes
Start Date: 2016-11-10
End Date: 2036-10-10
Total Amount: 78000000 LL
Monthly Payment: 650000 LL
Remaining Balance: 30000000
Remaining Years: 11",Contains both USD and LBP/L.L. markers
832,Over and Above - Percentage Awarded,merit_plus_over_and_above_exceeds_50_rule,35,merit_pct=25.0; over_and_above_pct=35.0
833,Application Type,application_type_inferred_from_level,,Derived from level 'Graduate'
833,School,school_missing,,School is blank in the source export
834,Application Type,application_type_inferred_from_level,,Derived from level 'Professional'
834,School,school_missing,,School is blank in the source export
838,Decision,decision_missing_with_bin_status,,Decision is blank while Bin contains 'incomplete'
839,Application Type,application_type_inferred_from_level,,Derived from level 'Graduate'
839,School,school_missing,,School is blank in the source export
846,Application Type,application_type_inferred_from_level,,Derived from level 'Professional'
846,School,school_missing,,School is blank in the source export
846,Father Income Document,likely_lbp_without_currency_marker,1200000,father_income_document=1200000.0; currency_signal=none; currency_guess=likely_lbp_unmarked
848,Application Type,application_type_inferred_from_level,,Derived from level 'Graduate'
848,School,school_missing,,School is blank in the source export
852,Application Type,application_type_inferred_from_level,,Derived from level 'Professional'
852,School,school_missing,,School is blank in the source export
854,Application Type,application_type_inferred_from_level,,Derived from level 'Undergraduate'
854,School,school_missing,,School is blank in the source export
854,School,school_missing_undergraduate,,School is blank for an undergraduate application
855,Decision,decision_missing_with_bin_status,,Decision is blank while Bin contains 'incomplete'
860,Application Type,application_type_inferred_from_level,,Derived from level 'Graduate'
860,School,school_missing,,School is blank in the source export
863,Decision,decision_missing_with_bin_status,,Decision is blank while Bin contains 'committee_early_applications'
868,Over and Above - Percentage Awarded,merit_plus_over_and_above_exceeds_50_rule,20,merit_pct=40.0; over_and_above_pct=20.0
873,Application Type,application_type_inferred_from_level,,Derived from level 'Graduate'
873,School,school_missing,,School is blank in the source export
881,Application Type,application_type_inferred_from_level,,Derived from level 'Undergraduate'
881,School,school_missing,,School is blank in the source export
881,School,school_missing_undergraduate,,School is blank for an undergraduate application
886,Decision,decision_missing_with_bin_status,,Decision is blank while Bin contains 'committee_early_applications'
891,Application Type,application_type_inferred_from_level,,Derived from level 'Graduate'
891,School,school_missing,,School is blank in the source export
896,Application Type,application_type_inferred_from_level,,Derived from level 'Graduate'
896,School,school_missing,,School is blank in the source export
896,Father Income Document,likely_lbp_without_currency_marker,1333333,father_income_document=1333333.0; currency_signal=none; currency_guess=likely_lbp_unmarked
897,Application Type,application_type_inferred_from_level,,Derived from level 'Graduate'
897,School,school_missing,,School is blank in the source export
899,Decision,decision_missing_with_bin_status,,Decision is blank while Bin contains 'committee_regular'
900,Decision,decision_missing_with_bin_status,,Decision is blank while Bin contains 'committee_early_applications'
905,Application Type,application_type_inferred_from_level,,Derived from level 'Undergraduate'
905,School,school_missing,,School is blank in the source export
905,School,school_missing_undergraduate,,School is blank for an undergraduate application
907,Decision,decision_missing_with_bin_status,,Decision is blank while Bin contains 'incomplete'
910,Application Type,application_type_inferred_from_level,,Derived from level 'Professional'
910,School,school_missing,,School is blank in the source export
924,Application Type,application_type_inferred_from_level,,Derived from level 'Graduate'
924,School,school_missing,,School is blank in the source export
927,Decision,decision_missing_with_bin_status,,Decision is blank while Bin contains 'incomplete'
929,Decision,decision_missing_with_bin_status,,Decision is blank while Bin contains 'committee_early_applications'
932,Application Type,application_type_inferred_from_level,,Derived from level 'Graduate'
932,School,school_missing,,School is blank in the source export
935,Loans,large_monetary_value_review,"Reason: housing
Source: credit libanais
Mortgaged Asset: House
Start Date: 2010-10-10
End Date: 2025-11-10
Total Amount: 975,000,000 LBP
Monthly Payment: 6,000,000 LBP
Remaining Balance: 85,000,000 LBP
Remaining Years: 1",loans_total_amount=975000000.0; currency_signal=lbp; currency_guess=lbp
935,Loans,large_monetary_value_review,"Reason: housing
Source: credit libanais
Mortgaged Asset: House
Start Date: 2010-10-10
End Date: 2025-11-10
Total Amount: 975,000,000 LBP
Monthly Payment: 6,000,000 LBP
Remaining Balance: 85,000,000 LBP
Remaining Years: 1",loans_total_monthly_payment=6000000.0; currency_signal=lbp; currency_guess=lbp
939,Application Type,application_type_inferred_from_level,,Derived from level 'Professional'
939,School,school_missing,,School is blank in the source export
940,Application Type,application_type_inferred_from_level,,Derived from level 'Graduate'
940,School,school_missing,,School is blank in the source export
942,Decision,decision_missing_with_bin_status,,Decision is blank while Bin contains 'incomplete'
945,Application Type,application_type_inferred_from_level,,Derived from level 'Graduate'
945,School,school_missing,,School is blank in the source export
947,Application Type,application_type_inferred_from_level,,Derived from level 'Graduate'
947,School,school_missing,,School is blank in the source export
949,Application Type,application_type_inferred_from_level,,Derived from level 'Graduate'
949,School,school_missing,,School is blank in the source export
957,Application Type,application_type_inferred_from_level,,Derived from level 'Graduate'
957,School,school_missing,,School is blank in the source export
962,Application Type,application_type_inferred_from_level,,Derived from level 'Graduate'
962,School,school_missing,,School is blank in the source export
964,Loans,likely_lbp_without_currency_marker,"Reason: To buy a house
Source: Blom Bank
Mortgaged Asset: house
Start Date: 2010-05-27
End Date: 2040-04-27
Total Amount: 360000000
Monthly Payment: 1150000
Remaining Balance: ~180000000
Remaining Years: 16",loans_total_amount=360000000.0; currency_signal=none; currency_guess=likely_lbp_unmarked
964,Loans,likely_lbp_without_currency_marker,"Reason: To buy a house
Source: Blom Bank
Mortgaged Asset: house
Start Date: 2010-05-27
End Date: 2040-04-27
Total Amount: 360000000
Monthly Payment: 1150000
Remaining Balance: ~180000000
Remaining Years: 16",loans_total_remaining_balance=180000000.0; currency_signal=none; currency_guess=likely_lbp_unmarked
965,Application Type,application_type_inferred_from_level,,Derived from level 'Undergraduate'
965,Decision,decision_missing_with_bin_status,,Decision is blank while Bin contains 'awarded_donor_funded_scholarship'
965,School,school_missing,,School is blank in the source export
965,School,school_missing_undergraduate,,School is blank for an undergraduate application
966,Application Type,application_type_inferred_from_level,,Derived from level 'Graduate'
966,School,school_missing,,School is blank in the source export
968,Application Type,application_type_inferred_from_level,,Derived from level 'Undergraduate'
970,Loans,large_monetary_value_review,"Reason: Appartment purchase
Source: Lebanese National Housing Corporation
Mortgaged Asset: salaries as state officials
Start Date: 2012-08-18
End Date: 2026-09-05
Total Amount: 245000000 L.L.
Monthly Payment: 1910000L.L.
Remaining Balance: 42009406
Remaining Years: 2",loans_total_amount=245000000.0; currency_signal=lbp; currency_guess=lbp
972,Application Type,application_type_inferred_from_level,,Derived from level 'Professional'
972,School,school_missing,,School is blank in the source export
977,Application Type,application_type_inferred_from_level,,Derived from level 'Graduate'
977,School,school_missing,,School is blank in the source export
992,Application Type,application_type_inferred_from_level,,Derived from level 'Undergraduate'
992,School,school_missing,,School is blank in the source export
992,School,school_missing_undergraduate,,School is blank for an undergraduate application
993,Application Type,application_type_inferred_from_level,,Derived from level 'Graduate'
993,School,school_missing,,School is blank in the source export
997,Decision,decision_missing_with_bin_status,,Decision is blank while Bin contains 'incomplete'
998,Application Type,application_type_inferred_from_level,,Derived from level 'Graduate'
998,School,school_missing,,School is blank in the source export
1010,Loans,large_monetary_value_review,"Reason: House Loan
Source: المؤسسة العامة للإسكان
Mortgaged Asset: Byblos Bank
Start Date: 2016-08-27
End Date: 2031-08-27
Total Amount: 225,000,000 L.L
Monthly Payment: 1,250,000 L.L
Remaining Balance: الفوائد على قيمة القرض
Remaining Years: حسب تحديد الفوائد وقيمتها وطريقة دفعها",loans_total_amount=225000000.0; currency_signal=lbp; currency_guess=lbp
1011,Application Type,application_type_inferred_from_level,,Derived from level 'Professional'
1011,School,school_missing,,School is blank in the source export
1016,Application Type,application_type_inferred_from_level,,Derived from level 'Graduate'
1016,School,school_missing,,School is blank in the source export
1022,Application Type,application_type_inferred_from_level,,Derived from level 'Professional'
1022,School,school_missing,,School is blank in the source export
1029,Application Type,application_type_inferred_from_level,,Derived from level 'Graduate'
1029,School,school_missing,,School is blank in the source export
1033,Application Type,application_type_inferred_from_level,,Derived from level 'Graduate'
1033,School,school_missing,,School is blank in the source export
1036,Application Type,application_type_inferred_from_level,,Derived from level 'Professional'
1036,School,school_missing,,School is blank in the source export
1037,Application Type,application_type_inferred_from_level,,Derived from level 'Professional'
1037,School,school_missing,,School is blank in the source export
1039,Application Type,application_type_inferred_from_level,,Derived from level 'Undergraduate'
1039,School,school_missing,,School is blank in the source export
1039,School,school_missing_undergraduate,,School is blank for an undergraduate application
1047,Application Type,application_type_inferred_from_level,,Derived from level 'Undergraduate'
1047,School,school_missing,,School is blank in the source export
1047,School,school_missing_undergraduate,,School is blank for an undergraduate application
1049,Application Type,application_type_inferred_from_level,,Derived from level 'Undergraduate'
1049,School,school_missing,,School is blank in the source export
1049,School,school_missing_undergraduate,,School is blank for an undergraduate application
1058,Decision,decision_missing_with_bin_status,,Decision is blank while Bin contains 'committee_early_applications'
1059,Decision,decision_missing_with_bin_status,,Decision is blank while Bin contains 'committee_early_applications'
1060,Application Type,application_type_inferred_from_level,,Derived from level 'Graduate'
1060,School,school_missing,,School is blank in the source export
1064,Application Type,application_type_inferred_from_level,,Derived from level 'Undergraduate'
1064,School,school_missing,,School is blank in the source export
1064,School,school_missing_undergraduate,,School is blank for an undergraduate application
1065,Application Type,application_type_inferred_from_level,,Derived from level 'Graduate'
1065,School,school_missing,,School is blank in the source export
1067,Application Type,application_type_inferred_from_level,,Derived from level 'Graduate'
1067,School,school_missing,,School is blank in the source export
1068,Application Type,application_type_inferred_from_level,,Derived from level 'Undergraduate'
1068,School,school_missing,,School is blank in the source export
1068,School,school_missing_undergraduate,,School is blank for an undergraduate application
1071,Application Type,application_type_inferred_from_level,,Derived from level 'Professional'
1071,School,school_missing,,School is blank in the source export
1073,Application Type,application_type_inferred_from_level,,Derived from level 'Graduate'
1073,School,school_missing,,School is blank in the source export
1074,Application Type,application_type_inferred_from_level,,Derived from level 'Graduate'
1074,School,school_missing,,School is blank in the source export
1086,Application Type,application_type_inferred_from_level,,Derived from level 'Professional'
1086,School,school_missing,,School is blank in the source export
1088,Application Type,application_type_inferred_from_level,,Derived from level 'Undergraduate'
1088,School,school_missing,,School is blank in the source export
1088,School,school_missing_undergraduate,,School is blank for an undergraduate application
1092,Application Type,application_type_inferred_from_level,,Derived from level 'Graduate'
1092,School,school_missing,,School is blank in the source export
1097,Decision,decision_missing_with_bin_status,,Decision is blank while Bin contains 'incomplete'
1098,Decision,decision_missing_with_bin_status,,Decision is blank while Bin contains 'committee_regular'
1101,Loans,large_monetary_value_review,"Reason: housing
Source: central bank of lebanon
Mortgaged Asset: appartment
Start Date: 2012-11-07
End Date: 2036-11-01
Total Amount: 327,984,000 LBP
Monthly Payment: 976,759 LBP
Remaining Balance: 110,429,625 LBP
Remaining Years: 11

Reason: credit card
Source: central bank of lebanon
Mortgaged Asset: none
Start Date: 2008-07-04
End Date: 2036-12-31
Total Amount: 105000000 LBP
Monthly Payment: 73000 LBP
Remaining Balance: 105000000 LBP
Remaining Years: 11 YEARS",loans_total_amount=432984000.0; currency_signal=lbp; currency_guess=lbp
1101,Loans,large_monetary_value_review,"Reason: housing
Source: central bank of lebanon
Mortgaged Asset: appartment
Start Date: 2012-11-07
End Date: 2036-11-01
Total Amount: 327,984,000 LBP
Monthly Payment: 976,759 LBP
Remaining Balance: 110,429,625 LBP
Remaining Years: 11

Reason: credit card
Source: central bank of lebanon
Mortgaged Asset: none
Start Date: 2008-07-04
End Date: 2036-12-31
Total Amount: 105000000 LBP
Monthly Payment: 73000 LBP
Remaining Balance: 105000000 LBP
Remaining Years: 11 YEARS",loans_total_remaining_balance=215429625.0; currency_signal=lbp; currency_guess=lbp
1102,Application Type,application_type_inferred_from_level,,Derived from level 'Undergraduate'
1105,Application Type,application_type_inferred_from_level,,Derived from level 'Graduate'
1105,School,school_missing,,School is blank in the source export
1109,Decision,decision_missing_with_bin_status,,Decision is blank while Bin contains 'awarded_donor_funded_scholarship'
1113,Application Type,application_type_inferred_from_level,,Derived from level 'Graduate'
1113,School,school_missing,,School is blank in the source export
1124,Decision,decision_missing_with_bin_status,,Decision is blank while Bin contains 'incomplete'
1130,Decision,decision_missing_with_bin_status,,Decision is blank while Bin contains 'incomplete'
1133,Decision,decision_missing_with_bin_status,,Decision is blank while Bin contains 'incomplete'
1134,Decision,decision_missing_with_bin_status,,Decision is blank while Bin contains 'incomplete'
1135,Application Type,application_type_inferred_from_level,,Derived from level 'Professional'
1135,School,school_missing,,School is blank in the source export
1142,Application Type,application_type_inferred_from_level,,Derived from level 'Undergraduate'
1144,Decision,decision_missing_with_bin_status,,Decision is blank while Bin contains 'incomplete'
1148,Application Type,application_type_inferred_from_level,,Derived from level 'Undergraduate'
1149,Application Type,application_type_inferred_from_level,,Derived from level 'Undergraduate'
1149,School,school_missing,,School is blank in the source export
1149,School,school_missing_undergraduate,,School is blank for an undergraduate application
1150,Decision,decision_missing_with_bin_status,,Decision is blank while Bin contains 'incomplete'
1151,Application Type,application_type_inferred_from_level,,Derived from level 'Undergraduate'
1151,School,school_missing,,School is blank in the source export
1151,School,school_missing_undergraduate,,School is blank for an undergraduate application
1159,Decision,decision_missing_with_bin_status,,Decision is blank while Bin contains 'incomplete'
1160,Decision,decision_missing_with_bin_status,,Decision is blank while Bin contains 'incomplete'
1162,Application Type,application_type_inferred_from_level,,Derived from level 'Undergraduate'
1162,School,school_missing,,School is blank in the source export
1162,School,school_missing_undergraduate,,School is blank for an undergraduate application
1165,Application Type,application_type_inferred_from_level,,Derived from level 'Professional'
1165,School,school_missing,,School is blank in the source export
1166,Application Type,application_type_inferred_from_level,,Derived from level 'Graduate'
1166,School,school_missing,,School is blank in the source export
1171,Application Type,application_type_inferred_from_level,,Derived from level 'Professional'
1171,School,school_missing,,School is blank in the source export
1175,Application Type,application_type_inferred_from_level,,Derived from level 'Graduate'
1175,School,school_missing,,School is blank in the source export
1178,Decision,decision_missing_with_bin_status,,Decision is blank while Bin contains 'incomplete'
1179,Loans,likely_lbp_without_currency_marker,"Reason: Home loan
Source: Bank
Mortgaged Asset: The home itself
Start Date: 2013-01-01
End Date: 2043-01-01
Total Amount: 270000000
Monthly Payment: 1500000
Remaining Balance: 100000000
Remaining Years: 18",loans_total_amount=270000000.0; currency_signal=none; currency_guess=likely_lbp_unmarked
1179,Loans,likely_lbp_without_currency_marker,"Reason: Home loan
Source: Bank
Mortgaged Asset: The home itself
Start Date: 2013-01-01
End Date: 2043-01-01
Total Amount: 270000000
Monthly Payment: 1500000
Remaining Balance: 100000000
Remaining Years: 18",loans_total_remaining_balance=100000000.0; currency_signal=none; currency_guess=likely_lbp_unmarked
1180,Application Type,application_type_inferred_from_level,,Derived from level 'Undergraduate'
1180,School,school_missing,,School is blank in the source export
1180,School,school_missing_undergraduate,,School is blank for an undergraduate application
1183,Decision,decision_missing_with_bin_status,,Decision is blank while Bin contains 'committee_regular'
1186,Application Type,application_type_inferred_from_level,,Derived from level 'Graduate'
1186,School,school_missing,,School is blank in the source export
1187,Application Type,application_type_inferred_from_level,,Derived from level 'Graduate'
1187,School,school_missing,,School is blank in the source export
1206,Application Type,application_type_inferred_from_level,,Derived from level 'Undergraduate'
1209,Application Type,application_type_inferred_from_level,,Derived from level 'Graduate'
1209,School,school_missing,,School is blank in the source export
1210,Application Type,application_type_inferred_from_level,,Derived from level 'Graduate'
1210,School,school_missing,,School is blank in the source export
1218,Application Type,application_type_inferred_from_level,,Derived from level 'Professional'
1218,School,school_missing,,School is blank in the source export
1219,Application Type,application_type_inferred_from_level,,Derived from level 'Graduate'
1219,School,school_missing,,School is blank in the source export
1220,Application Type,application_type_inferred_from_level,,Derived from level 'Undergraduate'
1221,Decision,decision_missing_with_bin_status,,Decision is blank while Bin contains 'incomplete'
1226,Application Type,application_type_inferred_from_level,,Derived from level 'Graduate'
1226,School,school_missing,,School is blank in the source export
1227,Application Type,application_type_inferred_from_level,,Derived from level 'Graduate'
1227,School,school_missing,,School is blank in the source export
1230,Application Type,application_type_inferred_from_level,,Derived from level 'Graduate'
1230,School,school_missing,,School is blank in the source export
1232,Loans,large_monetary_value_review,"Reason: Buying Apartment
Source: Credi Libanais
Mortgaged Asset: Apartment
Start Date: 2015-09-30
End Date: 2030-09-30
Total Amount: 250,000,000 LBP
Monthly Payment: 1,389,000 + 150,000 Insurance
Remaining Balance: 98,599,000
Remaining Years: 6 years + 15 years interest",loans_total_amount=250000000.0; currency_signal=lbp; currency_guess=lbp
1234,Decision,decision_missing_with_bin_status,,Decision is blank while Bin contains 'incomplete'
1246,Loans,large_monetary_value_review,"Reason: house lan
Source: Byblos bank
Mortgaged Asset: -
Start Date: 2011-06-01
End Date: 2039-06-01
Total Amount: 192,000,000 LBP
Monthly Payment: 1,434,858 LBP
Remaining Balance: 26,000,000
Remaining Years: 18",loans_total_amount=192000000.0; currency_signal=lbp; currency_guess=lbp
1247,Decision,decision_missing_with_bin_status,,Decision is blank while Bin contains 'incomplete'
1248,Application Type,application_type_inferred_from_level,,Derived from level 'Graduate'
1248,School,school_missing,,School is blank in the source export
1251,Application Type,application_type_inferred_from_level,,Derived from level 'Graduate'
1251,School,school_missing,,School is blank in the source export
1252,Application Type,application_type_inferred_from_level,,Derived from level 'Graduate'
1252,School,school_missing,,School is blank in the source export
1255,Over and Above - Percentage Awarded,merit_plus_over_and_above_exceeds_50_rule,35,merit_pct=30.0; over_and_above_pct=35.0
1256,Application Type,application_type_inferred_from_level,,Derived from level 'Graduate'
1256,School,school_missing,,School is blank in the source export
1257,Application Type,application_type_inferred_from_level,,Derived from level 'Undergraduate'
1257,School,school_missing,,School is blank in the source export
1257,School,school_missing_undergraduate,,School is blank for an undergraduate application
1259,Application Type,application_type_inferred_from_level,,Derived from level 'Graduate'
1259,School,school_missing,,School is blank in the source export
1260,Application Type,application_type_inferred_from_level,,Derived from level 'Graduate'
1260,School,school_missing,,School is blank in the source export
1261,Decision,decision_missing_with_bin_status,,Decision is blank while Bin contains 'incomplete'
1262,Application Type,application_type_inferred_from_level,,Derived from level 'Graduate'
1262,School,school_missing,,School is blank in the source export
1267,Loans,likely_lbp_without_currency_marker,"Reason: Housing
Source: PCH
Mortgaged Asset: House
Start Date: 2014-03-03
End Date: 2029-03-03
Total Amount: 266760000
Monthly Payment: 1482000
Remaining Balance: 0
Remaining Years: 0",loans_total_amount=266760000.0; currency_signal=none; currency_guess=likely_lbp_unmarked
1274,Decision,decision_missing_with_bin_status,,Decision is blank while Bin contains 'committee_early_applications'
1279,Application Type,application_type_inferred_from_level,,Derived from level 'Professional'
1283,Application Type,application_type_inferred_from_level,,Derived from level 'Graduate'
1283,School,school_missing,,School is blank in the source export
1285,Application Type,application_type_inferred_from_level,,Derived from level 'Professional'
1285,School,school_missing,,School is blank in the source export
1286,Application Type,application_type_inferred_from_level,,Derived from level 'Graduate'
1286,School,school_missing,,School is blank in the source export
1286,Loans,loan_balance_exceeds_total_amount,"Reason: PAYING SCHOOL FEES AND REQUIREMENTS FOR THE DEPENDANT
Source: VILLAGE SAVINGS AND LOANS ASSOCIATION GROUP
Mortgaged Asset: SAVINGS
Start Date: 2024-02-07
End Date: 2024-05-07
Total Amount: 2,000,000
Monthly Payment: 0
Remaining Balance: 2,200,000/=
Remaining Years: 8 Months",Remaining balance exceeds total amount for at least one parsed loan block
1295,Decision,decision_missing_with_bin_status,,Decision is blank while Bin contains 'incomplete'
1298,Application Type,application_type_inferred_from_level,,Derived from level 'Graduate'
1298,School,school_missing,,School is blank in the source export
1300,Application Type,application_type_inferred_from_level,,Derived from level 'Undergraduate'
1300,School,school_missing,,School is blank in the source export
1300,School,school_missing_undergraduate,,School is blank for an undergraduate application
1300,Father Income Document,likely_lbp_without_currency_marker,1300000,father_income_document=1300000.0; currency_signal=none; currency_guess=likely_lbp_unmarked
1302,Application Type,application_type_inferred_from_level,,Derived from level 'Graduate'
1302,School,school_missing,,School is blank in the source export
1306,Application Type,application_type_inferred_from_level,,Derived from level 'Graduate'
1306,School,school_missing,,School is blank in the source export
1308,Application Type,application_type_inferred_from_level,,Derived from level 'Undergraduate'
1308,School,school_missing,,School is blank in the source export
1308,School,school_missing_undergraduate,,School is blank for an undergraduate application
1313,Application Type,application_type_inferred_from_level,,Derived from level 'Undergraduate'
1313,School,school_missing,,School is blank in the source export
1313,School,school_missing_undergraduate,,School is blank for an undergraduate application
1317,Application Type,application_type_inferred_from_level,,Derived from level 'Professional'
1317,School,school_missing,,School is blank in the source export
1320,Application Type,application_type_inferred_from_level,,Derived from level 'Professional'
1320,School,school_missing,,School is blank in the source export
1324,Decision,decision_missing_with_bin_status,,Decision is blank while Bin contains 'incomplete'
1326,Decision,decision_missing_with_bin_status,,Decision is blank while Bin contains 'incomplete'
1331,Application Type,application_type_inferred_from_level,,Derived from level 'Professional'
1331,School,school_missing,,School is blank in the source export
1332,Application Type,application_type_inferred_from_level,,Derived from level 'Graduate'
1332,School,school_missing,,School is blank in the source export
1333,Application Type,application_type_inferred_from_level,,Derived from level 'Professional'
1333,School,school_missing,,School is blank in the source export
1335,Application Type,application_type_inferred_from_level,,Derived from level 'Professional'
1335,School,school_missing,,School is blank in the source export
1341,Loans,loan_balance_exceeds_total_amount,"Reason: Insufficient finance
Source: مؤسسة عامة للإسكان
Mortgaged Asset: House
Start Date: 2003-05-26
End Date: 2027-05-26
Total Amount: 65,000,000LL
Monthly Payment: 451,389LL
Remaining Balance: 48,750,012
Remaining Years: 3",Remaining balance exceeds total amount for at least one parsed loan block
1345,Decision,decision_missing_with_bin_status,,Decision is blank while Bin contains 'committee_regular'
1357,Application Type,application_type_inferred_from_level,,Derived from level 'Professional'
1357,School,school_missing,,School is blank in the source export
1358,Decision,decision_missing_with_bin_status,,Decision is blank while Bin contains 'incomplete'
1366,Application Type,application_type_inferred_from_level,,Derived from level 'Graduate'
1366,School,school_missing,,School is blank in the source export
1367,Application Type,application_type_inferred_from_level,,Derived from level 'Graduate'
1367,School,school_missing,,School is blank in the source export
1368,Application Type,application_type_inferred_from_level,,Derived from level 'Undergraduate'
1368,School,school_missing,,School is blank in the source export
1368,School,school_missing_undergraduate,,School is blank for an undergraduate application
1372,Application Type,application_type_inferred_from_level,,Derived from level 'Undergraduate'
1372,School,school_missing,,School is blank in the source export
1372,School,school_missing_undergraduate,,School is blank for an undergraduate application
1377,Application Type,application_type_inferred_from_level,,Derived from level 'Graduate'
1377,School,school_missing,,School is blank in the source export
1379,Application Type,application_type_inferred_from_level,,Derived from level 'Professional'
1379,School,school_missing,,School is blank in the source export
1381,Application Type,application_type_inferred_from_level,,Derived from level 'Graduate'
1381,School,school_missing,,School is blank in the source export
1384,Decision,decision_missing_with_bin_status,,Decision is blank while Bin contains 'committee_regular'
1388,Application Type,application_type_inferred_from_level,,Derived from level 'Graduate'
1388,School,school_missing,,School is blank in the source export
1393,Application Type,application_type_inferred_from_level,,Derived from level 'Graduate'
1393,School,school_missing,,School is blank in the source export
1396,Application Type,application_type_inferred_from_level,,Derived from level 'Graduate'
1396,School,school_missing,,School is blank in the source export
1399,Application Type,application_type_inferred_from_level,,Derived from level 'Graduate'
1399,School,school_missing,,School is blank in the source export
1405,Application Type,application_type_inferred_from_level,,Derived from level 'Professional'
1405,School,school_missing,,School is blank in the source export
1409,Application Type,application_type_inferred_from_level,,Derived from level 'Graduate'
1409,School,school_missing,,School is blank in the source export
1410,Application Type,application_type_inferred_from_level,,Derived from level 'Professional'
1410,School,school_missing,,School is blank in the source export
1412,Application Type,application_type_inferred_from_level,,Derived from level 'Graduate'
1412,School,school_missing,,School is blank in the source export
1415,Application Type,application_type_inferred_from_level,,Derived from level 'Undergraduate'
1415,School,school_missing,,School is blank in the source export
1415,School,school_missing_undergraduate,,School is blank for an undergraduate application
1418,Decision,decision_missing_with_bin_status,,Decision is blank while Bin contains 'student_not_to_be_considered'
1419,Decision,decision_missing_with_bin_status,,Decision is blank while Bin contains 'incomplete'
1421,Application Type,application_type_inferred_from_level,,Derived from level 'Undergraduate'
1421,School,school_missing,,School is blank in the source export
1421,School,school_missing_undergraduate,,School is blank for an undergraduate application
1422,Application Type,application_type_inferred_from_level,,Derived from level 'Graduate'
1422,School,school_missing,,School is blank in the source export
1423,Application Type,application_type_inferred_from_level,,Derived from level 'Professional'
1423,School,school_missing,,School is blank in the source export
1424,Application Type,application_type_inferred_from_level,,Derived from level 'Undergraduate'
1424,School,school_missing,,School is blank in the source export
1424,School,school_missing_undergraduate,,School is blank for an undergraduate application
1429,Loans,large_monetary_value_review,"Reason: housing
Source: med bank
Mortgaged Asset: house
Start Date: 2015-04-08
End Date: 2030-10-31
Total Amount: LBP 568366473
Monthly Payment: LBP 3000000
Remaining Balance: 186358484
Remaining Years: 6 years",loans_total_amount=568366473.0; currency_signal=lbp; currency_guess=lbp
1429,Loans,large_monetary_value_review,"Reason: housing
Source: med bank
Mortgaged Asset: house
Start Date: 2015-04-08
End Date: 2030-10-31
Total Amount: LBP 568366473
Monthly Payment: LBP 3000000
Remaining Balance: 186358484
Remaining Years: 6 years",loans_total_remaining_balance=186358484.0; currency_signal=lbp; currency_guess=lbp
1431,Loans,large_monetary_value_review,"Reason: Housing
Source: Banque De L'habitat
Mortgaged Asset: appartment
Start Date: 2014-08-21
End Date: 2040-08-31
Total Amount: 540,000,000 LBP
Monthly Payment: 2,123,990 LBP
Remaining Balance: 377,731,261 LBP
Remaining Years: 17",loans_total_amount=540000000.0; currency_signal=lbp; currency_guess=lbp
1431,Loans,large_monetary_value_review,"Reason: Housing
Source: Banque De L'habitat
Mortgaged Asset: appartment
Start Date: 2014-08-21
End Date: 2040-08-31
Total Amount: 540,000,000 LBP
Monthly Payment: 2,123,990 LBP
Remaining Balance: 377,731,261 LBP
Remaining Years: 17",loans_total_remaining_balance=377731261.0; currency_signal=lbp; currency_guess=lbp
1435,Application Type,application_type_inferred_from_level,,Derived from level 'Professional'
1435,School,school_missing,,School is blank in the source export
1436,Application Type,application_type_inferred_from_level,,Derived from level 'Undergraduate'
1436,School,school_missing,,School is blank in the source export
1436,School,school_missing_undergraduate,,School is blank for an undergraduate application
1443,Application Type,application_type_inferred_from_level,,Derived from level 'Graduate'
1443,School,school_missing,,School is blank in the source export
1448,Application Type,application_type_inferred_from_level,,Derived from level 'Undergraduate'
1448,School,school_missing,,School is blank in the source export
1448,School,school_missing_undergraduate,,School is blank for an undergraduate application
1450,Application Type,application_type_inferred_from_level,,Derived from level 'Graduate'
1450,School,school_missing,,School is blank in the source export
1459,Application Type,application_type_inferred_from_level,,Derived from level 'Graduate'
1459,School,school_missing,,School is blank in the source export
1463,Loans,likely_lbp_without_currency_marker,"Reason: buy an apartment
Source: مصرف الاسكان
Mortgaged Asset: apartment
Start Date: 2015-02-06
End Date: 2030-02-06
Total Amount: 255,560,000 LP
Monthly Payment: 2,015,723 LP
Remaining Balance: 80,628,920 (estimate number until we recieve the contract)
Remaining Years: 3",loans_total_amount=255560000.0; currency_signal=none; currency_guess=likely_lbp_unmarked
1470,Decision,decision_missing_with_bin_status,,Decision is blank while Bin contains 'committee_early_applications'
1486,Application Type,application_type_inferred_from_level,,Derived from level 'Undergraduate'
1486,School,school_missing,,School is blank in the source export
1486,School,school_missing_undergraduate,,School is blank for an undergraduate application
1488,Decision,decision_missing_with_bin_status,,Decision is blank while Bin contains 'committee_regular'
1489,Decision,decision_missing_with_bin_status,,Decision is blank while Bin contains 'incomplete'
1490,Application Type,application_type_inferred_from_level,,Derived from level 'Graduate'
1490,School,school_missing,,School is blank in the source export
1494,Application Type,application_type_inferred_from_level,,Derived from level 'Graduate'
1494,School,school_missing,,School is blank in the source export
1495,Application Type,application_type_inferred_from_level,,Derived from level 'Professional'
1495,School,school_missing,,School is blank in the source export
1506,Application Type,application_type_inferred_from_level,,Derived from level 'Undergraduate'
1506,School,school_missing,,School is blank in the source export
1506,School,school_missing_undergraduate,,School is blank for an undergraduate application
1507,Application Type,application_type_inferred_from_level,,Derived from level 'Graduate'
1507,School,school_missing,,School is blank in the source export
1508,Application Type,application_type_inferred_from_level,,Derived from level 'Professional'
1508,School,school_missing,,School is blank in the source export
1510,Application Type,application_type_inferred_from_level,,Derived from level 'Undergraduate'
1514,Application Type,application_type_inferred_from_level,,Derived from level 'Undergraduate'
1514,Loans,mixed_currency_signal,"Reason: Housing loan (under law suit)
Source: BLOM BANK
Mortgaged Asset: Apartment in Monteverde
Start Date: 2011-07-07
End Date: 2031-07-07
Total Amount: $204,000
Monthly Payment: $1,582
Remaining Balance: $107,000
Remaining Years: In law suit (attached file) as emaining balance was settled in LBP but rejected by bank",Contains both USD and LBP/L.L. markers
1514,School,school_missing,,School is blank in the source export
1514,School,school_missing_undergraduate,,School is blank for an undergraduate application
1518,Application Type,application_type_inferred_from_level,,Derived from level 'Professional'
1518,School,school_missing,,School is blank in the source export
1520,Application Type,application_type_inferred_from_level,,Derived from level 'Undergraduate'
1522,Application Type,application_type_inferred_from_level,,Derived from level 'Professional'
1522,School,school_missing,,School is blank in the source export
1526,Application Type,application_type_inferred_from_level,,Derived from level 'Graduate'
1526,School,school_missing,,School is blank in the source export
1528,Application Type,application_type_inferred_from_level,,Derived from level 'Undergraduate'
1528,School,school_missing,,School is blank in the source export
1528,School,school_missing_undergraduate,,School is blank for an undergraduate application
1531,Decision,decision_missing_with_bin_status,,Decision is blank while Bin contains 'verification_of_application'
1534,Application Type,application_type_inferred_from_level,,Derived from level 'Undergraduate'
1534,School,school_missing,,School is blank in the source export
1534,School,school_missing_undergraduate,,School is blank for an undergraduate application
1536,Application Type,application_type_inferred_from_level,,Derived from level 'Professional'
1536,School,school_missing,,School is blank in the source export
1537,Application Type,application_type_inferred_from_level,,Derived from level 'Undergraduate'
1537,School,school_missing,,School is blank in the source export
1537,School,school_missing_undergraduate,,School is blank for an undergraduate application
1539,Decision,decision_missing_with_bin_status,,Decision is blank while Bin contains 'incomplete'
1540,Application Type,application_type_inferred_from_level,,Derived from level 'Graduate'
1540,School,school_missing,,School is blank in the source export
1548,Application Type,application_type_inferred_from_level,,Derived from level 'Graduate'
1548,School,school_missing,,School is blank in the source export
1561,Application Type,application_type_inferred_from_level,,Derived from level 'Graduate'
1561,School,school_missing,,School is blank in the source export
1564,Decision,decision_missing_with_bin_status,,Decision is blank while Bin contains 'incomplete'
1567,Loans,large_monetary_value_review,"Reason: Buying a house, large purchase
Source: Bank Audi
Mortgaged Asset: House
Start Date: 2012-12-02
End Date: 2027-11-02
Total Amount: 570,452,000.00LL
Monthly Payment: 4,627,339.64LL
Remaining Balance: 191,490,598.28LL
Remaining Years: 4 years",loans_total_amount=570452000.0; currency_signal=lbp; currency_guess=lbp
1567,Loans,large_monetary_value_review,"Reason: Buying a house, large purchase
Source: Bank Audi
Mortgaged Asset: House
Start Date: 2012-12-02
End Date: 2027-11-02
Total Amount: 570,452,000.00LL
Monthly Payment: 4,627,339.64LL
Remaining Balance: 191,490,598.28LL
Remaining Years: 4 years",loans_total_remaining_balance=191490598.0; currency_signal=lbp; currency_guess=lbp
1573,Application Type,application_type_inferred_from_level,,Derived from level 'Graduate'
1573,School,school_missing,,School is blank in the source export
1576,Application Type,application_type_inferred_from_level,,Derived from level 'Graduate'
1576,School,school_missing,,School is blank in the source export
1578,Application Type,application_type_inferred_from_level,,Derived from level 'Graduate'
1578,School,school_missing,,School is blank in the source export
1583,Application Type,application_type_inferred_from_level,,Derived from level 'Graduate'
1583,School,school_missing,,School is blank in the source export
1588,Decision,decision_missing_with_bin_status,,Decision is blank while Bin contains 'incomplete'
1589,Application Type,application_type_inferred_from_level,,Derived from level 'Graduate'
1589,School,school_missing,,School is blank in the source export
1590,Application Type,application_type_inferred_from_level,,Derived from level 'Undergraduate'
1590,School,school_missing,,School is blank in the source export
1590,School,school_missing_undergraduate,,School is blank for an undergraduate application
1592,Application Type,application_type_inferred_from_level,,Derived from level 'Graduate'
1592,School,school_missing,,School is blank in the source export
1596,Application Type,application_type_inferred_from_level,,Derived from level 'Professional'
1596,School,school_missing,,School is blank in the source export
1600,Decision,decision_missing_with_bin_status,,Decision is blank while Bin contains 'committee_early_applications'
1603,Application Type,application_type_inferred_from_level,,Derived from level 'Professional'
1603,School,school_missing,,School is blank in the source export
1608,Application Type,application_type_inferred_from_level,,Derived from level 'Graduate'
1608,School,school_missing,,School is blank in the source export
1611,Mother Income Document,parent_income_unparsed,NSSF,Could not confidently parse a numeric amount
1611,Mother Income Document,parent_income_needs_review,NSSF,unparsed_text
1622,Application Type,application_type_inferred_from_level,,Derived from level 'Professional'
1622,School,school_missing,,School is blank in the source export
1624,Application Type,application_type_inferred_from_level,,Derived from level 'Graduate'
1624,School,school_missing,,School is blank in the source export
1626,Application Type,application_type_inferred_from_level,,Derived from level 'Professional'
1626,School,school_missing,,School is blank in the source export
1627,Application Type,application_type_inferred_from_level,,Derived from level 'Undergraduate'
1627,School,school_missing,,School is blank in the source export
1627,School,school_missing_undergraduate,,School is blank for an undergraduate application
1628,Application Type,application_type_inferred_from_level,,Derived from level 'Undergraduate'
1631,Application Type,application_type_inferred_from_level,,Derived from level 'Graduate'
1631,School,school_missing,,School is blank in the source export
1633,Application Type,application_type_inferred_from_level,,Derived from level 'Graduate'
1633,School,school_missing,,School is blank in the source export
1635,Application Type,application_type_inferred_from_level,,Derived from level 'Graduate'
1635,School,school_missing,,School is blank in the source export
1641,Decision,decision_missing_with_bin_status,,Decision is blank while Bin contains 'incomplete'
1642,Application Type,application_type_inferred_from_level,,Derived from level 'Graduate'
1642,School,school_missing,,School is blank in the source export
1646,Decision,decision_missing_with_bin_status,,Decision is blank while Bin contains 'awarded_donor_funded_scholarship'
1649,Application Type,application_type_inferred_from_level,,Derived from level 'Graduate'
1649,School,school_missing,,School is blank in the source export
1650,Application Type,application_type_inferred_from_level,,Derived from level 'Undergraduate'
1650,School,school_missing,,School is blank in the source export
1650,School,school_missing_undergraduate,,School is blank for an undergraduate application
1651,Loans,large_monetary_value_review,"Reason: Housing Loan
Source: Banque de L'Habitat
Mortgaged Asset: Apartment
Start Date: 2018-02-10
End Date: 2034-02-10
Total Amount: LBP 525,000,000
Monthly Payment: LBP 4,722,000 including insurance
Remaining Balance: LBP 335,300,000
Remaining Years: 9",loans_total_amount=525000000.0; currency_signal=lbp; currency_guess=lbp
1651,Loans,large_monetary_value_review,"Reason: Housing Loan
Source: Banque de L'Habitat
Mortgaged Asset: Apartment
Start Date: 2018-02-10
End Date: 2034-02-10
Total Amount: LBP 525,000,000
Monthly Payment: LBP 4,722,000 including insurance
Remaining Balance: LBP 335,300,000
Remaining Years: 9",loans_total_remaining_balance=335300000.0; currency_signal=lbp; currency_guess=lbp
1653,Application Type,application_type_inferred_from_level,,Derived from level 'Graduate'
1653,School,school_missing,,School is blank in the source export
1655,Application Type,application_type_inferred_from_level,,Derived from level 'Professional'
1655,School,school_missing,,School is blank in the source export
1658,Application Type,application_type_inferred_from_level,,Derived from level 'Professional'
1658,School,school_missing,,School is blank in the source export
1658,Loans,large_monetary_value_review,"Reason: house loan
Source: bank
Mortgaged Asset: yes (apartment)
Start Date: 2017-04-10
End Date: 2027-05-10
Total Amount: 301000000 LBP
Monthly Payment: 2166667 LBP
Remaining Balance: 39000014 LBP
Remaining Years: 2",loans_total_amount=301000000.0; currency_signal=lbp; currency_guess=lbp
1660,Decision,decision_missing_with_bin_status,,Decision is blank while Bin contains 'incomplete'
1662,Application Type,application_type_inferred_from_level,,Derived from level 'Professional'
1662,School,school_missing,,School is blank in the source export
1663,Application Type,application_type_inferred_from_level,,Derived from level 'Undergraduate'
1663,School,school_missing,,School is blank in the source export
1663,School,school_missing_undergraduate,,School is blank for an undergraduate application
1668,Application Type,application_type_inferred_from_level,,Derived from level 'Professional'
1668,School,school_missing,,School is blank in the source export
1671,Decision,decision_missing_with_bin_status,,Decision is blank while Bin contains 'incomplete'
1679,Application Type,application_type_inferred_from_level,,Derived from level 'Professional'
1679,School,school_missing,,School is blank in the source export
1684,Loans,large_monetary_value_review,"Reason: Housing
Source: Bank Audi or Public Housing Corporation
Mortgaged Asset: Apartment
Start Date: 2015-05-07
End Date: 2029-01-02
Total Amount: 160,000,000 L.L.
Monthly Payment: 952,000 L.L.
Remaining Balance: 22,000,000 L.L.
Remaining Years: We are trying to completely pay the rest of the amount at once, but we are waiting for the approvement from The Public Housing Corporation. We dont own the house untill we get the approvement and pay the rest.",loans_total_amount=160000000.0; currency_signal=lbp; currency_guess=lbp
1688,Application Type,application_type_inferred_from_level,,Derived from level 'Undergraduate'
1688,School,school_missing,,School is blank in the source export
1688,School,school_missing_undergraduate,,School is blank for an undergraduate application
1689,Decision,decision_missing_with_bin_status,,Decision is blank while Bin contains 'incomplete'
1691,Application Type,application_type_inferred_from_level,,Derived from level 'Undergraduate'
1691,School,school_missing,,School is blank in the source export
1691,School,school_missing_undergraduate,,School is blank for an undergraduate application
1695,Loans,loan_balance_exceeds_total_amount,"Reason: Schools/Universities
Source: Qard hassan
Mortgaged Asset: Gold
Start Date: 2024-07-18
End Date: 2026-07-18
Total Amount: 6,980
Monthly Payment: 290
Remaining Balance: 7,560
Remaining Years: 2",Remaining balance exceeds total amount for at least one parsed loan block
1696,Decision,decision_missing_with_bin_status,,Decision is blank while Bin contains 'incomplete'
1697,Application Type,application_type_inferred_from_level,,Derived from level 'Undergraduate'
1697,School,school_missing,,School is blank in the source export
1697,School,school_missing_undergraduate,,School is blank for an undergraduate application
1703,Application Type,application_type_inferred_from_level,,Derived from level 'Undergraduate'
1703,School,school_missing,,School is blank in the source export
1703,School,school_missing_undergraduate,,School is blank for an undergraduate application
1706,Application Type,application_type_inferred_from_level,,Derived from level 'Graduate'
1706,School,school_missing,,School is blank in the source export
1708,Application Type,application_type_inferred_from_level,,Derived from level 'Graduate'
1708,School,school_missing,,School is blank in the source export
1709,Application Type,application_type_inferred_from_level,,Derived from level 'Graduate'
1709,School,school_missing,,School is blank in the source export
1717,Loans,large_monetary_value_review,"Reason: Housing
Source: Public Corporation of Housing
Mortgaged Asset: House
Start Date: 2015-08-10
End Date: 2030-07-10
Total Amount: 240,000,000(LBP)
Monthly Payment: 1,333,333(LBP)
Remaining Balance: 85,662,676(LBP)
Remaining Years: 5",loans_total_amount=240000000.0; currency_signal=lbp; currency_guess=lbp
1720,Application Type,application_type_inferred_from_level,,Derived from level 'Graduate'
1720,School,school_missing,,School is blank in the source export
1723,Application Type,application_type_inferred_from_level,,Derived from level 'Professional'
1723,School,school_missing,,School is blank in the source export
1724,Application Type,application_type_inferred_from_level,,Derived from level 'Graduate'
1724,School,school_missing,,School is blank in the source export
1725,Decision,decision_missing_with_bin_status,,Decision is blank while Bin contains 'incomplete'
1727,Application Type,application_type_inferred_from_level,,Derived from level 'Professional'
1727,School,school_missing,,School is blank in the source export
1728,Application Type,application_type_inferred_from_level,,Derived from level 'Undergraduate'
1728,School,school_missing,,School is blank in the source export
1728,School,school_missing_undergraduate,,School is blank for an undergraduate application
1730,Application Type,application_type_inferred_from_level,,Derived from level 'Graduate'
1730,School,school_missing,,School is blank in the source export
1731,Loans,loan_balance_exceeds_total_amount,"Reason: Car loan Saudi Arabia
Source: Emirates National Dubai Bank Ksa
Mortgaged Asset: Vehicle under auto finance
Start Date: 2024-12-22
End Date: 2029-11-27
Total Amount: 61,732
Monthly Payment: 920.8
Remaining Balance: 70767
Remaining Years: 4",Remaining balance exceeds total amount for at least one parsed loan block
1732,Application Type,application_type_inferred_from_level,,Derived from level 'Graduate'
1732,School,school_missing,,School is blank in the source export
1733,Application Type,application_type_inferred_from_level,,Derived from level 'Undergraduate'
1733,School,school_missing,,School is blank in the source export
1733,School,school_missing_undergraduate,,School is blank for an undergraduate application
1735,Application Type,application_type_inferred_from_level,,Derived from level 'Professional'
1735,School,school_missing,,School is blank in the source export
1742,Application Type,application_type_inferred_from_level,,Derived from level 'Graduate'
1742,School,school_missing,,School is blank in the source export
1745,Application Type,application_type_inferred_from_level,,Derived from level 'Professional'
1745,School,school_missing,,School is blank in the source export
1749,Decision,decision_missing_with_bin_status,,Decision is blank while Bin contains 'incomplete'
1750,Application Type,application_type_inferred_from_level,,Derived from level 'Undergraduate'
1750,School,school_missing,,School is blank in the source export
1750,School,school_missing_undergraduate,,School is blank for an undergraduate application
1756,Application Type,application_type_inferred_from_level,,Derived from level 'Graduate'
1756,School,school_missing,,School is blank in the source export
1758,Application Type,application_type_inferred_from_level,,Derived from level 'Undergraduate'
1758,School,school_missing,,School is blank in the source export
1758,School,school_missing_undergraduate,,School is blank for an undergraduate application
1764,Application Type,application_type_inferred_from_level,,Derived from level 'Graduate'
1764,School,school_missing,,School is blank in the source export
1766,Loans,mixed_currency_signal,"Reason: Housing loan
Source: BLC/المؤسسة العامة للإسكان
Mortgaged Asset: House
Start Date: 2009-11-18
End Date: 2020-11-18
Total Amount: 75,000,000 LBP or 50,000$
Monthly Payment: 525,000 LBP
Remaining Balance: 75,000,000 LBP
Remaining Years: 11 years",Contains both USD and LBP/L.L. markers
1767,Decision,decision_missing_with_bin_status,,Decision is blank while Bin contains 'incomplete'
1769,Application Type,application_type_inferred_from_level,,Derived from level 'Graduate'
1769,School,school_missing,,School is blank in the source export
1774,Application Type,application_type_inferred_from_level,,Derived from level 'Graduate'
1774,School,school_missing,,School is blank in the source export
1775,Application Type,application_type_inferred_from_level,,Derived from level 'Undergraduate'
1775,School,school_missing,,School is blank in the source export
1775,School,school_missing_undergraduate,,School is blank for an undergraduate application
1777,Decision,decision_missing_with_bin_status,,Decision is blank while Bin contains 'incomplete'
1779,Application Type,application_type_inferred_from_level,,Derived from level 'Graduate'
1779,School,school_missing,,School is blank in the source export
1780,Application Type,application_type_inferred_from_level,,Derived from level 'Graduate'
1780,School,school_missing,,School is blank in the source export
1782,Application Type,application_type_inferred_from_level,,Derived from level 'Graduate'
1782,School,school_missing,,School is blank in the source export
1785,Decision,decision_missing_with_bin_status,,Decision is blank while Bin contains 'incomplete'
1786,Application Type,application_type_inferred_from_level,,Derived from level 'Graduate'
1786,School,school_missing,,School is blank in the source export
1788,Decision,decision_missing_with_bin_status,,Decision is blank while Bin contains 'incomplete'
1790,Application Type,application_type_inferred_from_level,,Derived from level 'Graduate'
1790,School,school_missing,,School is blank in the source export
1794,Application Type,application_type_inferred_from_level,,Derived from level 'Undergraduate'
1794,School,school_missing,,School is blank in the source export
1794,School,school_missing_undergraduate,,School is blank for an undergraduate application
1800,Application Type,application_type_inferred_from_level,,Derived from level 'Graduate'
1800,School,school_missing,,School is blank in the source export
1802,Application Type,application_type_inferred_from_level,,Derived from level 'Professional'
1802,School,school_missing,,School is blank in the source export
1803,Application Type,application_type_inferred_from_level,,Derived from level 'Graduate'
1803,School,school_missing,,School is blank in the source export
1806,Application Type,application_type_inferred_from_level,,Derived from level 'Professional'
1806,School,school_missing,,School is blank in the source export
1808,Application Type,application_type_inferred_from_level,,Derived from level 'Graduate'
1808,School,school_missing,,School is blank in the source export
1808,Loans,large_monetary_value_review,"Reason: Car
Source: Army
Mortgaged Asset: Salary
Start Date: 2020-01-01
End Date: 2024-10-01
Total Amount: 16,800,000 LL
Monthly Payment: 375,000 LL
Remaining Balance: 3,188,000 LL
Remaining Years: 4 Months

Reason: Education
Source: BBAC
Mortgaged Asset: House
Start Date: 2019-09-12
End Date: 2027-09-12
Total Amount: 45,000,000 LL
Monthly Payment: 30,000 LL
Remaining Balance: 11,240,000 LL
Remaining Years: 3 Years

Reason: House
Source: BBAC
Mortgaged Asset: house
Start Date: 1999-01-01
End Date: 2026-09-01
Total Amount: 65,000,000 LL
Monthly Payment: 160,000 LL
Remaining Balance: 6,216,000 LL
Remaining Years: 2 Years",loans_total_amount=126800000.0; currency_signal=lbp; currency_guess=lbp
1809,Decision,decision_missing_with_bin_status,,Decision is blank while Bin contains 'incomplete'
1812,Loans,loan_remaining_balance_non_monetary_text,"Reason: Not enough money
Source: Bank
Mortgaged Asset: Apartment
Start Date:
End Date:
Total Amount:
Monthly Payment:
Remaining Balance:
Remaining Years:",Remaining Balance contains duration text instead of a monetary amount
1813,Application Type,application_type_inferred_from_level,,Derived from level 'Graduate'
1813,School,school_missing,,School is blank in the source export
1814,Application Type,application_type_inferred_from_level,,Derived from level 'Professional'
1814,School,school_missing,,School is blank in the source export
1816,Properties,large_monetary_value_review,"Type: Apartment
Info:
Owned shares:
Location: Nabatieh Hasbaiya
Lot, Section, Block Number: 1955
Owned:
Area: 150
Estimated Present Value: 1342500000 /15000$
Mortgaged: No

Type: Apartment
Info:
Owned shares: 2400
Location: Beirut Basta El-Tahta
Lot, Section, Block Number: 773, 16, A
Owned:
Area: 184
Estimated Present Value: 10740000000 /120000$
Mortgaged: No

Type: Apartment
Info:
Owned shares: 1200
Location: South Lebanon Saida
Lot, Section, Block Number: 2436,7,A
Owned:
Area: 154
Estimated Present Value: 2685000000 /30000$
Mortgaged: No

Type: House
Info:
Owned shares: 1200
Location: Nabatieh Nabatieh
Lot, Section, Block Number: 555
Owned:
Area: 200
Estimated Present Value: 13425000000/150000$
Mortgaged: No

Type: Land
Info:
Owned shares: 1200
Location: Nabatieh Nabatieh
Lot, Section, Block Number: 554
Owned:
Area: N/A (not found in ownership deed, around 500 m2)
Estimated Present Value: 1790000000 /20000$
Mortgaged: No
Planted - Income: 0

Type: Land
Info:
Owned shares: 1200
Location: Nabatieh Nabatieh
Lot, Section, Block Number: 556
Owned:
Area: N/A (not found in ownership deed, around 500 m2)
Estimated Present Value: 1790000000 /20000$
Mortgaged: No
Planted - Income: 0",properties_total_estimated_value=15886427500.0; currency_signal=usd; currency_guess=usd
1817,Application Type,application_type_inferred_from_level,,Derived from level 'Professional'
1817,School,school_missing,,School is blank in the source export
1819,Application Type,application_type_inferred_from_level,,Derived from level 'Professional'
1819,School,school_missing,,School is blank in the source export
1821,Application Type,application_type_inferred_from_level,,Derived from level 'Undergraduate'
1823,Decision,decision_missing_with_bin_status,,Decision is blank while Bin contains 'incomplete'
1825,Application Type,application_type_inferred_from_level,,Derived from level 'Professional'
1825,School,school_missing,,School is blank in the source export
1830,Decision,decision_missing_with_bin_status,,Decision is blank while Bin contains 'incomplete'
1842,Application Type,application_type_inferred_from_level,,Derived from level 'Graduate'
1842,School,school_missing,,School is blank in the source export
1843,Application Type,application_type_inferred_from_level,,Derived from level 'Graduate'
1843,School,school_missing,,School is blank in the source export
1844,Application Type,application_type_inferred_from_level,,Derived from level 'Undergraduate'
1844,School,school_missing,,School is blank in the source export
1844,School,school_missing_undergraduate,,School is blank for an undergraduate application
1846,Decision,decision_missing_with_bin_status,,Decision is blank while Bin contains 'incomplete'
1848,Application Type,application_type_inferred_from_level,,Derived from level 'Undergraduate'
1848,School,school_missing,,School is blank in the source export
1848,School,school_missing_undergraduate,,School is blank for an undergraduate application
1853,Application Type,application_type_inferred_from_level,,Derived from level 'Graduate'
1853,School,school_missing,,School is blank in the source export
1854,Loans,large_monetary_value_review,"Reason: Housing Loan
Source: Bank Du Liban
Mortgaged Asset: Apartment
Start Date: 2015-03-11
End Date: 2028-03-11
Total Amount: 235000000 LBP
Monthly Payment: 1817730 LBP
Remaining Balance: 76000000 LBP
Remaining Years: 3",loans_total_amount=235000000.0; currency_signal=lbp; currency_guess=lbp
1860,Application Type,application_type_inferred_from_level,,Derived from level 'Undergraduate'
1860,School,school_missing,,School is blank in the source export
1860,School,school_missing_undergraduate,,School is blank for an undergraduate application
1862,Application Type,application_type_inferred_from_level,,Derived from level 'Graduate'
1862,School,school_missing,,School is blank in the source export
1863,Decision,decision_missing_with_bin_status,,Decision is blank while Bin contains 'incomplete'
1864,Loans,likely_lbp_without_currency_marker,"Reason: Housing
Source: Byblos Bank
Mortgaged Asset: Appartement
Start Date: 2009-01-03
End Date: 2026-08-21
Total Amount: 231412000
Monthly Payment: 1776000
Remaining Balance: 37833000
Remaining Years: 2",loans_total_amount=231412000.0; currency_signal=none; currency_guess=likely_lbp_unmarked
1869,Application Type,application_type_inferred_from_level,,Derived from level 'Graduate'
1869,School,school_missing,,School is blank in the source export
1869,Loans,likely_lbp_without_currency_marker,"Reason: Appartment
Source: Social Housing and Mortgage Finance Fund
Mortgaged Asset: 122,400,000
Start Date: 2010-01-01
End Date: 2040-01-01
Total Amount: 288,000,000
Monthly Payment: 800,000.000
Remaining Balance: 148,800,000
Remaining Years: 15.5",loans_total_amount=288000000.0; currency_signal=none; currency_guess=likely_lbp_unmarked
1869,Loans,likely_lbp_without_currency_marker,"Reason: Appartment
Source: Social Housing and Mortgage Finance Fund
Mortgaged Asset: 122,400,000
Start Date: 2010-01-01
End Date: 2040-01-01
Total Amount: 288,000,000
Monthly Payment: 800,000.000
Remaining Balance: 148,800,000
Remaining Years: 15.5",loans_total_remaining_balance=148800000.0; currency_signal=none; currency_guess=likely_lbp_unmarked
1871,Application Type,application_type_inferred_from_level,,Derived from level 'Graduate'
1871,School,school_missing,,School is blank in the source export
1875,Application Type,application_type_inferred_from_level,,Derived from level 'Professional'
1875,School,school_missing,,School is blank in the source export
1876,Application Type,application_type_inferred_from_level,,Derived from level 'Undergraduate'
1880,Application Type,application_type_inferred_from_level,,Derived from level 'Graduate'
1880,School,school_missing,,School is blank in the source export
1881,Application Type,application_type_inferred_from_level,,Derived from level 'Graduate'
1881,School,school_missing,,School is blank in the source export
1883,Application Type,application_type_inferred_from_level,,Derived from level 'Graduate'
1883,School,school_missing,,School is blank in the source export
1884,Application Type,application_type_inferred_from_level,,Derived from level 'Graduate'
1884,School,school_missing,,School is blank in the source export
1886,Application Type,application_type_inferred_from_level,,Derived from level 'Professional'
1886,School,school_missing,,School is blank in the source export
1887,Application Type,application_type_inferred_from_level,,Derived from level 'Graduate'
1887,School,school_missing,,School is blank in the source export
1892,Application Type,application_type_inferred_from_level,,Derived from level 'Graduate'
1892,School,school_missing,,School is blank in the source export
1895,Application Type,application_type_inferred_from_level,,Derived from level 'Undergraduate'
1897,Loans,large_monetary_value_review,"Reason: current account facility
Source: central bank
Mortgaged Asset: salary
Start Date: 1997-01-01
End Date: 2034-12-01
Total Amount: 740,000,000 LL
Monthly Payment: interest only
Remaining Balance: 740,000,000 LL
Remaining Years: 11

Reason: social aid
Source: central bank
Mortgaged Asset: salary
Start Date: 2019-01-01
End Date: 2029-01-01
Total Amount: 30,000,000 LL
Monthly Payment: 262,000 LL
Remaining Balance: 17,000,000 LL
Remaining Years: 6

Reason: social aid
Source: central bank
Mortgaged Asset: salary
Start Date: 2015-01-01
End Date: 2025-01-01
Total Amount: 25,000,000 LL
Monthly Payment: 210,000 LL
Remaining Balance: 2,000,000 LL
Remaining Years: 2",loans_total_amount=795000000.0; currency_signal=lbp; currency_guess=lbp
1897,Loans,large_monetary_value_review,"Reason: current account facility
Source: central bank
Mortgaged Asset: salary
Start Date: 1997-01-01
End Date: 2034-12-01
Total Amount: 740,000,000 LL
Monthly Payment: interest only
Remaining Balance: 740,000,000 LL
Remaining Years: 11

Reason: social aid
Source: central bank
Mortgaged Asset: salary
Start Date: 2019-01-01
End Date: 2029-01-01
Total Amount: 30,000,000 LL
Monthly Payment: 262,000 LL
Remaining Balance: 17,000,000 LL
Remaining Years: 6

Reason: social aid
Source: central bank
Mortgaged Asset: salary
Start Date: 2015-01-01
End Date: 2025-01-01
Total Amount: 25,000,000 LL
Monthly Payment: 210,000 LL
Remaining Balance: 2,000,000 LL
Remaining Years: 2",loans_total_remaining_balance=759000000.0; currency_signal=lbp; currency_guess=lbp
1898,Application Type,application_type_inferred_from_level,,Derived from level 'Graduate'
1898,School,school_missing,,School is blank in the source export
1900,Application Type,application_type_inferred_from_level,,Derived from level 'Graduate'
1900,School,school_missing,,School is blank in the source export
1901,Application Type,application_type_inferred_from_level,,Derived from level 'Professional'
1901,School,school_missing,,School is blank in the source export
1902,Application Type,application_type_inferred_from_level,,Derived from level 'Graduate'
1902,School,school_missing,,School is blank in the source export
1904,Application Type,application_type_inferred_from_level,,Derived from level 'Graduate'
1904,School,school_missing,,School is blank in the source export
1910,Decision,decision_missing_with_bin_status,,Decision is blank while Bin contains 'incomplete'
1911,Decision,decision_missing_with_bin_status,,Decision is blank while Bin contains 'incomplete'
1912,Application Type,application_type_inferred_from_level,,Derived from level 'Professional'
1912,School,school_missing,,School is blank in the source export
1912,Loans,large_monetary_value_review,"Reason: The loan reason is to buy a house.
Source: BLC Bank
Mortgaged Asset: The house
Start Date: 2008-08-15
End Date: 2028-07-15
Total Amount: 142,000,000 L.L.
Monthly Payment: 916,300 L.L.
Remaining Balance: 29,321,600 L.L.
Remaining Years: 2.6 years (32 months)",loans_total_amount=142000000.0; currency_signal=lbp; currency_guess=lbp
1913,Application Type,application_type_inferred_from_level,,Derived from level 'Professional'
1913,School,school_missing,,School is blank in the source export
1914,Decision,decision_missing_with_bin_status,,Decision is blank while Bin contains 'committee_regular'
1917,Application Type,application_type_inferred_from_level,,Derived from level 'Graduate'
1917,School,school_missing,,School is blank in the source export
1921,Application Type,application_type_inferred_from_level,,Derived from level 'unknown'
1921,School,school_missing,,School is blank in the source export
1922,Application Type,application_type_inferred_from_level,,Derived from level 'Undergraduate'
1922,School,school_missing,,School is blank in the source export
1922,School,school_missing_undergraduate,,School is blank for an undergraduate application
1925,Decision,decision_missing_with_bin_status,,Decision is blank while Bin contains 'incomplete'
1935,Application Type,application_type_inferred_from_level,,Derived from level 'Graduate'
1935,School,school_missing,,School is blank in the source export
1941,Application Type,application_type_inferred_from_level,,Derived from level 'Graduate'
1941,School,school_missing,,School is blank in the source export
1943,Father Work Status,likely_lbp_without_currency_marker,"Status: Employed
Employed In: Public Sector
Position: Controller
Institution or Employer's Name:
Annual Income: 765,780,000
Educational Benefits:
Accomodation:
Commission:
Bonuses:
Other Benefits: 0",father_annual_income_from_work_status=765780000.0; currency_signal=none; currency_guess=likely_lbp_unmarked
1943,Financial Assistants,likely_lbp_without_currency_marker,قطاع عام Yearly 17150000,financial_assistants_total_est_annual_amount=17150000.0; currency_signal=none; currency_guess=likely_lbp_unmarked
1946,Application Type,application_type_inferred_from_level,,Derived from level 'Professional'
1946,School,school_missing,,School is blank in the source export
1948,Application Type,application_type_inferred_from_level,,Derived from level 'Professional'
1948,School,school_missing,,School is blank in the source export
1953,Application Type,application_type_inferred_from_level,,Derived from level 'Graduate'
1953,School,school_missing,,School is blank in the source export
1958,Application Type,application_type_inferred_from_level,,Derived from level 'Graduate'
1958,School,school_missing,,School is blank in the source export
1963,Application Type,application_type_inferred_from_level,,Derived from level 'Undergraduate'
1963,School,school_missing,,School is blank in the source export
1963,School,school_missing_undergraduate,,School is blank for an undergraduate application
1966,Decision,decision_missing_with_bin_status,,Decision is blank while Bin contains 'committee_regular'
1967,Application Type,application_type_inferred_from_level,,Derived from level 'Undergraduate'
1967,School,school_missing,,School is blank in the source export
1967,School,school_missing_undergraduate,,School is blank for an undergraduate application
1968,Application Type,application_type_inferred_from_level,,Derived from level 'Graduate'
1968,School,school_missing,,School is blank in the source export
1969,Decision,decision_missing_with_bin_status,,Decision is blank while Bin contains 'committee_regular'
1970,Application Type,application_type_inferred_from_level,,Derived from level 'Graduate'
1970,School,school_missing,,School is blank in the source export
1971,Decision,decision_missing_with_bin_status,,Decision is blank while Bin contains 'incomplete'
1973,Loans,likely_lbp_without_currency_marker,"Reason: Housing Loan
Source: Iskan Bank
Mortgaged Asset: House
Start Date: 2008-05-30
End Date: 2028-06-30
Total Amount: 155000000
Monthly Payment: 1337587
Remaining Balance: 54841000
Remaining Years: 3 years and 5 months",loans_total_amount=155000000.0; currency_signal=none; currency_guess=likely_lbp_unmarked
1976,Application Type,application_type_inferred_from_level,,Derived from level 'Professional'
1976,School,school_missing,,School is blank in the source export
1977,Application Type,application_type_inferred_from_level,,Derived from level 'Professional'
1977,School,school_missing,,School is blank in the source export
1981,Decision,decision_missing_with_bin_status,,Decision is blank while Bin contains 'incomplete'
1986,Application Type,application_type_inferred_from_level,,Derived from level 'Professional'
1986,School,school_missing,,School is blank in the source export
1992,Application Type,application_type_inferred_from_level,,Derived from level 'Professional'
1992,School,school_missing,,School is blank in the source export
1993,Loans,likely_lbp_without_currency_marker,"Reason: Home loan
Source: Bank
Mortgaged Asset: The home itself
Start Date: 2013-01-01
End Date: 2043-01-01
Total Amount: 270000000
Monthly Payment: 1500000
Remaining Balance: 100000000
Remaining Years: 18",loans_total_amount=270000000.0; currency_signal=none; currency_guess=likely_lbp_unmarked
1993,Loans,likely_lbp_without_currency_marker,"Reason: Home loan
Source: Bank
Mortgaged Asset: The home itself
Start Date: 2013-01-01
End Date: 2043-01-01
Total Amount: 270000000
Monthly Payment: 1500000
Remaining Balance: 100000000
Remaining Years: 18",loans_total_remaining_balance=100000000.0; currency_signal=none; currency_guess=likely_lbp_unmarked
1995,Decision,decision_missing_with_bin_status,,Decision is blank while Bin contains 'incomplete'
2003,Decision,decision_missing_with_bin_status,,Decision is blank while Bin contains 'incomplete'
2009,Loans,likely_lbp_without_currency_marker,"Reason: Housing
Source: Banque De L'habitat
Mortgaged Asset: House
Start Date: 2011-07-26
End Date: 2026-08-05
Total Amount: 179,000,000
Monthly Payment: 1,124,000
Remaining Balance: 19,890,000
Remaining Years: 1 Year and 9 months",loans_total_amount=179000000.0; currency_signal=none; currency_guess=likely_lbp_unmarked
2011,Application Type,application_type_inferred_from_level,,Derived from level 'Professional'
2011,School,school_missing,,School is blank in the source export
2016,Application Type,application_type_inferred_from_level,,Derived from level 'Undergraduate'
2016,School,school_missing,,School is blank in the source export
2016,School,school_missing_undergraduate,,School is blank for an undergraduate application
2023,Application Type,application_type_inferred_from_level,,Derived from level 'Undergraduate'
2023,School,school_missing,,School is blank in the source export
2023,School,school_missing_undergraduate,,School is blank for an undergraduate application
2024,Application Type,application_type_inferred_from_level,,Derived from level 'Graduate'
2024,School,school_missing,,School is blank in the source export
2025,Application Type,application_type_inferred_from_level,,Derived from level 'Graduate'
2025,School,school_missing,,School is blank in the source export
2027,Decision,decision_missing_with_bin_status,,Decision is blank while Bin contains 'student_not_to_be_considered'
2029,Application Type,application_type_inferred_from_level,,Derived from level 'Professional'
2029,School,school_missing,,School is blank in the source export
2032,Application Type,application_type_inferred_from_level,,Derived from level 'Graduate'
2032,School,school_missing,,School is blank in the source export
2035,Decision,decision_missing_with_bin_status,,Decision is blank while Bin contains 'incomplete'
2039,Application Type,application_type_inferred_from_level,,Derived from level 'Undergraduate'
2039,Decision,decision_missing_with_bin_status,,Decision is blank while Bin contains 'awarded_donor_funded_scholarship'
2041,Application Type,application_type_inferred_from_level,,Derived from level 'Graduate'
2041,School,school_missing,,School is blank in the source export
2043,Application Type,application_type_inferred_from_level,,Derived from level 'Undergraduate'
2044,Application Type,application_type_inferred_from_level,,Derived from level 'Graduate'
2044,School,school_missing,,School is blank in the source export
2045,Application Type,application_type_inferred_from_level,,Derived from level 'Graduate'
2045,School,school_missing,,School is blank in the source export
2047,Application Type,application_type_inferred_from_level,,Derived from level 'Undergraduate'
2047,School,school_missing,,School is blank in the source export
2047,School,school_missing_undergraduate,,School is blank for an undergraduate application
2050,Decision,decision_missing_with_bin_status,,Decision is blank while Bin contains 'committee_early_applications'
2052,Application Type,application_type_inferred_from_level,,Derived from level 'Undergraduate'
2053,Application Type,application_type_inferred_from_level,,Derived from level 'Graduate'
2053,School,school_missing,,School is blank in the source export
2060,Decision,decision_missing_with_bin_status,,Decision is blank while Bin contains 'incomplete'
2063,Application Type,application_type_inferred_from_level,,Derived from level 'Graduate'
2063,School,school_missing,,School is blank in the source export
2068,Application Type,application_type_inferred_from_level,,Derived from level 'Undergraduate'
2070,Application Type,application_type_inferred_from_level,,Derived from level 'Graduate'
2070,School,school_missing,,School is blank in the source export
2074,Application Type,application_type_inferred_from_level,,Derived from level 'Professional'
2074,School,school_missing,,School is blank in the source export
2077,Application Type,application_type_inferred_from_level,,Derived from level 'Professional'
2077,School,school_missing,,School is blank in the source export
2079,Application Type,application_type_inferred_from_level,,Derived from level 'Graduate'
2079,School,school_missing,,School is blank in the source export
2080,Application Type,application_type_inferred_from_level,,Derived from level 'Graduate'
2080,School,school_missing,,School is blank in the source export
2084,Financial Assistants,likely_lbp_without_currency_marker,Mother Yearly 4475000000,financial_assistants_total_est_annual_amount=4475000000.0; currency_signal=none; currency_guess=likely_lbp_unmarked
2084,Properties,likely_lbp_without_currency_marker,"Type: Apartment
Info:
Owned shares:
Location: Mount-Lebanon Baabda
Lot, Section, Block Number: B
Owned:
Area: 215 sq.m
Estimated Present Value: 26,850,000,000
Mortgaged: No

Type: House
Info:
Owned shares: 2400
Location: Nabatieh Nabatieh
Lot, Section, Block Number: No block number
Owned:
Area: 150
Estimated Present Value: 8,950,000,000
Mortgaged: No",properties_total_estimated_value=35800000000.0; currency_signal=none; currency_guess=likely_lbp_unmarked
2087,Application Type,application_type_level_mismatch,Early Merit Sophomore,level=Graduate; application_type=Early Merit Sophomore
2091,Application Type,application_type_inferred_from_level,,Derived from level 'Professional'
2091,School,school_missing,,School is blank in the source export
2095,Decision,decision_missing_with_bin_status,,Decision is blank while Bin contains 'incomplete'
2100,Loans,likely_lbp_without_currency_marker,"Reason: Housing Loan
Source: Public Corporation for Housing
Mortgaged Asset: House
Start Date: 2012-07-06
End Date: 2042-07-06
Total Amount: 183,762,811 L.B.P.
Monthly Payment: 510,452 L.B.P.
Remaining Balance: 76,057,348 L.B.P.
Remaining Years: 18",loans_total_amount=183762811.0; currency_signal=none; currency_guess=likely_lbp_unmarked
2103,Decision,decision_missing_with_bin_status,,Decision is blank while Bin contains 'incomplete'
2104,Application Type,application_type_inferred_from_level,,Derived from level 'Professional'
2104,School,school_missing,,School is blank in the source export
2107,Application Type,application_type_inferred_from_level,,Derived from level 'Undergraduate'
2107,School,school_missing,,School is blank in the source export
2107,School,school_missing_undergraduate,,School is blank for an undergraduate application
2112,Application Type,application_type_inferred_from_level,,Derived from level 'Professional'
2112,School,school_missing,,School is blank in the source export
2117,Application Type,application_type_inferred_from_level,,Derived from level 'Graduate'
2117,School,school_missing,,School is blank in the source export
2127,Application Type,application_type_inferred_from_level,,Derived from level 'Graduate'
2127,School,school_missing,,School is blank in the source export
2128,Application Type,application_type_inferred_from_level,,Derived from level 'Graduate'
2128,School,school_missing,,School is blank in the source export
2129,Application Type,application_type_inferred_from_level,,Derived from level 'Graduate'
2129,School,school_missing,,School is blank in the source export
2133,Application Type,application_type_inferred_from_level,,Derived from level 'Professional'
2133,School,school_missing,,School is blank in the source export
2144,Decision,decision_missing_with_bin_status,,Decision is blank while Bin contains 'incomplete'
2145,Application Type,application_type_inferred_from_level,,Derived from level 'Graduate'
2145,School,school_missing,,School is blank in the source export
2148,Application Type,application_type_inferred_from_level,,Derived from level 'Graduate'
2148,School,school_missing,,School is blank in the source export
2158,Application Type,application_type_inferred_from_level,,Derived from level 'Graduate'
2158,School,school_missing,,School is blank in the source export
2160,Application Type,application_type_inferred_from_level,,Derived from level 'Undergraduate'
2160,School,school_missing,,School is blank in the source export
2160,School,school_missing_undergraduate,,School is blank for an undergraduate application
2161,Application Type,application_type_inferred_from_level,,Derived from level 'Undergraduate'
2161,School,school_missing,,School is blank in the source export
2161,School,school_missing_undergraduate,,School is blank for an undergraduate application
2162,Application Type,application_type_inferred_from_level,,Derived from level 'Undergraduate'
2162,School,school_missing,,School is blank in the source export
2162,School,school_missing_undergraduate,,School is blank for an undergraduate application
2167,Application Type,application_type_inferred_from_level,,Derived from level 'Graduate'
2167,School,school_missing,,School is blank in the source export
2173,Application Type,application_type_inferred_from_level,,Derived from level 'Graduate'
2173,School,school_missing,,School is blank in the source export
2174,Application Type,application_type_inferred_from_level,,Derived from level 'Graduate'
2174,School,school_missing,,School is blank in the source export
2176,Application Type,application_type_inferred_from_level,,Derived from level 'Undergraduate'
2177,Application Type,application_type_inferred_from_level,,Derived from level 'Graduate'
2177,School,school_missing,,School is blank in the source export
2180,Application Type,application_type_inferred_from_level,,Derived from level 'Undergraduate'
2180,School,school_missing,,School is blank in the source export
2180,School,school_missing_undergraduate,,School is blank for an undergraduate application
2185,Application Type,application_type_inferred_from_level,,Derived from level 'Graduate'
2185,School,school_missing,,School is blank in the source export
2190,Application Type,application_type_inferred_from_level,,Derived from level 'Undergraduate'
2190,School,school_missing,,School is blank in the source export
2190,School,school_missing_undergraduate,,School is blank for an undergraduate application
2191,Application Type,application_type_inferred_from_level,,Derived from level 'Professional'
2191,School,school_missing,,School is blank in the source export
2194,Application Type,application_type_inferred_from_level,,Derived from level 'Graduate'
2194,School,school_missing,,School is blank in the source export
2196,Application Type,application_type_inferred_from_level,,Derived from level 'Undergraduate'
2196,School,school_missing,,School is blank in the source export
2196,School,school_missing_undergraduate,,School is blank for an undergraduate application
2198,Application Type,application_type_inferred_from_level,,Derived from level 'Undergraduate'
2198,School,school_missing,,School is blank in the source export
2198,School,school_missing_undergraduate,,School is blank for an undergraduate application
2200,Decision,decision_missing_with_bin_status,,Decision is blank while Bin contains 'incomplete'
2205,Father Work Status,likely_lbp_without_currency_marker,"Status: Employed
Employed In: Private Sector
Position: Leading Digital Specialis
Institution or Employer's Name: COWI A/S
Annual Income: 12,181,041
Educational Benefits:
Accomodation: 0
Commission: 0
Bonuses: 0
Other Benefits: 0",father_annual_income_from_work_status=12181041.0; currency_signal=none; currency_guess=likely_lbp_unmarked
2207,Application Type,application_type_inferred_from_level,,Derived from level 'Undergraduate'
2207,School,school_missing,,School is blank in the source export
2207,School,school_missing_undergraduate,,School is blank for an undergraduate application
2208,Properties,likely_lbp_without_currency_marker,"Type: Apartment
Info:
Owned shares:
Location: Beirut Mazraa
Lot, Section, Block Number: 1769/21
Owned:
Area: 411
Estimated Present Value: 66,750,000,000
Mortgaged: No

Type: Apartment
Info:
Owned shares: 2400
Location: Beirut Mazraa
Lot, Section, Block Number: 125/5
Owned:
Area: 207
Estimated Present Value: 44,500,000,000
Mortgaged: No
Rented: 9,600

Type: Business Premises
Info:
Owned shares: 2400
Location: Beirut Mazraa
Lot, Section, Block Number: 1080/8
Owned:
Area: 50
Estimated Present Value: 17,800,000,000
Mortgaged: No

Type: Business Premises
Info:
Owned shares: 2400
Location: Beirut Mazraa
Lot, Section, Block Number: 1080/6
Owned:
Area: 50
Estimated Present Value: 17,800,000,000
Mortgaged: No",properties_total_estimated_value=146850000000.0; currency_signal=none; currency_guess=likely_lbp_unmarked
2218,Application Type,application_type_inferred_from_level,,Derived from level 'Graduate'
2218,School,school_missing,,School is blank in the source export
2220,Application Type,application_type_inferred_from_level,,Derived from level 'Graduate'
2220,School,school_missing,,School is blank in the source export
2221,Application Type,application_type_inferred_from_level,,Derived from level 'Graduate'
2221,School,school_missing,,School is blank in the source export
2223,Application Type,application_type_inferred_from_level,,Derived from level 'Professional'
2223,School,school_missing,,School is blank in the source export
2227,Application Type,application_type_inferred_from_level,,Derived from level 'Professional'
2227,School,school_missing,,School is blank in the source export
2236,Application Type,application_type_inferred_from_level,,Derived from level 'Undergraduate'
2236,School,school_missing,,School is blank in the source export
2236,School,school_missing_undergraduate,,School is blank for an undergraduate application
2238,Mother Income Document,parent_income_unparsed,-,Could not confidently parse a numeric amount
2238,Mother Income Document,parent_income_needs_review,-,unparsed_text
2239,Application Type,application_type_inferred_from_level,,Derived from level 'Undergraduate'
2239,School,school_missing,,School is blank in the source export
2239,School,school_missing_undergraduate,,School is blank for an undergraduate application
2244,Application Type,application_type_inferred_from_level,,Derived from level 'Professional'
2244,School,school_missing,,School is blank in the source export
2245,Application Type,application_type_inferred_from_level,,Derived from level 'Professional'
2245,School,school_missing,,School is blank in the source export
2251,Application Type,application_type_inferred_from_level,,Derived from level 'Graduate'
2251,School,school_missing,,School is blank in the source export
2253,Application Type,application_type_inferred_from_level,,Derived from level 'Professional'
2253,School,school_missing,,School is blank in the source export
2254,Application Type,application_type_inferred_from_level,,Derived from level 'Professional'
2254,School,school_missing,,School is blank in the source export
2256,Application Type,application_type_inferred_from_level,,Derived from level 'Professional'
2256,School,school_missing,,School is blank in the source export
2258,Application Type,application_type_inferred_from_level,,Derived from level 'Professional'
2258,School,school_missing,,School is blank in the source export
2267,Application Type,application_type_inferred_from_level,,Derived from level 'Graduate'
2267,School,school_missing,,School is blank in the source export
2272,Application Type,application_type_inferred_from_level,,Derived from level 'Professional'
2272,School,school_missing,,School is blank in the source export
2284,Application Type,application_type_inferred_from_level,,Derived from level 'Graduate'
2284,School,school_missing,,School is blank in the source export
2288,Application Type,application_type_inferred_from_level,,Derived from level 'Undergraduate'
2291,Application Type,application_type_inferred_from_level,,Derived from level 'Graduate'
2291,School,school_missing,,School is blank in the source export
2293,Application Type,application_type_inferred_from_level,,Derived from level 'Professional'
2293,School,school_missing,,School is blank in the source export
2296,Loans,large_monetary_value_review,"Reason: House mortgage
Source: Bank of Habitat
Mortgaged Asset: House
Start Date: 2015-07-01
End Date: 2033-07-01
Total Amount: 480,000,000 LBP
Monthly Payment: 3,500,000
Remaining Balance: 300,000,000
Remaining Years: 9",loans_total_amount=480000000.0; currency_signal=lbp; currency_guess=lbp
2296,Loans,large_monetary_value_review,"Reason: House mortgage
Source: Bank of Habitat
Mortgaged Asset: House
Start Date: 2015-07-01
End Date: 2033-07-01
Total Amount: 480,000,000 LBP
Monthly Payment: 3,500,000
Remaining Balance: 300,000,000
Remaining Years: 9",loans_total_remaining_balance=300000000.0; currency_signal=lbp; currency_guess=lbp
2298,Application Type,application_type_inferred_from_level,,Derived from level 'Undergraduate'
2298,School,school_missing,,School is blank in the source export
2298,School,school_missing_undergraduate,,School is blank for an undergraduate application
2299,Application Type,application_type_inferred_from_level,,Derived from level 'Graduate'
2299,School,school_missing,,School is blank in the source export
2303,Application Type,application_type_inferred_from_level,,Derived from level 'Undergraduate'
2303,School,school_missing,,School is blank in the source export
2303,School,school_missing_undergraduate,,School is blank for an undergraduate application
2304,Application Type,application_type_inferred_from_level,,Derived from level 'Undergraduate'
2304,School,school_missing,,School is blank in the source export
2304,School,school_missing_undergraduate,,School is blank for an undergraduate application
2306,Loans,mixed_currency_signal,"Reason: Purchasing House
Source: Banque De L'habitat
Mortgaged Asset: House
Start Date: 2014-07-18
End Date: 2044-01-18
Total Amount: LBP 488,000,000
Monthly Payment: LBP 3,200,000
Remaining Balance: LBP 300,000,000
Remaining Years: 19 years

Reason: Staff Loan
Source: Bank Of Beirut SAL
Mortgaged Asset: No
Start Date: 2025-07-15
End Date: 2027-07-15
Total Amount: $5,000
Monthly Payment: $210
Remaining Balance: $4,610
Remaining Years: 2

Reason: Credit Card
Source: Bank Of Beirut
Mortgaged Asset: None
Start Date: 2020-01-01
End Date: 2025-12-31
Total Amount: LBP 90,000,000
Monthly Payment: 5% of the outstanding balance
Remaining Balance: LBP 82,000,000
Remaining Years: 1",Contains both USD and LBP/L.L. markers
2306,Loans,large_monetary_value_review,"Reason: Purchasing House
Source: Banque De L'habitat
Mortgaged Asset: House
Start Date: 2014-07-18
End Date: 2044-01-18
Total Amount: LBP 488,000,000
Monthly Payment: LBP 3,200,000
Remaining Balance: LBP 300,000,000
Remaining Years: 19 years

Reason: Staff Loan
Source: Bank Of Beirut SAL
Mortgaged Asset: No
Start Date: 2025-07-15
End Date: 2027-07-15
Total Amount: $5,000
Monthly Payment: $210
Remaining Balance: $4,610
Remaining Years: 2

Reason: Credit Card
Source: Bank Of Beirut
Mortgaged Asset: None
Start Date: 2020-01-01
End Date: 2025-12-31
Total Amount: LBP 90,000,000
Monthly Payment: 5% of the outstanding balance
Remaining Balance: LBP 82,000,000
Remaining Years: 1",loans_total_amount=578005000.0; currency_signal=mixed; currency_guess=mixed
2306,Loans,large_monetary_value_review,"Reason: Purchasing House
Source: Banque De L'habitat
Mortgaged Asset: House
Start Date: 2014-07-18
End Date: 2044-01-18
Total Amount: LBP 488,000,000
Monthly Payment: LBP 3,200,000
Remaining Balance: LBP 300,000,000
Remaining Years: 19 years

Reason: Staff Loan
Source: Bank Of Beirut SAL
Mortgaged Asset: No
Start Date: 2025-07-15
End Date: 2027-07-15
Total Amount: $5,000
Monthly Payment: $210
Remaining Balance: $4,610
Remaining Years: 2

Reason: Credit Card
Source: Bank Of Beirut
Mortgaged Asset: None
Start Date: 2020-01-01
End Date: 2025-12-31
Total Amount: LBP 90,000,000
Monthly Payment: 5% of the outstanding balance
Remaining Balance: LBP 82,000,000
Remaining Years: 1",loans_total_remaining_balance=382004610.0; currency_signal=mixed; currency_guess=mixed
2314,Loans,loan_balance_exceeds_total_amount,"Reason: education
Source: bank
Mortgaged Asset: none
Start Date: 2024-02-24
End Date: 2027-04-24
Total Amount: $100000
Monthly Payment: $2500
Remaining Balance: $81,000
Remaining Years: 3

Reason: car
Source: bank
Mortgaged Asset: none
Start Date: 2023-10-17
End Date: 2027-09-10
Total Amount: $30,000
Monthly Payment: 550$
Remaining Balance: $85,000
Remaining Years: 3",Remaining balance exceeds total amount for at least one parsed loan block
2315,Application Type,application_type_inferred_from_level,,Derived from level 'Professional'
2315,School,school_missing,,School is blank in the source export
2318,Decision,decision_missing_with_bin_status,,Decision is blank while Bin contains 'incomplete'
2319,Application Type,application_type_inferred_from_level,,Derived from level 'Graduate'
2319,School,school_missing,,School is blank in the source export
2325,Decision,decision_missing_with_bin_status,,Decision is blank while Bin contains 'committee_early_applications'
2327,Application Type,application_type_inferred_from_level,,Derived from level 'Graduate'
2327,School,school_missing,,School is blank in the source export
2329,Decision,decision_missing_with_bin_status,,Decision is blank while Bin contains 'incomplete'
2336,Application Type,application_type_inferred_from_level,,Derived from level 'Professional'
2336,School,school_missing,,School is blank in the source export
2336,Father Income Document,likely_lbp_without_currency_marker,"2,500,000",father_income_document=2500000.0; currency_signal=none; currency_guess=likely_lbp_unmarked
2339,Application Type,application_type_inferred_from_level,,Derived from level 'Graduate'
2339,School,school_missing,,School is blank in the source export
2343,Application Type,application_type_inferred_from_level,,Derived from level 'Undergraduate'
2343,Decision,decision_missing_with_bin_status,,Decision is blank while Bin contains 'awarded_donor_funded_scholarship'
2344,Application Type,application_type_inferred_from_level,,Derived from level 'Undergraduate'
2344,School,school_missing,,School is blank in the source export
2344,School,school_missing_undergraduate,,School is blank for an undergraduate application
2345,Application Type,application_type_inferred_from_level,,Derived from level 'Professional'
2345,School,school_missing,,School is blank in the source export
2346,Decision,decision_missing_with_bin_status,,Decision is blank while Bin contains 'incomplete'
2351,Application Type,application_type_inferred_from_level,,Derived from level 'Undergraduate'
2351,School,school_missing,,School is blank in the source export
2351,School,school_missing_undergraduate,,School is blank for an undergraduate application
2352,Application Type,application_type_inferred_from_level,,Derived from level 'Undergraduate'
2353,Loans,large_monetary_value_review,"Reason: housing loan
Source: Bankmed
Mortgaged Asset: the house
Start Date: 2012-05-10
End Date: 2027-05-10
Total Amount: LBP 900,900,000
Monthly Payment: LBP 5,000,000 + Annual LBP 30,000,000
Remaining Balance: LBP 180,000,000
Remaining Years: 2 years

Reason: buying an office
Source: Banque societe generale
Mortgaged Asset: the office
Start Date: 2016-07-31
End Date: 2031-07-31
Total Amount: LBP 300,000,000
Monthly Payment: LBP 2,500,000
Remaining Balance: LBP 161,000,000
Remaining Years: 6",loans_total_amount=1200900000.0; currency_signal=lbp; currency_guess=lbp
2353,Loans,large_monetary_value_review,"Reason: housing loan
Source: Bankmed
Mortgaged Asset: the house
Start Date: 2012-05-10
End Date: 2027-05-10
Total Amount: LBP 900,900,000
Monthly Payment: LBP 5,000,000 + Annual LBP 30,000,000
Remaining Balance: LBP 180,000,000
Remaining Years: 2 years

Reason: buying an office
Source: Banque societe generale
Mortgaged Asset: the office
Start Date: 2016-07-31
End Date: 2031-07-31
Total Amount: LBP 300,000,000
Monthly Payment: LBP 2,500,000
Remaining Balance: LBP 161,000,000
Remaining Years: 6",loans_total_monthly_payment=7500000.0; currency_signal=lbp; currency_guess=lbp
2353,Loans,large_monetary_value_review,"Reason: housing loan
Source: Bankmed
Mortgaged Asset: the house
Start Date: 2012-05-10
End Date: 2027-05-10
Total Amount: LBP 900,900,000
Monthly Payment: LBP 5,000,000 + Annual LBP 30,000,000
Remaining Balance: LBP 180,000,000
Remaining Years: 2 years

Reason: buying an office
Source: Banque societe generale
Mortgaged Asset: the office
Start Date: 2016-07-31
End Date: 2031-07-31
Total Amount: LBP 300,000,000
Monthly Payment: LBP 2,500,000
Remaining Balance: LBP 161,000,000
Remaining Years: 6",loans_total_remaining_balance=341000000.0; currency_signal=lbp; currency_guess=lbp
2354,Mother Income Document,parent_income_unparsed,missg,Could not confidently parse a numeric amount
2354,Mother Income Document,parent_income_needs_review,missg,unparsed_text
2354,Decision,decision_missing_with_bin_status,,Decision is blank while Bin contains 'incomplete'
2358,Application Type,application_type_inferred_from_level,,Derived from level 'Graduate'
2358,School,school_missing,,School is blank in the source export
2362,Application Type,application_type_inferred_from_level,,Derived from level 'Graduate'
2362,School,school_missing,,School is blank in the source export
2374,Decision,decision_missing_with_bin_status,,Decision is blank while Bin contains 'incomplete'
2381,Decision,decision_missing_with_bin_status,,Decision is blank while Bin contains 'verification_of_application'
2383,Loans,likely_lbp_without_currency_marker,"Reason: Housing Loan
Source: Banque De L'Habitat
Mortgaged Asset: Apartment
Start Date: 2016-03-05
End Date: 2042-03-05
Total Amount: 258000000
Monthly Payment: 1500000
Remaining Balance: 190000000
Remaining Years: 18",loans_total_amount=258000000.0; currency_signal=none; currency_guess=likely_lbp_unmarked
2383,Loans,likely_lbp_without_currency_marker,"Reason: Housing Loan
Source: Banque De L'Habitat
Mortgaged Asset: Apartment
Start Date: 2016-03-05
End Date: 2042-03-05
Total Amount: 258000000
Monthly Payment: 1500000
Remaining Balance: 190000000
Remaining Years: 18",loans_total_remaining_balance=190000000.0; currency_signal=none; currency_guess=likely_lbp_unmarked
2385,Application Type,application_type_inferred_from_level,,Derived from level 'Graduate'
2385,School,school_missing,,School is blank in the source export
2392,Application Type,application_type_inferred_from_level,,Derived from level 'Graduate'
2392,School,school_missing,,School is blank in the source export
2398,Application Type,application_type_inferred_from_level,,Derived from level 'Graduate'
2398,School,school_missing,,School is blank in the source export
2400,Application Type,application_type_inferred_from_level,,Derived from level 'Graduate'
2400,School,school_missing,,School is blank in the source export
2407,Application Type,application_type_inferred_from_level,,Derived from level 'Graduate'
2407,School,school_missing,,School is blank in the source export
2411,Decision,decision_missing_with_bin_status,,Decision is blank while Bin contains 'incomplete'
2414,Application Type,application_type_inferred_from_level,,Derived from level 'Professional'
2414,School,school_missing,,School is blank in the source export
2415,Decision,decision_missing_with_bin_status,,Decision is blank while Bin contains 'incomplete'
2416,Decision,decision_missing_with_bin_status,,Decision is blank while Bin contains 'incomplete'
2417,Application Type,application_type_inferred_from_level,,Derived from level 'Professional'
2417,School,school_missing,,School is blank in the source export
2419,Father Income Document,parent_income_unparsed,"-190,000",Could not confidently parse a numeric amount
2419,Father Income Document,parent_income_needs_review,"-190,000",unparsed_text
2422,Application Type,application_type_inferred_from_level,,Derived from level 'Graduate'
2422,School,school_missing,,School is blank in the source export
2432,Application Type,application_type_inferred_from_level,,Derived from level 'Professional'
2432,Father Income Document,parent_income_unparsed,-40000,Could not confidently parse a numeric amount
2432,Father Income Document,parent_income_needs_review,-40000,unparsed_text
2432,School,school_missing,,School is blank in the source export
2434,Decision,decision_missing_with_bin_status,,Decision is blank while Bin contains 'incomplete'
2436,Application Type,application_type_inferred_from_level,,Derived from level 'Graduate'
2436,School,school_missing,,School is blank in the source export
2438,Application Type,application_type_inferred_from_level,,Derived from level 'Professional'
2438,School,school_missing,,School is blank in the source export
2442,Application Type,application_type_inferred_from_level,,Derived from level 'Undergraduate'
2442,School,school_missing,,School is blank in the source export
2442,School,school_missing_undergraduate,,School is blank for an undergraduate application
2447,Loans,large_monetary_value_review,"Reason: Apartment
Source: SGBL
Mortgaged Asset: Same apartment
Start Date: 2016-03-16
End Date: 2041-01-15
Total Amount: 196,000,000 L.L
Monthly Payment: 700,000 L.L
Remaining Balance: 134,400,000 L.L
Remaining Years: 16",loans_total_amount=196000000.0; currency_signal=lbp; currency_guess=lbp
2447,Loans,large_monetary_value_review,"Reason: Apartment
Source: SGBL
Mortgaged Asset: Same apartment
Start Date: 2016-03-16
End Date: 2041-01-15
Total Amount: 196,000,000 L.L
Monthly Payment: 700,000 L.L
Remaining Balance: 134,400,000 L.L
Remaining Years: 16",loans_total_remaining_balance=134400000.0; currency_signal=lbp; currency_guess=lbp
2455,Application Type,application_type_inferred_from_level,,Derived from level 'Graduate'
2455,School,school_missing,,School is blank in the source export
2464,Application Type,application_type_inferred_from_level,,Derived from level 'Graduate'
2464,School,school_missing,,School is blank in the source export
2468,Application Type,application_type_inferred_from_level,,Derived from level 'Graduate'
2468,School,school_missing,,School is blank in the source export
2469,Application Type,application_type_inferred_from_level,,Derived from level 'Graduate'
2469,School,school_missing,,School is blank in the source export
2474,Decision,decision_missing_with_bin_status,,Decision is blank while Bin contains 'incomplete'
2477,Application Type,application_type_inferred_from_level,,Derived from level 'Undergraduate'
2477,School,school_missing,,School is blank in the source export
2477,School,school_missing_undergraduate,,School is blank for an undergraduate application
2482,Application Type,application_type_inferred_from_level,,Derived from level 'Professional'
2482,School,school_missing,,School is blank in the source export
2483,Loans,mixed_currency_signal,"Reason: Housing loan
Source: Credit libanais sal
Mortgaged Asset: Apartment 1644 block b
Start Date: 2011-10-08
End Date: 2039-10-08
Total Amount: Lbp 300,000,000
Monthly Payment: Lbp 1,755,000
Remaining Balance: Lbp 216,000,000
Remaining Years: 14 years

Reason: Personal
Source: Cfc
Mortgaged Asset: None
Start Date: 2025-06-04
End Date: 2026-12-04
Total Amount: Usd 6000
Monthly Payment: Usd 420
Remaining Balance: Usd 5500
Remaining Years: 1.3",Contains both USD and LBP/L.L. markers
2483,Loans,large_monetary_value_review,"Reason: Housing loan
Source: Credit libanais sal
Mortgaged Asset: Apartment 1644 block b
Start Date: 2011-10-08
End Date: 2039-10-08
Total Amount: Lbp 300,000,000
Monthly Payment: Lbp 1,755,000
Remaining Balance: Lbp 216,000,000
Remaining Years: 14 years

Reason: Personal
Source: Cfc
Mortgaged Asset: None
Start Date: 2025-06-04
End Date: 2026-12-04
Total Amount: Usd 6000
Monthly Payment: Usd 420
Remaining Balance: Usd 5500
Remaining Years: 1.3",loans_total_amount=300006000.0; currency_signal=mixed; currency_guess=mixed
2483,Loans,large_monetary_value_review,"Reason: Housing loan
Source: Credit libanais sal
Mortgaged Asset: Apartment 1644 block b
Start Date: 2011-10-08
End Date: 2039-10-08
Total Amount: Lbp 300,000,000
Monthly Payment: Lbp 1,755,000
Remaining Balance: Lbp 216,000,000
Remaining Years: 14 years

Reason: Personal
Source: Cfc
Mortgaged Asset: None
Start Date: 2025-06-04
End Date: 2026-12-04
Total Amount: Usd 6000
Monthly Payment: Usd 420
Remaining Balance: Usd 5500
Remaining Years: 1.3",loans_total_remaining_balance=216005500.0; currency_signal=mixed; currency_guess=mixed
2485,Application Type,application_type_inferred_from_level,,Derived from level 'Professional'
2485,School,school_missing,,School is blank in the source export
2486,Application Type,application_type_inferred_from_level,,Derived from level 'Undergraduate'
2486,School,school_missing,,School is blank in the source export
2486,School,school_missing_undergraduate,,School is blank for an undergraduate application
2489,Application Type,application_type_inferred_from_level,,Derived from level 'Undergraduate'
2489,School,school_missing,,School is blank in the source export
2489,School,school_missing_undergraduate,,School is blank for an undergraduate application
2492,Application Type,application_type_inferred_from_level,,Derived from level 'Undergraduate'
2492,School,school_missing,,School is blank in the source export
2492,School,school_missing_undergraduate,,School is blank for an undergraduate application
2494,Application Type,application_type_inferred_from_level,,Derived from level 'Professional'
2494,School,school_missing,,School is blank in the source export
2496,Application Type,application_type_inferred_from_level,,Derived from level 'Graduate'
2496,School,school_missing,,School is blank in the source export
2497,Application Type,application_type_inferred_from_level,,Derived from level 'Graduate'
2497,School,school_missing,,School is blank in the source export
2509,Father Income Document,parent_income_unparsed,-32000,Could not confidently parse a numeric amount
2509,Father Income Document,parent_income_needs_review,-32000,unparsed_text
2509,Decision,decision_missing_with_bin_status,,Decision is blank while Bin contains 'committee_regular'
2512,Application Type,application_type_inferred_from_level,,Derived from level 'Undergraduate'
2512,School,school_missing,,School is blank in the source export
2512,School,school_missing_undergraduate,,School is blank for an undergraduate application
2514,Application Type,application_type_inferred_from_level,,Derived from level 'Professional'
2514,School,school_missing,,School is blank in the source export
2515,Application Type,application_type_inferred_from_level,,Derived from level 'Graduate'
2515,School,school_missing,,School is blank in the source export
2517,Application Type,application_type_inferred_from_level,,Derived from level 'Undergraduate'
2517,School,school_missing,,School is blank in the source export
2517,School,school_missing_undergraduate,,School is blank for an undergraduate application
2519,Application Type,application_type_inferred_from_level,,Derived from level 'Professional'
2519,School,school_missing,,School is blank in the source export
2522,Application Type,application_type_inferred_from_level,,Derived from level 'Undergraduate'
2522,School,school_missing,,School is blank in the source export
2522,School,school_missing_undergraduate,,School is blank for an undergraduate application
2524,Application Type,application_type_inferred_from_level,,Derived from level 'Professional'
2524,School,school_missing,,School is blank in the source export
2530,Application Type,application_type_inferred_from_level,,Derived from level 'Graduate'
2530,School,school_missing,,School is blank in the source export
2531,Over and Above - Percentage Awarded,merit_plus_over_and_above_exceeds_50_rule,80,merit_pct=0.0; over_and_above_pct=80.0
2534,Application Type,application_type_inferred_from_level,,Derived from level 'Graduate'
2534,Decision,decision_missing_with_bin_status,,Decision is blank while Bin contains 'awarded_donor_funded_scholarship'
2534,School,school_missing,,School is blank in the source export
2535,Decision,decision_missing_with_bin_status,,Decision is blank while Bin contains 'incomplete'
2539,Decision,decision_missing_with_bin_status,,Decision is blank while Bin contains 'incomplete'
2542,Application Type,application_type_inferred_from_level,,Derived from level 'Undergraduate'
2542,School,school_missing,,School is blank in the source export
2542,School,school_missing_undergraduate,,School is blank for an undergraduate application
2543,Application Type,application_type_inferred_from_level,,Derived from level 'Graduate'
2543,School,school_missing,,School is blank in the source export
2547,Application Type,application_type_inferred_from_level,,Derived from level 'Graduate'
2547,Decision,decision_missing_with_bin_status,,Decision is blank while Bin contains 'committee_graduate'
2547,School,school_missing,,School is blank in the source export
2553,Decision,decision_missing_with_bin_status,,Decision is blank while Bin contains 'incomplete'
2555,Application Type,application_type_inferred_from_level,,Derived from level 'Undergraduate'
2555,School,school_missing,,School is blank in the source export
2555,School,school_missing_undergraduate,,School is blank for an undergraduate application
2558,Application Type,application_type_inferred_from_level,,Derived from level 'Graduate'
2558,School,school_missing,,School is blank in the source export
2560,Decision,decision_missing_with_bin_status,,Decision is blank while Bin contains 'awarded_donor_funded_scholarship'
2567,Application Type,application_type_inferred_from_level,,Derived from level 'Graduate'
2567,School,school_missing,,School is blank in the source export
2568,Father Income Document,parent_income_unparsed,retired,Could not confidently parse a numeric amount
2568,Father Income Document,parent_income_needs_review,retired,unparsed_text
2576,Application Type,application_type_inferred_from_level,,Derived from level 'Professional'
2576,School,school_missing,,School is blank in the source export
2580,Application Type,application_type_inferred_from_level,,Derived from level 'Graduate'
2580,School,school_missing,,School is blank in the source export
2582,Application Type,application_type_inferred_from_level,,Derived from level 'Professional'
2582,School,school_missing,,School is blank in the source export
2582,Father Income Document,likely_lbp_without_currency_marker,2060642,father_income_document=2060642.0; currency_signal=none; currency_guess=likely_lbp_unmarked
2587,Application Type,application_type_inferred_from_level,,Derived from level 'Undergraduate'
2587,School,school_missing,,School is blank in the source export
2587,School,school_missing_undergraduate,,School is blank for an undergraduate application
2591,Decision,decision_missing_with_bin_status,,Decision is blank while Bin contains 'incomplete'
2597,Loans,loan_remaining_balance_non_monetary_text,"Reason: Housing Loan
Source: General Housing Corporation
Mortgaged Asset: A residential apartment on the property 874, section 8, Kfarsaroun real estate area
Start Date: 2011-03-01
End Date:
Total Amount:
Monthly Payment:
Remaining Balance:
Remaining Years:",Remaining Balance contains duration text instead of a monetary amount
2598,Application Type,application_type_inferred_from_level,,Derived from level 'Undergraduate'
2598,School,school_missing,,School is blank in the source export
2598,School,school_missing_undergraduate,,School is blank for an undergraduate application
2604,Loans,large_monetary_value_review,"Reason: Housing
Source: Banque De L'Habitat
Mortgaged Asset: The Appartment
Start Date: 2017-10-20
End Date: 2044-10-20
Total Amount: 186000000 LBP
Monthly Payment: 1131359 LBP
Remaining Balance: 151424000 LBP
Remaining Years: 70",loans_total_amount=186000000.0; currency_signal=lbp; currency_guess=lbp
2604,Loans,large_monetary_value_review,"Reason: Housing
Source: Banque De L'Habitat
Mortgaged Asset: The Appartment
Start Date: 2017-10-20
End Date: 2044-10-20
Total Amount: 186000000 LBP
Monthly Payment: 1131359 LBP
Remaining Balance: 151424000 LBP
Remaining Years: 70",loans_total_remaining_balance=151424000.0; currency_signal=lbp; currency_guess=lbp
2606,Application Type,application_type_inferred_from_level,,Derived from level 'Graduate'
2606,School,school_missing,,School is blank in the source export
2608,Application Type,application_type_inferred_from_level,,Derived from level 'Professional'
2608,School,school_missing,,School is blank in the source export
2610,Application Type,application_type_inferred_from_level,,Derived from level 'Professional'
2610,School,school_missing,,School is blank in the source export
2616,Decision,decision_missing_with_bin_status,,Decision is blank while Bin contains 'incomplete'
2620,Mother Income Document,parent_income_unparsed,NSSF,Could not confidently parse a numeric amount
2620,Mother Income Document,parent_income_needs_review,NSSF,unparsed_text
2623,Application Type,application_type_inferred_from_level,,Derived from level 'Graduate'
2623,School,school_missing,,School is blank in the source export
2632,Application Type,application_type_inferred_from_level,,Derived from level 'Undergraduate'
2632,School,school_missing,,School is blank in the source export
2632,School,school_missing_undergraduate,,School is blank for an undergraduate application
2638,Decision,decision_missing_with_bin_status,,Decision is blank while Bin contains 'incomplete'
2640,Decision,decision_missing_with_bin_status,,Decision is blank while Bin contains 'committee_regular'
2645,Application Type,application_type_inferred_from_level,,Derived from level 'Undergraduate'
2650,Loans,large_monetary_value_review,"Reason: Apartment
Source: Iskan
Mortgaged Asset: Apartment
Start Date: 2002-04-08
End Date: 2026-03-03
Total Amount: 174,303,000 LBP
Monthly Payment: 406000 LBP
Remaining Balance: 6,735,036
Remaining Years: 17 months",loans_total_amount=174303000.0; currency_signal=lbp; currency_guess=lbp
2656,Application Type,application_type_inferred_from_level,,Derived from level 'Graduate'
2656,School,school_missing,,School is blank in the source export
2659,Decision,decision_missing_with_bin_status,,Decision is blank while Bin contains 'committee_early_applications'
2667,Application Type,application_type_inferred_from_level,,Derived from level 'Graduate'
2667,School,school_missing,,School is blank in the source export
2669,Decision,decision_missing_with_bin_status,,Decision is blank while Bin contains 'incomplete'
2672,Decision,decision_missing_with_bin_status,,Decision is blank while Bin contains 'incomplete'
2673,Application Type,application_type_inferred_from_level,,Derived from level 'Graduate'
2673,School,school_missing,,School is blank in the source export
2675,Application Type,application_type_inferred_from_level,,Derived from level 'Undergraduate'
2675,School,school_missing,,School is blank in the source export
2675,School,school_missing_undergraduate,,School is blank for an undergraduate application
2679,Application Type,application_type_inferred_from_level,,Derived from level 'Graduate'
2679,Father Income Document,parent_income_unparsed,NSSF,Could not confidently parse a numeric amount
2679,Mother Income Document,parent_income_unparsed,NSSF,Could not confidently parse a numeric amount
2679,Father Income Document,parent_income_needs_review,NSSF,unparsed_text
2679,Mother Income Document,parent_income_needs_review,NSSF,unparsed_text
2679,School,school_missing,,School is blank in the source export
2688,Application Type,application_type_inferred_from_level,,Derived from level 'Graduate'
2688,School,school_missing,,School is blank in the source export
2690,Application Type,application_type_inferred_from_level,,Derived from level 'Professional'
2690,School,school_missing,,School is blank in the source export
2692,Application Type,application_type_inferred_from_level,,Derived from level 'Graduate'
2692,School,school_missing,,School is blank in the source export
2696,Loans,mixed_currency_signal,"Reason: Car Purchase
Source: Byblos Bank
Mortgaged Asset: Car
Start Date: 2015-09-09
End Date: 2020-09-09
Total Amount: 15 761 $
Monthly Payment: 314 $
Remaining Balance: 7 222 $
Remaining Years: 4

Reason: House Purchase
Source: Public Corporation for Housing through Fransabank
Mortgaged Asset: House
Start Date: 2003-10-24
End Date: 2027-10-24
Total Amount: 58 000 000 LBP
Monthly Payment: 402 778 LBP
Remaining Balance: 47 352 972 LBP
Remaining Years: 4",Contains both USD and LBP/L.L. markers
2698,Over and Above - Percentage Awarded,merit_plus_over_and_above_exceeds_50_rule,15,merit_pct=40.0; over_and_above_pct=15.0
2705,Application Type,application_type_inferred_from_level,,Derived from level 'Graduate'
2705,School,school_missing,,School is blank in the source export
2714,Application Type,application_type_inferred_from_level,,Derived from level 'Professional'
2714,School,school_missing,,School is blank in the source export
2718,Application Type,application_type_inferred_from_level,,Derived from level 'Graduate'
2718,School,school_missing,,School is blank in the source export
2724,School,school_missing,,School is blank in the source export
2724,School,school_missing_undergraduate,,School is blank for an undergraduate application
2726,Application Type,application_type_inferred_from_level,,Derived from level 'Undergraduate'
2726,School,school_missing,,School is blank in the source export
2726,School,school_missing_undergraduate,,School is blank for an undergraduate application
2733,Application Type,application_type_inferred_from_level,,Derived from level 'Professional'
2733,School,school_missing,,School is blank in the source export
2740,Application Type,application_type_inferred_from_level,,Derived from level 'Graduate'
2740,School,school_missing,,School is blank in the source export
2741,Application Type,application_type_inferred_from_level,,Derived from level 'Graduate'
2741,School,school_missing,,School is blank in the source export
2743,Father Work Status,likely_lbp_without_currency_marker,"Status: Employed
Employed In: Private Sector
Position: Business Manager
Institution or Employer's Name: Universal College - Aley
Annual Income: 43,200,000
Educational Benefits:
Accomodation: 0
Commission: 0
Bonuses: 0
Other Benefits: 0",father_annual_income_from_work_status=43200000.0; currency_signal=none; currency_guess=likely_lbp_unmarked
2754,Application Type,application_type_inferred_from_level,,Derived from level 'Undergraduate'
2754,School,school_missing,,School is blank in the source export
2754,School,school_missing_undergraduate,,School is blank for an undergraduate application
2755,Application Type,application_type_inferred_from_level,,Derived from level 'Undergraduate'
2755,School,school_missing,,School is blank in the source export
2755,School,school_missing_undergraduate,,School is blank for an undergraduate application
2756,Mother Income Document,parent_income_unparsed,NSSF,Could not confidently parse a numeric amount
2756,Mother Income Document,parent_income_needs_review,NSSF,unparsed_text
2772,Application Type,application_type_inferred_from_level,,Derived from level 'Undergraduate'
2772,School,school_missing,,School is blank in the source export
2772,School,school_missing_undergraduate,,School is blank for an undergraduate application
2773,Application Type,application_type_inferred_from_level,,Derived from level 'Graduate'
2773,School,school_missing,,School is blank in the source export
2774,Application Type,application_type_inferred_from_level,,Derived from level 'Graduate'
2774,School,school_missing,,School is blank in the source export
2787,Application Type,application_type_inferred_from_level,,Derived from level 'Graduate'
2787,School,school_missing,,School is blank in the source export
2788,Application Type,application_type_inferred_from_level,,Derived from level 'Professional'
2788,School,school_missing,,School is blank in the source export
2789,Decision,decision_missing_with_bin_status,,Decision is blank while Bin contains 'incomplete'
2791,Application Type,application_type_inferred_from_level,,Derived from level 'Professional'
2791,School,school_missing,,School is blank in the source export
2795,Application Type,application_type_inferred_from_level,,Derived from level 'Graduate'
2795,School,school_missing,,School is blank in the source export
2795,Financial Assistants,large_monetary_value_review,"Father is a retired Doctor from the Lebanese University. Yearly 120,000,000 LL",financial_assistants_total_est_annual_amount=120000000.0; currency_signal=lbp; currency_guess=lbp
2798,Application Type,application_type_inferred_from_level,,Derived from level 'Graduate'
2798,School,school_missing,,School is blank in the source export
2806,Application Type,application_type_inferred_from_level,,Derived from level 'Graduate'
2806,School,school_missing,,School is blank in the source export
2808,Application Type,application_type_inferred_from_level,,Derived from level 'Graduate'
2808,School,school_missing,,School is blank in the source export
2810,Application Type,application_type_inferred_from_level,,Derived from level 'Graduate'
2810,School,school_missing,,School is blank in the source export
2812,Application Type,application_type_inferred_from_level,,Derived from level 'Professional'
2812,School,school_missing,,School is blank in the source export
2813,Application Type,application_type_inferred_from_level,,Derived from level 'Professional'
2813,School,school_missing,,School is blank in the source export
2818,Application Type,application_type_inferred_from_level,,Derived from level 'Graduate'
2818,School,school_missing,,School is blank in the source export
2824,Application Type,application_type_inferred_from_level,,Derived from level 'Undergraduate'
2824,School,school_missing,,School is blank in the source export
2824,School,school_missing_undergraduate,,School is blank for an undergraduate application
2825,Application Type,application_type_inferred_from_level,,Derived from level 'Professional'
2825,School,school_missing,,School is blank in the source export
2828,Application Type,application_type_inferred_from_level,,Derived from level 'Undergraduate'
2828,School,school_missing,,School is blank in the source export
2828,School,school_missing_undergraduate,,School is blank for an undergraduate application
2829,Decision,decision_missing_with_bin_status,,Decision is blank while Bin contains 'incomplete'
2830,Application Type,application_type_inferred_from_level,,Derived from level 'Professional'
2830,School,school_missing,,School is blank in the source export
2831,Application Type,application_type_inferred_from_level,,Derived from level 'Graduate'
2831,School,school_missing,,School is blank in the source export
2832,Application Type,application_type_inferred_from_level,,Derived from level 'Undergraduate'
2836,Application Type,application_type_inferred_from_level,,Derived from level 'Undergraduate'
2836,School,school_missing,,School is blank in the source export
2836,School,school_missing_undergraduate,,School is blank for an undergraduate application
2838,Application Type,application_type_inferred_from_level,,Derived from level 'Professional'
2838,School,school_missing,,School is blank in the source export
2842,Application Type,application_type_inferred_from_level,,Derived from level 'Graduate'
2842,School,school_missing,,School is blank in the source export
2842,Loans,loan_balance_exceeds_total_amount,"Reason: House Mortgage
Source: المؤسسة العامة للإسكان
Mortgaged Asset: House
Start Date: 2002-07-30
End Date: 2029-08-01
Total Amount: 33
Monthly Payment: 3
Remaining Balance: 209
Remaining Years: 5",Remaining balance exceeds total amount for at least one parsed loan block
2844,Application Type,application_type_inferred_from_level,,Derived from level 'Professional'
2844,School,school_missing,,School is blank in the source export
2846,Father Income Document,likely_lbp_without_currency_marker,1998248,father_income_document=1998248.0; currency_signal=none; currency_guess=likely_lbp_unmarked
2849,Application Type,application_type_inferred_from_level,,Derived from level 'Professional'
2849,School,school_missing,,School is blank in the source export
2850,Application Type,application_type_inferred_from_level,,Derived from level 'Graduate'
2850,School,school_missing,,School is blank in the source export
2853,Application Type,application_type_inferred_from_level,,Derived from level 'Graduate'
2853,School,school_missing,,School is blank in the source export
2857,Application Type,application_type_inferred_from_level,,Derived from level 'Graduate'
2857,School,school_missing,,School is blank in the source export
2859,Decision,decision_missing_with_bin_status,,Decision is blank while Bin contains 'incomplete'
2860,Decision,decision_missing_with_bin_status,,Decision is blank while Bin contains 'incomplete'
2861,Application Type,application_type_inferred_from_level,,Derived from level 'Professional'
2861,School,school_missing,,School is blank in the source export
2862,Application Type,application_type_inferred_from_level,,Derived from level 'Graduate'
2862,School,school_missing,,School is blank in the source export
2864,Application Type,application_type_inferred_from_level,,Derived from level 'Graduate'
2864,School,school_missing,,School is blank in the source export
2867,Decision,decision_missing_with_bin_status,,Decision is blank while Bin contains 'incomplete'
2870,Application Type,application_type_inferred_from_level,,Derived from level 'Professional'
2870,School,school_missing,,School is blank in the source export
2871,Application Type,application_type_inferred_from_level,,Derived from level 'Professional'
2871,School,school_missing,,School is blank in the source export
2873,Decision,decision_missing_with_bin_status,,Decision is blank while Bin contains 'incomplete'
2877,Decision,decision_missing_with_bin_status,,Decision is blank while Bin contains 'committee_early_applications'
2884,Application Type,application_type_inferred_from_level,,Derived from level 'Graduate'
2884,School,school_missing,,School is blank in the source export
2887,Application Type,application_type_inferred_from_level,,Derived from level 'Graduate'
2887,School,school_missing,,School is blank in the source export
2891,Application Type,application_type_inferred_from_level,,Derived from level 'Professional'
2891,School,school_missing,,School is blank in the source export
2892,Loans,large_monetary_value_review,"Reason: home loan
Source: bank of beirut
Mortgaged Asset: plot # 4622 - 7 Mazraa
Start Date: 2017-04-26
End Date: 2029-04-26
Total Amount: 225000000 lbp
Monthly Payment: 1560000 lbp
Remaining Balance: 122347000 lbp
Remaining Years: 5 years",loans_total_amount=225000000.0; currency_signal=lbp; currency_guess=lbp
2892,Loans,large_monetary_value_review,"Reason: home loan
Source: bank of beirut
Mortgaged Asset: plot # 4622 - 7 Mazraa
Start Date: 2017-04-26
End Date: 2029-04-26
Total Amount: 225000000 lbp
Monthly Payment: 1560000 lbp
Remaining Balance: 122347000 lbp
Remaining Years: 5 years",loans_total_remaining_balance=122347000.0; currency_signal=lbp; currency_guess=lbp
2893,Application Type,application_type_inferred_from_level,,Derived from level 'Graduate'
2893,School,school_missing,,School is blank in the source export
2895,Loans,loan_balance_exceeds_total_amount,"Reason: money deficit
Source: Bank
Mortgaged Asset: no asset
Start Date: 2024-08-27
End Date: 2028-09-12
Total Amount: 24500$
Monthly Payment: 1082$
Remaining Balance: 36788$
Remaining Years: 3

Reason: Shortage of money
Source: Bank
Mortgaged Asset: nothing
Start Date: 2025-09-29
End Date: 2026-08-29
Total Amount: 17300$
Monthly Payment: 1827$
Remaining Balance: 19443
Remaining Years: 1",Remaining balance exceeds total amount for at least one parsed loan block
2895,Loans,loan_balance_exceeds_total_amount,"Reason: money deficit
Source: Bank
Mortgaged Asset: no asset
Start Date: 2024-08-27
End Date: 2028-09-12
Total Amount: 24500$
Monthly Payment: 1082$
Remaining Balance: 36788$
Remaining Years: 3

Reason: Shortage of money
Source: Bank
Mortgaged Asset: nothing
Start Date: 2025-09-29
End Date: 2026-08-29
Total Amount: 17300$
Monthly Payment: 1827$
Remaining Balance: 19443
Remaining Years: 1",Remaining balance exceeds total amount for at least one parsed loan block
2901,Application Type,application_type_inferred_from_level,,Derived from level 'Graduate'
2901,School,school_missing,,School is blank in the source export
2905,Application Type,application_type_inferred_from_level,,Derived from level 'Professional'
2905,School,school_missing,,School is blank in the source export
2906,Application Type,application_type_inferred_from_level,,Derived from level 'Professional'
2906,School,school_missing,,School is blank in the source export
2911,Application Type,application_type_inferred_from_level,,Derived from level 'Graduate'
2911,School,school_missing,,School is blank in the source export
2912,Application Type,application_type_inferred_from_level,,Derived from level 'Professional'
2912,School,school_missing,,School is blank in the source export
2913,Application Type,application_type_inferred_from_level,,Derived from level 'Professional'
2913,School,school_missing,,School is blank in the source export
2919,Application Type,application_type_inferred_from_level,,Derived from level 'Graduate'
2919,School,school_missing,,School is blank in the source export
2920,Decision,decision_missing_with_bin_status,,Decision is blank while Bin contains 'incomplete'
2922,Application Type,application_type_inferred_from_level,,Derived from level 'Professional'
2922,School,school_missing,,School is blank in the source export
2923,Application Type,application_type_inferred_from_level,,Derived from level 'Graduate'
2923,School,school_missing,,School is blank in the source export
2925,Application Type,application_type_inferred_from_level,,Derived from level 'Graduate'
2925,School,school_missing,,School is blank in the source export
2926,Application Type,application_type_inferred_from_level,,Derived from level 'Undergraduate'
2926,School,school_missing,,School is blank in the source export
2926,School,school_missing_undergraduate,,School is blank for an undergraduate application
2927,Application Type,application_type_inferred_from_level,,Derived from level 'Undergraduate'
2927,School,school_missing,,School is blank in the source export
2927,School,school_missing_undergraduate,,School is blank for an undergraduate application
2929,Application Type,application_type_inferred_from_level,,Derived from level 'Undergraduate'
2929,School,school_missing,,School is blank in the source export
2929,School,school_missing_undergraduate,,School is blank for an undergraduate application
2930,Application Type,application_type_inferred_from_level,,Derived from level 'Graduate'
2930,School,school_missing,,School is blank in the source export
2932,Loans,large_monetary_value_review,"Reason: Housing Loan
Source: Central Bank of Lebanon
Mortgaged Asset: Appartment
Start Date: 2005-10-10
End Date: 2030-11-01
Total Amount: 189,562,226 LBP
Monthly Payment: 556,523 LBP
Remaining Balance: 48,511,329 LBP
Remaining Years: 5

Reason: Personal Loan
Source: Central Bank of Lebanon
Mortgaged Asset: None
Start Date: 2017-07-19
End Date: 2027-07-01
Total Amount: 25,000,000 LBP
Monthly Payment: 156,250 LBP
Remaining Balance: 4,455,000
Remaining Years: 2",loans_total_amount=214562226.0; currency_signal=lbp; currency_guess=lbp
2933,Application Type,application_type_inferred_from_level,,Derived from level 'Graduate'
2933,School,school_missing,,School is blank in the source export
2935,Application Type,application_type_inferred_from_level,,Derived from level 'Undergraduate'
2935,School,school_missing,,School is blank in the source export
2935,School,school_missing_undergraduate,,School is blank for an undergraduate application
2940,Application Type,application_type_inferred_from_level,,Derived from level 'Graduate'
2940,School,school_missing,,School is blank in the source export
2941,Loans,mixed_currency_signal,"Reason: University of my sister
Source: Universite saint-josef (usj)
Mortgaged Asset: my sister will pay the loa after graduition
Start Date: 2029-08-01
End Date: 2030-07-01
Total Amount: 59088000LL+2472$
Monthly Payment: 5188000LL+217$
Remaining Balance: 59088000LL+2472$
Remaining Years: 5",Contains both USD and LBP/L.L. markers
2944,Application Type,application_type_inferred_from_level,,Derived from level 'Graduate'
2944,School,school_missing,,School is blank in the source export
2945,Application Type,application_type_level_mismatch,Early Merit Sophomore,level=Professional; application_type=Early Merit Sophomore
2956,Application Type,application_type_inferred_from_level,,Derived from level 'Professional'
2956,School,school_missing,,School is blank in the source export
2965,Application Type,application_type_inferred_from_level,,Derived from level 'Professional'
2968,Application Type,application_type_inferred_from_level,,Derived from level 'Professional'
2968,School,school_missing,,School is blank in the source export
2974,Application Type,application_type_inferred_from_level,,Derived from level 'Undergraduate'
2974,School,school_missing,,School is blank in the source export
2974,School,school_missing_undergraduate,,School is blank for an undergraduate application
2980,Application Type,application_type_inferred_from_level,,Derived from level 'Graduate'
2980,School,school_missing,,School is blank in the source export
2981,Application Type,application_type_inferred_from_level,,Derived from level 'Graduate'
2981,School,school_missing,,School is blank in the source export
2983,Application Type,application_type_inferred_from_level,,Derived from level 'Professional'
2983,School,school_missing,,School is blank in the source export
2985,Application Type,application_type_inferred_from_level,,Derived from level 'Graduate'
2985,School,school_missing,,School is blank in the source export
2990,Decision,decision_missing_with_bin_status,,Decision is blank while Bin contains 'incomplete'
2992,Application Type,application_type_inferred_from_level,,Derived from level 'Graduate'
2992,School,school_missing,,School is blank in the source export
2997,Decision,decision_missing_with_bin_status,,Decision is blank while Bin contains 'incomplete'
3001,Application Type,application_type_inferred_from_level,,Derived from level 'Undergraduate'
3001,School,school_missing,,School is blank in the source export
3001,School,school_missing_undergraduate,,School is blank for an undergraduate application
3002,Application Type,application_type_inferred_from_level,,Derived from level 'Undergraduate'
3004,Application Type,application_type_inferred_from_level,,Derived from level 'Professional'
3004,School,school_missing,,School is blank in the source export
3005,Application Type,application_type_inferred_from_level,,Derived from level 'Professional'
3005,School,school_missing,,School is blank in the source export
3006,Decision,decision_missing_with_bin_status,,Decision is blank while Bin contains 'incomplete'
3008,Application Type,application_type_inferred_from_level,,Derived from level 'Graduate'
3008,School,school_missing,,School is blank in the source export
3009,Application Type,application_type_inferred_from_level,,Derived from level 'Graduate'
3009,School,school_missing,,School is blank in the source export
3013,Loans,large_monetary_value_review,"Reason: Housing loan
Source: Public Corporation for Housing Loans
Mortgaged Asset: Yes
Start Date: 2009-05-01
End Date: 2039-05-01
Total Amount: 175500000 l.l
Monthly Payment: 975000
Remaining Balance: 105,300,000‬
Remaining Years: 16",loans_total_amount=175500000.0; currency_signal=lbp; currency_guess=lbp
3013,Loans,large_monetary_value_review,"Reason: Housing loan
Source: Public Corporation for Housing Loans
Mortgaged Asset: Yes
Start Date: 2009-05-01
End Date: 2039-05-01
Total Amount: 175500000 l.l
Monthly Payment: 975000
Remaining Balance: 105,300,000‬
Remaining Years: 16",loans_total_remaining_balance=105300000.0; currency_signal=lbp; currency_guess=lbp
3018,Application Type,application_type_inferred_from_level,,Derived from level 'Graduate'
3018,School,school_missing,,School is blank in the source export
3019,Application Type,application_type_inferred_from_level,,Derived from level 'Undergraduate'
3024,Application Type,application_type_inferred_from_level,,Derived from level 'Graduate'
3024,School,school_missing,,School is blank in the source export
3027,Application Type,application_type_inferred_from_level,,Derived from level 'Graduate'
3027,School,school_missing,,School is blank in the source export
3030,Application Type,application_type_inferred_from_level,,Derived from level 'Graduate'
3030,School,school_missing,,School is blank in the source export
3043,Application Type,application_type_inferred_from_level,,Derived from level 'Undergraduate'
3043,School,school_missing,,School is blank in the source export
3043,School,school_missing_undergraduate,,School is blank for an undergraduate application
3050,Application Type,application_type_inferred_from_level,,Derived from level 'Graduate'
3050,School,school_missing,,School is blank in the source export
3053,Father Income Document,likely_lbp_without_currency_marker,1570372,father_income_document=1570372.0; currency_signal=none; currency_guess=likely_lbp_unmarked
3058,Application Type,application_type_inferred_from_level,,Derived from level 'Graduate'
3058,School,school_missing,,School is blank in the source export
3059,Decision,decision_missing_with_bin_status,,Decision is blank while Bin contains 'incomplete'
3062,Application Type,application_type_inferred_from_level,,Derived from level 'Undergraduate'
3062,School,school_missing,,School is blank in the source export
3062,School,school_missing_undergraduate,,School is blank for an undergraduate application
3067,Financial Assistants,likely_lbp_without_currency_marker,son monthly 4475000,financial_assistants_total_est_annual_amount=53700000.0; currency_signal=none; currency_guess=likely_lbp_unmarked
3067,Properties,large_monetary_value_review,"Type: Land
Info:
Owned shares:
Location: Baalbek-Hermel Baalbek
Lot, Section, Block Number: 60
Owned:
Area: 1000
Estimated Present Value: 895000000 L.L.
Mortgaged: No

Type: House
Info:
Owned shares: 2400
Location: Baalbek-Hermel Baalbek
Lot, Section, Block Number: 60
Owned:
Area: 212
Estimated Present Value: 2685000000 L.L.
Mortgaged: No",properties_total_estimated_value=3580000000.0; currency_signal=lbp; currency_guess=lbp
3073,Application Type,application_type_inferred_from_level,,Derived from level 'Professional'
3073,School,school_missing,,School is blank in the source export
3076,Over and Above - Percentage Awarded,merit_plus_over_and_above_exceeds_50_rule,45,merit_pct=30.0; over_and_above_pct=45.0
3078,Application Type,application_type_inferred_from_level,,Derived from level 'Graduate'
3078,School,school_missing,,School is blank in the source export
3082,Application Type,application_type_inferred_from_level,,Derived from level 'Graduate'
3082,School,school_missing,,School is blank in the source export
3085,Application Type,application_type_inferred_from_level,,Derived from level 'Undergraduate'
3085,School,school_missing,,School is blank in the source export
3085,School,school_missing_undergraduate,,School is blank for an undergraduate application
3088,Application Type,application_type_inferred_from_level,,Derived from level 'Graduate'
3088,School,school_missing,,School is blank in the source export
3091,Decision,decision_missing_with_bin_status,,Decision is blank while Bin contains 'committee_early_applications'
3096,Application Type,application_type_inferred_from_level,,Derived from level 'Graduate'
3096,School,school_missing,,School is blank in the source export
3097,Application Type,application_type_inferred_from_level,,Derived from level 'Undergraduate'
3097,School,school_missing,,School is blank in the source export
3097,School,school_missing_undergraduate,,School is blank for an undergraduate application
3099,Decision,decision_missing_with_bin_status,,Decision is blank while Bin contains 'incomplete'
3101,Application Type,application_type_inferred_from_level,,Derived from level 'Professional'
3101,School,school_missing,,School is blank in the source export
3106,Application Type,application_type_inferred_from_level,,Derived from level 'Professional'
3106,School,school_missing,,School is blank in the source export
3108,Application Type,application_type_inferred_from_level,,Derived from level 'Graduate'
3108,School,school_missing,,School is blank in the source export
3114,Loans,mixed_currency_signal,"Reason: School Expenses
Source: Al kared al Hasan
Mortgaged Asset: gold jewelery
Start Date: 2024-04-06
End Date: 2025-01-06
Total Amount: 878$
Monthly Payment: 98$
Remaining Balance: 290$
Remaining Years: 1/6

Reason: School Expenses
Source: Al Kared al hasan
Mortgaged Asset: Gold jewelery
Start Date: 2024-09-03
End Date: 2025-07-03
Total Amount: 21,850,000 lbp
Monthly Payment: 2,185,000 lbp
Remaining Balance: 18,665,000 lbp
Remaining Years: 0.67 years (8 months)

Reason: School Expenses
Source: Al Kard Al Hasan
Mortgaged Asset: gold jewelery
Start Date: 2024-09-04
End Date: 2025-09-04
Total Amount: 1,985$
Monthly Payment: 165$
Remaining Balance: 1820$
Remaining Years: 0.83 (10 months)",Contains both USD and LBP/L.L. markers
3116,Application Type,application_type_inferred_from_level,,Derived from level 'Graduate'
3116,School,school_missing,,School is blank in the source export
3121,Loans,large_monetary_value_review,"Reason: قرض إسكاني
Source: المؤسسة العامة للإسكان
Mortgaged Asset: for فرنسبنك
Start Date: 2014-09-18
End Date: 2034-09-18
Total Amount: 211,000,000 L.L
Monthly Payment: 1,172,223
Remaining Balance: 181,000,000 L.L
Remaining Years: 20",loans_total_amount=211000000.0; currency_signal=lbp; currency_guess=lbp
3121,Loans,large_monetary_value_review,"Reason: قرض إسكاني
Source: المؤسسة العامة للإسكان
Mortgaged Asset: for فرنسبنك
Start Date: 2014-09-18
End Date: 2034-09-18
Total Amount: 211,000,000 L.L
Monthly Payment: 1,172,223
Remaining Balance: 181,000,000 L.L
Remaining Years: 20",loans_total_remaining_balance=181000000.0; currency_signal=lbp; currency_guess=lbp
3122,Decision,decision_missing_with_bin_status,,Decision is blank while Bin contains 'incomplete'
3125,Application Type,application_type_inferred_from_level,,Derived from level 'Undergraduate'
3125,School,school_missing,,School is blank in the source export
3125,School,school_missing_undergraduate,,School is blank for an undergraduate application
3128,Loans,loan_balance_exceeds_total_amount,"Reason: Family expenses
Source: General Security
Mortgaged Asset: N/A
Start Date: 2023-09-28
End Date: 2027-09-28
Total Amount: 362
Monthly Payment: 7
Remaining Balance: 22,950,000
Remaining Years: 3",Remaining balance exceeds total amount for at least one parsed loan block
3130,Decision,decision_missing_with_bin_status,,Decision is blank while Bin contains 'committee_early_applications'
